customer_id,recency,frequency,monetary,r_score,f_score,m_score,rfm_score,segment
cust_000001,56,3,742.95,4,4,3,11,Champions
cust_000002,282,2,3658.5099999999998,2,2,4,8,Loyal Customers
cust_000004,484,2,2108.73,1,2,4,7,Potential Loyalists
cust_000005,545,2,141.55,1,2,1,4,Needs Attention
cust_000006,462,1,2149.36,1,1,4,6,Potential Loyalists
cust_000007,316,2,629.55,2,2,3,7,Potential Loyalists
cust_000008,365,1,109.24,2,1,1,4,Needs Attention
cust_000009,5,3,5164.33,4,4,4,12,Champions
cust_000010,324,1,240.54,2,1,1,4,Needs Attention
cust_000011,112,5,1302.2,3,4,3,10,Champions
cust_000012,366,2,1193.55,2,2,3,7,Potential Loyalists
cust_000013,216,1,3427.4,3,1,4,8,Loyal Customers
cust_000014,92,1,205.77,4,1,1,6,Potential Loyalists
cust_000015,474,2,1041.54,1,2,3,6,Potential Loyalists
cust_000016,83,2,146.01,4,2,1,7,Potential Loyalists
cust_000018,97,3,2469.65,3,4,4,11,Champions
cust_000020,668,1,123.96,1,1,1,3,Needs Attention
cust_000021,167,2,170.47,3,2,1,6,Potential Loyalists
cust_000022,188,3,1678.51,3,4,3,10,Champions
cust_000023,664,1,197.14,1,1,1,3,Needs Attention
cust_000024,596,1,170.75,1,1,1,3,Needs Attention
cust_000025,103,2,551.5500000000001,3,2,2,7,Potential Loyalists
cust_000026,302,2,131.20000000000002,2,2,1,5,Needs Attention
cust_000027,236,1,219.0,3,1,1,5,Needs Attention
cust_000028,225,2,2240.1800000000003,3,2,4,9,Loyal Customers
cust_000032,136,1,3689.93,3,1,4,8,Loyal Customers
cust_000033,280,1,188.68,2,1,1,4,Needs Attention
cust_000036,466,1,2563.67,1,1,4,6,Potential Loyalists
cust_000037,357,1,1041.0,2,1,3,6,Potential Loyalists
cust_000038,74,2,118.64,4,2,1,7,Potential Loyalists
cust_000039,279,1,138.39,2,1,1,4,Needs Attention
cust_000040,47,1,616.36,4,1,3,8,Loyal Customers
cust_000043,360,1,273.61,2,1,2,5,Needs Attention
cust_000044,71,1,69.12,4,1,1,6,Potential Loyalists
cust_000045,3,3,2244.62,4,4,4,12,Champions
cust_000048,129,2,521.4,3,2,2,7,Potential Loyalists
cust_000049,499,1,115.49,1,1,1,3,Needs Attention
cust_000051,515,1,1911.74,1,1,4,6,Potential Loyalists
cust_000052,86,1,486.71,4,1,2,7,Potential Loyalists
cust_000053,522,1,1923.59,1,1,4,6,Potential Loyalists
cust_000054,693,1,104.52,1,1,1,3,Needs Attention
cust_000055,91,2,1155.0,4,2,3,9,Loyal Customers
cust_000056,192,3,1879.5100000000002,3,4,4,11,Champions
cust_000058,70,2,1033.1100000000001,4,2,3,9,Loyal Customers
cust_000060,125,3,2296.3199999999997,3,4,4,11,Champions
cust_000061,65,1,78.64,4,1,1,6,Potential Loyalists
cust_000062,587,1,46.84,1,1,1,3,Needs Attention
cust_000063,261,1,66.72,2,1,1,4,Needs Attention
cust_000064,244,3,786.77,2,4,3,9,Loyal Customers
cust_000065,367,2,121.59,2,2,1,5,Needs Attention
cust_000066,55,3,608.69,4,4,3,11,Champions
cust_000067,51,2,559.15,4,2,2,8,Loyal Customers
cust_000068,599,1,2595.1000000000004,1,1,4,6,Potential Loyalists
cust_000069,153,1,631.3000000000001,3,1,3,7,Potential Loyalists
cust_000070,638,1,205.55,1,1,1,3,Needs Attention
cust_000071,80,5,2489.41,4,4,4,12,Champions
cust_000072,10,1,44.46,4,1,1,6,Potential Loyalists
cust_000073,143,1,287.51,3,1,2,6,Potential Loyalists
cust_000074,509,2,1285.46,1,2,3,6,Potential Loyalists
cust_000075,251,2,382.52,2,2,2,6,Potential Loyalists
cust_000076,46,2,657.66,4,2,3,9,Loyal Customers
cust_000077,621,1,108.42,1,1,1,3,Needs Attention
cust_000078,57,3,1977.0400000000002,4,4,4,12,Champions
cust_000079,542,1,449.39,1,1,2,4,Needs Attention
cust_000080,316,2,2954.74,2,2,4,8,Loyal Customers
cust_000081,109,2,583.94,3,2,3,8,Loyal Customers
cust_000082,8,1,832.5799999999999,4,1,3,8,Loyal Customers
cust_000086,685,1,216.16,1,1,1,3,Needs Attention
cust_000087,382,1,234.6,2,1,1,4,Needs Attention
cust_000089,175,3,496.82000000000005,3,4,2,9,Loyal Customers
cust_000090,407,1,103.69,2,1,1,4,Needs Attention
cust_000091,432,1,60.17,1,1,1,3,Needs Attention
cust_000092,284,2,643.8000000000001,2,2,3,7,Potential Loyalists
cust_000093,486,1,137.89,1,1,1,3,Needs Attention
cust_000094,82,1,1113.87,4,1,3,8,Loyal Customers
cust_000095,169,1,135.24,3,1,1,5,Needs Attention
cust_000096,510,1,2318.81,1,1,4,6,Potential Loyalists
cust_000097,58,1,654.94,4,1,3,8,Loyal Customers
cust_000098,203,3,644.42,3,4,3,10,Champions
cust_000100,353,3,857.3399999999999,2,4,3,9,Loyal Customers
cust_000104,23,3,3133.95,4,4,4,12,Champions
cust_000105,42,5,1007.26,4,4,3,11,Champions
cust_000106,353,2,3910.6099999999997,2,2,4,8,Loyal Customers
cust_000107,74,2,568.9,4,2,2,8,Loyal Customers
cust_000108,606,1,312.98,1,1,2,4,Needs Attention
cust_000109,364,1,245.32,2,1,2,5,Needs Attention
cust_000110,643,1,2487.45,1,1,4,6,Potential Loyalists
cust_000112,508,1,102.9,1,1,1,3,Needs Attention
cust_000114,721,1,155.11999999999998,1,1,1,3,Needs Attention
cust_000115,259,1,248.05,2,1,2,5,Needs Attention
cust_000116,378,1,228.78,2,1,1,4,Needs Attention
cust_000117,260,2,676.49,2,2,3,7,Potential Loyalists
cust_000118,686,1,126.36,1,1,1,3,Needs Attention
cust_000120,35,2,569.41,4,2,2,8,Loyal Customers
cust_000122,590,1,249.81,1,1,2,4,Needs Attention
cust_000124,216,2,238.12,3,2,1,6,Potential Loyalists
cust_000125,333,2,2203.52,2,2,4,8,Loyal Customers
cust_000126,269,2,1056.31,2,2,3,7,Potential Loyalists
cust_000128,620,1,306.26000000000005,1,1,2,4,Needs Attention
cust_000129,565,1,224.33,1,1,1,3,Needs Attention
cust_000130,622,1,74.8,1,1,1,3,Needs Attention
cust_000131,497,1,750.5699999999999,1,1,3,5,At Risk (high value)
cust_000132,59,1,243.67,4,1,2,7,Potential Loyalists
cust_000133,392,1,1571.62,2,1,3,6,Potential Loyalists
cust_000136,380,1,110.03,2,1,1,4,Needs Attention
cust_000137,354,1,2677.07,2,1,4,7,Potential Loyalists
cust_000138,266,2,1840.15,2,2,4,8,Loyal Customers
cust_000139,175,1,91.49,3,1,1,5,Needs Attention
cust_000140,292,2,2433.4300000000003,2,2,4,8,Loyal Customers
cust_000141,66,1,1759.56,4,1,3,8,Loyal Customers
cust_000142,417,3,3077.8,2,4,4,10,Champions
cust_000143,78,3,3156.33,4,4,4,12,Champions
cust_000144,693,1,167.21,1,1,1,3,Needs Attention
cust_000145,37,4,4504.780000000001,4,4,4,12,Champions
cust_000146,99,1,2035.55,3,1,4,8,Loyal Customers
cust_000147,539,1,2540.09,1,1,4,6,Potential Loyalists
cust_000148,5,3,3200.39,4,4,4,12,Champions
cust_000151,79,3,516.6600000000001,4,4,2,10,Champions
cust_000152,155,1,68.77,3,1,1,5,Needs Attention
cust_000153,152,3,2393.87,3,4,4,11,Champions
cust_000154,26,3,696.12,4,4,3,11,Champions
cust_000155,348,1,73.00999999999999,2,1,1,4,Needs Attention
cust_000156,159,1,91.47,3,1,1,5,Needs Attention
cust_000158,659,2,2128.33,1,2,4,7,Potential Loyalists
cust_000159,196,1,91.95,3,1,1,5,Needs Attention
cust_000160,207,1,283.65,3,1,2,6,Potential Loyalists
cust_000161,273,2,157.81,2,2,1,5,Needs Attention
cust_000162,310,2,432.34999999999997,2,2,2,6,Potential Loyalists
cust_000163,230,1,748.79,3,1,3,7,Potential Loyalists
cust_000164,335,1,2636.38,2,1,4,7,Potential Loyalists
cust_000165,35,2,406.11,4,2,2,8,Loyal Customers
cust_000166,406,1,983.5,2,1,3,6,Potential Loyalists
cust_000170,466,1,110.21,1,1,1,3,Needs Attention
cust_000171,20,2,195.75,4,2,1,7,Potential Loyalists
cust_000172,485,1,254.25,1,1,2,4,Needs Attention
cust_000173,377,1,2353.09,2,1,4,7,Potential Loyalists
cust_000174,225,2,492.4,3,2,2,7,Potential Loyalists
cust_000175,196,1,282.04,3,1,2,6,Potential Loyalists
cust_000178,190,2,3662.65,3,2,4,9,Loyal Customers
cust_000179,574,2,705.16,1,2,3,6,Potential Loyalists
cust_000182,123,2,3547.86,3,2,4,9,Loyal Customers
cust_000183,23,1,38.5,4,1,1,6,Potential Loyalists
cust_000184,64,1,381.82,4,1,2,7,Potential Loyalists
cust_000185,296,1,176.73000000000002,2,1,1,4,Needs Attention
cust_000186,218,1,347.23,3,1,2,6,Potential Loyalists
cust_000187,112,2,2570.21,3,2,4,9,Loyal Customers
cust_000189,573,1,246.25,1,1,2,4,Needs Attention
cust_000190,2,2,2102.33,4,2,4,10,Champions
cust_000191,43,4,2028.35,4,4,4,12,Champions
cust_000192,73,2,4192.82,4,2,4,10,Champions
cust_000193,139,2,3892.6099999999997,3,2,4,9,Loyal Customers
cust_000194,280,1,189.87,2,1,1,4,Needs Attention
cust_000195,39,2,1442.01,4,2,3,9,Loyal Customers
cust_000197,200,1,89.01,3,1,1,5,Needs Attention
cust_000198,211,1,346.98999999999995,3,1,2,6,Potential Loyalists
cust_000201,450,2,503.59,1,2,2,5,Needs Attention
cust_000202,204,1,68.42,3,1,1,5,Needs Attention
cust_000203,21,2,555.6,4,2,2,8,Loyal Customers
cust_000204,489,2,724.4399999999999,1,2,3,6,Potential Loyalists
cust_000205,535,1,364.71,1,1,2,4,Needs Attention
cust_000206,92,2,356.75,4,2,2,8,Loyal Customers
cust_000207,33,3,1895.4099999999999,4,4,4,12,Champions
cust_000209,239,2,722.32,3,2,3,8,Loyal Customers
cust_000211,55,1,56.74,4,1,1,6,Potential Loyalists
cust_000212,561,1,42.41,1,1,1,3,Needs Attention
cust_000213,565,1,231.28,1,1,1,3,Needs Attention
cust_000214,585,1,1524.33,1,1,3,5,At Risk (high value)
cust_000215,10,2,274.0,4,2,2,8,Loyal Customers
cust_000216,191,1,152.41,3,1,1,5,Needs Attention
cust_000219,198,1,1855.5,3,1,4,8,Loyal Customers
cust_000220,173,1,1943.51,3,1,4,8,Loyal Customers
cust_000223,219,2,3039.07,3,2,4,9,Loyal Customers
cust_000224,76,3,3169.2700000000004,4,4,4,12,Champions
cust_000225,487,2,1102.48,1,2,3,6,Potential Loyalists
cust_000226,32,4,563.85,4,4,2,10,Champions
cust_000227,373,1,2558.87,2,1,4,7,Potential Loyalists
cust_000228,706,1,1314.23,1,1,3,5,At Risk (high value)
cust_000229,173,1,76.58999999999999,3,1,1,5,Needs Attention
cust_000231,622,1,121.59,1,1,1,3,Needs Attention
cust_000232,48,3,350.26,4,4,2,10,Champions
cust_000233,28,3,602.05,4,4,3,11,Champions
cust_000234,124,4,2032.0899999999997,3,4,4,11,Champions
cust_000235,170,2,87.81,3,2,1,6,Potential Loyalists
cust_000236,315,2,264.27,2,2,2,6,Potential Loyalists
cust_000237,65,1,352.58,4,1,2,7,Potential Loyalists
cust_000238,670,2,368.71999999999997,1,2,2,5,Needs Attention
cust_000240,131,1,128.64,3,1,1,5,Needs Attention
cust_000241,1,1,194.16,4,1,1,6,Potential Loyalists
cust_000242,8,2,459.43,4,2,2,8,Loyal Customers
cust_000243,297,1,1187.8200000000002,2,1,3,6,Potential Loyalists
cust_000244,31,5,3702.54,4,4,4,12,Champions
cust_000246,114,4,1327.04,3,4,3,10,Champions
cust_000249,4,3,766.9100000000001,4,4,3,11,Champions
cust_000250,288,2,1697.0800000000002,2,2,3,7,Potential Loyalists
cust_000253,243,1,286.43,2,1,2,5,Needs Attention
cust_000255,18,3,639.11,4,4,3,11,Champions
cust_000256,423,3,732.98,2,4,3,9,Loyal Customers
cust_000258,32,2,3490.4900000000002,4,2,4,10,Champions
cust_000260,355,2,2474.72,2,2,4,8,Loyal Customers
cust_000261,155,1,1166.92,3,1,3,7,Potential Loyalists
cust_000262,20,2,957.5799999999999,4,2,3,9,Loyal Customers
cust_000264,8,3,868.05,4,4,3,11,Champions
cust_000266,104,1,1920.38,3,1,4,8,Loyal Customers
cust_000267,61,1,204.45,4,1,1,6,Potential Loyalists
cust_000268,713,1,125.55,1,1,1,3,Needs Attention
cust_000269,15,2,1598.1100000000001,4,2,3,9,Loyal Customers
cust_000270,98,4,3593.99,3,4,4,11,Champions
cust_000271,55,4,2503.63,4,4,4,12,Champions
cust_000272,272,1,453.39,2,1,2,5,Needs Attention
cust_000275,586,1,2590.19,1,1,4,6,Potential Loyalists
cust_000276,39,2,322.39,4,2,2,8,Loyal Customers
cust_000277,61,5,2867.33,4,4,4,12,Champions
cust_000278,492,1,1114.06,1,1,3,5,At Risk (high value)
cust_000279,75,2,5831.41,4,2,4,10,Champions
cust_000281,623,1,326.97,1,1,2,4,Needs Attention
cust_000282,168,2,1973.72,3,2,4,9,Loyal Customers
cust_000283,628,1,1402.45,1,1,3,5,At Risk (high value)
cust_000285,252,2,972.8399999999999,2,2,3,7,Potential Loyalists
cust_000287,161,2,404.17,3,2,2,7,Potential Loyalists
cust_000288,15,1,1327.63,4,1,3,8,Loyal Customers
cust_000289,163,1,416.3,3,1,2,6,Potential Loyalists
cust_000292,189,3,738.78,3,4,3,10,Champions
cust_000294,83,4,2982.4300000000003,4,4,4,12,Champions
cust_000295,680,1,50.13,1,1,1,3,Needs Attention
cust_000296,250,2,336.28,2,2,2,6,Potential Loyalists
cust_000297,404,1,43.41,2,1,1,4,Needs Attention
cust_000298,32,2,2399.79,4,2,4,10,Champions
cust_000299,367,1,218.42,2,1,1,4,Needs Attention
cust_000300,416,1,45.55,2,1,1,4,Needs Attention
cust_000301,17,3,3854.7799999999997,4,4,4,12,Champions
cust_000302,529,2,2356.41,1,2,4,7,Potential Loyalists
cust_000303,83,2,2319.9700000000003,4,2,4,10,Champions
cust_000305,50,1,31.35,4,1,1,6,Potential Loyalists
cust_000306,84,3,2153.71,4,4,4,12,Champions
cust_000307,148,3,1763.11,3,4,4,11,Champions
cust_000308,431,1,532.66,2,1,2,5,Needs Attention
cust_000309,416,2,2028.1999999999998,2,2,4,8,Loyal Customers
cust_000310,167,1,1583.32,3,1,3,7,Potential Loyalists
cust_000312,661,1,195.72000000000003,1,1,1,3,Needs Attention
cust_000314,144,2,248.47000000000003,3,2,2,7,Potential Loyalists
cust_000317,91,2,473.77,4,2,2,8,Loyal Customers
cust_000318,567,2,100.56,1,2,1,4,Needs Attention
cust_000319,612,1,104.12,1,1,1,3,Needs Attention
cust_000320,349,2,2119.38,2,2,4,8,Loyal Customers
cust_000321,69,1,3136.41,4,1,4,9,Loyal Customers
cust_000324,265,3,279.81,2,4,2,8,Loyal Customers
cust_000325,379,3,4253.63,2,4,4,10,Champions
cust_000328,401,2,458.71000000000004,2,2,2,6,Potential Loyalists
cust_000329,165,5,3991.77,3,4,4,11,Champions
cust_000330,289,1,182.56,2,1,1,4,Needs Attention
cust_000331,15,3,1151.9,4,4,3,11,Champions
cust_000333,604,1,158.74,1,1,1,3,Needs Attention
cust_000336,28,2,927.99,4,2,3,9,Loyal Customers
cust_000337,674,1,23.700000000000003,1,1,1,3,Needs Attention
cust_000338,20,1,2779.6400000000003,4,1,4,9,Loyal Customers
cust_000340,458,5,4593.13,1,4,4,9,Loyal Customers
cust_000341,638,1,102.96,1,1,1,3,Needs Attention
cust_000342,229,1,244.7,3,1,2,6,Potential Loyalists
cust_000343,134,2,550.53,3,2,2,7,Potential Loyalists
cust_000345,665,1,1285.48,1,1,3,5,At Risk (high value)
cust_000347,301,1,1851.6,2,1,4,7,Potential Loyalists
cust_000348,365,2,295.12,2,2,2,6,Potential Loyalists
cust_000349,13,1,1144.86,4,1,3,8,Loyal Customers
cust_000350,96,1,45.49,4,1,1,6,Potential Loyalists
cust_000352,1,3,210.87,4,4,1,9,Loyal Customers
cust_000354,2,3,642.7,4,4,3,11,Champions
cust_000355,26,1,251.53,4,1,2,7,Potential Loyalists
cust_000356,294,2,610.9699999999999,2,2,3,7,Potential Loyalists
cust_000358,5,3,555.19,4,4,2,10,Champions
cust_000359,432,1,52.72,1,1,1,3,Needs Attention
cust_000362,65,2,2183.21,4,2,4,10,Champions
cust_000363,382,1,920.51,2,1,3,6,Potential Loyalists
cust_000364,30,5,867.75,4,4,3,11,Champions
cust_000365,396,2,1627.16,2,2,3,7,Potential Loyalists
cust_000368,585,1,184.65,1,1,1,3,Needs Attention
cust_000369,258,1,504.0,2,1,2,5,Needs Attention
cust_000370,132,2,775.77,3,2,3,8,Loyal Customers
cust_000371,309,2,1938.89,2,2,4,8,Loyal Customers
cust_000372,366,2,401.13,2,2,2,6,Potential Loyalists
cust_000374,273,1,110.24,2,1,1,4,Needs Attention
cust_000375,174,2,2568.95,3,2,4,9,Loyal Customers
cust_000376,623,1,168.75,1,1,1,3,Needs Attention
cust_000378,128,2,2203.52,3,2,4,9,Loyal Customers
cust_000382,10,3,779.4100000000001,4,4,3,11,Champions
cust_000383,515,1,338.95,1,1,2,4,Needs Attention
cust_000384,483,1,238.06,1,1,1,3,Needs Attention
cust_000386,20,4,2130.46,4,4,4,12,Champions
cust_000388,220,1,70.31,3,1,1,5,Needs Attention
cust_000389,476,1,165.31,1,1,1,3,Needs Attention
cust_000390,168,3,1934.1499999999999,3,4,4,11,Champions
cust_000391,92,2,693.54,4,2,3,9,Loyal Customers
cust_000392,53,3,2123.86,4,4,4,12,Champions
cust_000393,148,1,487.86,3,1,2,6,Potential Loyalists
cust_000394,84,1,363.21,4,1,2,7,Potential Loyalists
cust_000395,36,3,807.4200000000001,4,4,3,11,Champions
cust_000397,381,1,1145.1,2,1,3,6,Potential Loyalists
cust_000400,318,2,447.33000000000004,2,2,2,6,Potential Loyalists
cust_000402,587,1,25.76,1,1,1,3,Needs Attention
cust_000403,283,1,272.40000000000003,2,1,2,5,Needs Attention
cust_000404,21,4,4886.59,4,4,4,12,Champions
cust_000405,244,2,694.07,2,2,3,7,Potential Loyalists
cust_000406,15,3,947.11,4,4,3,11,Champions
cust_000412,636,1,1392.78,1,1,3,5,At Risk (high value)
cust_000414,614,1,84.24000000000001,1,1,1,3,Needs Attention
cust_000415,538,1,227.24,1,1,1,3,Needs Attention
cust_000416,150,1,2434.89,3,1,4,8,Loyal Customers
cust_000417,136,1,36.59,3,1,1,5,Needs Attention
cust_000418,602,1,1408.8000000000002,1,1,3,5,At Risk (high value)
cust_000419,423,3,1098.4099999999999,2,4,3,9,Loyal Customers
cust_000421,276,2,535.01,2,2,2,6,Potential Loyalists
cust_000422,452,1,1355.7,1,1,3,5,At Risk (high value)
cust_000423,698,1,228.88,1,1,1,3,Needs Attention
cust_000427,265,1,101.82,2,1,1,4,Needs Attention
cust_000430,564,1,1665.8200000000002,1,1,3,5,At Risk (high value)
cust_000432,435,1,112.81,1,1,1,3,Needs Attention
cust_000434,655,1,267.06,1,1,2,4,Needs Attention
cust_000435,613,1,141.76999999999998,1,1,1,3,Needs Attention
cust_000436,254,2,251.57,2,2,2,6,Potential Loyalists
cust_000437,78,3,3044.4399999999996,4,4,4,12,Champions
cust_000440,110,2,373.53,3,2,2,7,Potential Loyalists
cust_000441,15,2,809.1299999999999,4,2,3,9,Loyal Customers
cust_000442,475,2,1892.8500000000001,1,2,4,7,Potential Loyalists
cust_000443,429,1,2621.38,2,1,4,7,Potential Loyalists
cust_000444,16,1,379.62,4,1,2,7,Potential Loyalists
cust_000445,112,1,92.0,3,1,1,5,Needs Attention
cust_000446,12,4,1077.73,4,4,3,11,Champions
cust_000448,117,2,552.37,3,2,2,7,Potential Loyalists
cust_000451,297,1,2657.65,2,1,4,7,Potential Loyalists
cust_000452,244,2,189.79999999999998,2,2,1,5,Needs Attention
cust_000453,670,1,115.66,1,1,1,3,Needs Attention
cust_000454,339,1,305.18,2,1,2,5,Needs Attention
cust_000455,101,1,81.94,3,1,1,5,Needs Attention
cust_000456,318,1,29.43,2,1,1,4,Needs Attention
cust_000458,559,1,1244.7,1,1,3,5,At Risk (high value)
cust_000459,60,1,3034.95,4,1,4,9,Loyal Customers
cust_000461,457,1,109.43,1,1,1,3,Needs Attention
cust_000462,383,1,48.68,2,1,1,4,Needs Attention
cust_000463,75,1,1146.44,4,1,3,8,Loyal Customers
cust_000464,369,3,276.36,2,4,2,8,Loyal Customers
cust_000465,252,1,229.12,2,1,1,4,Needs Attention
cust_000466,220,1,33.04,3,1,1,5,Needs Attention
cust_000470,545,1,2474.11,1,1,4,6,Potential Loyalists
cust_000471,702,1,264.83,1,1,2,4,Needs Attention
cust_000473,131,1,376.11,3,1,2,6,Potential Loyalists
cust_000475,8,2,480.89000000000004,4,2,2,8,Loyal Customers
cust_000477,436,1,201.36,1,1,1,3,Needs Attention
cust_000478,400,1,125.12,2,1,1,4,Needs Attention
cust_000479,146,1,302.28,3,1,2,6,Potential Loyalists
cust_000480,467,1,189.87,1,1,1,3,Needs Attention
cust_000481,648,2,1807.3500000000001,1,2,4,7,Potential Loyalists
cust_000482,718,1,39.4,1,1,1,3,Needs Attention
cust_000486,680,1,1689.45,1,1,3,5,At Risk (high value)
cust_000488,109,1,57.12,3,1,1,5,Needs Attention
cust_000489,144,3,2135.12,3,4,4,11,Champions
cust_000490,48,2,364.16999999999996,4,2,2,8,Loyal Customers
cust_000492,5,2,854.3299999999999,4,2,3,9,Loyal Customers
cust_000493,64,2,243.2,4,2,2,8,Loyal Customers
cust_000494,391,3,3789.61,2,4,4,10,Champions
cust_000495,41,2,773.88,4,2,3,9,Loyal Customers
cust_000496,26,3,4994.32,4,4,4,12,Champions
cust_000497,284,2,638.01,2,2,3,7,Potential Loyalists
cust_000498,126,1,229.43,3,1,1,5,Needs Attention
cust_000500,496,2,799.99,1,2,3,6,Potential Loyalists
cust_000501,105,1,1869.34,3,1,4,8,Loyal Customers
cust_000502,418,2,514.39,2,2,2,6,Potential Loyalists
cust_000504,217,3,1936.89,3,4,4,11,Champions
cust_000506,218,2,2252.04,3,2,4,9,Loyal Customers
cust_000507,402,2,1973.9199999999998,2,2,4,8,Loyal Customers
cust_000508,29,3,3353.09,4,4,4,12,Champions
cust_000510,92,1,199.66,4,1,1,6,Potential Loyalists
cust_000512,83,2,2190.2799999999997,4,2,4,10,Champions
cust_000514,303,2,428.78999999999996,2,2,2,6,Potential Loyalists
cust_000515,237,1,319.4,3,1,2,6,Potential Loyalists
cust_000517,172,1,49.370000000000005,3,1,1,5,Needs Attention
cust_000519,670,1,1111.77,1,1,3,5,At Risk (high value)
cust_000521,127,3,2496.78,3,4,4,11,Champions
cust_000522,431,1,296.23,2,1,2,5,Needs Attention
cust_000523,174,2,282.57,3,2,2,7,Potential Loyalists
cust_000524,415,1,406.19,2,1,2,5,Needs Attention
cust_000525,413,2,523.8,2,2,2,6,Potential Loyalists
cust_000526,22,3,2699.74,4,4,4,12,Champions
cust_000527,568,1,172.25,1,1,1,3,Needs Attention
cust_000528,563,1,1554.14,1,1,3,5,At Risk (high value)
cust_000529,18,2,205.88,4,2,1,7,Potential Loyalists
cust_000530,177,1,154.57000000000002,3,1,1,5,Needs Attention
cust_000531,286,1,101.7,2,1,1,4,Needs Attention
cust_000532,225,1,75.26,3,1,1,5,Needs Attention
cust_000534,332,2,492.92,2,2,2,6,Potential Loyalists
cust_000536,497,2,1015.78,1,2,3,6,Potential Loyalists
cust_000537,91,3,2301.96,4,4,4,12,Champions
cust_000539,107,3,3765.83,3,4,4,11,Champions
cust_000540,298,3,2686.33,2,4,4,10,Champions
cust_000541,333,2,725.47,2,2,3,7,Potential Loyalists
cust_000543,23,1,466.79,4,1,2,7,Potential Loyalists
cust_000544,228,2,3675.64,3,2,4,9,Loyal Customers
cust_000545,9,3,4116.02,4,4,4,12,Champions
cust_000546,712,1,90.76,1,1,1,3,Needs Attention
cust_000547,133,1,53.09,3,1,1,5,Needs Attention
cust_000548,35,2,692.63,4,2,3,9,Loyal Customers
cust_000550,416,1,2758.75,2,1,4,7,Potential Loyalists
cust_000551,46,1,233.96,4,1,1,6,Potential Loyalists
cust_000552,439,1,89.14999999999999,1,1,1,3,Needs Attention
cust_000555,144,2,402.17,3,2,2,7,Potential Loyalists
cust_000556,122,5,977.29,3,4,3,10,Champions
cust_000557,66,3,1074.54,4,4,3,11,Champions
cust_000559,389,4,2832.6,2,4,4,10,Champions
cust_000560,124,3,3325.16,3,4,4,11,Champions
cust_000561,629,2,97.55,1,2,1,4,Needs Attention
cust_000562,81,2,1437.46,4,2,3,9,Loyal Customers
cust_000564,389,2,630.7,2,2,3,7,Potential Loyalists
cust_000565,336,4,5846.33,2,4,4,10,Champions
cust_000567,72,1,230.85,4,1,1,6,Potential Loyalists
cust_000568,262,1,353.06,2,1,2,5,Needs Attention
cust_000569,27,2,3488.9700000000003,4,2,4,10,Champions
cust_000570,113,1,398.13,3,1,2,6,Potential Loyalists
cust_000571,57,3,3635.9800000000005,4,4,4,12,Champions
cust_000572,7,4,3303.3,4,4,4,12,Champions
cust_000573,173,1,35.57,3,1,1,5,Needs Attention
cust_000574,63,4,2968.2000000000003,4,4,4,12,Champions
cust_000575,669,1,81.0,1,1,1,3,Needs Attention
cust_000577,144,1,90.58,3,1,1,5,Needs Attention
cust_000579,107,1,214.83,3,1,1,5,Needs Attention
cust_000580,23,2,969.3199999999999,4,2,3,9,Loyal Customers
cust_000581,255,3,1440.0800000000002,2,4,3,9,Loyal Customers
cust_000582,210,1,1547.6,3,1,3,7,Potential Loyalists
cust_000583,100,2,4077.13,3,2,4,9,Loyal Customers
cust_000584,67,1,322.82000000000005,4,1,2,7,Potential Loyalists
cust_000585,569,1,327.66,1,1,2,4,Needs Attention
cust_000587,284,1,1482.32,2,1,3,6,Potential Loyalists
cust_000588,53,2,2341.9100000000003,4,2,4,10,Champions
cust_000589,119,2,262.26,3,2,2,7,Potential Loyalists
cust_000590,513,1,1786.71,1,1,4,6,Potential Loyalists
cust_000591,128,2,3346.1200000000003,3,2,4,9,Loyal Customers
cust_000593,29,3,309.07,4,4,2,10,Champions
cust_000594,306,2,250.76,2,2,2,6,Potential Loyalists
cust_000595,441,2,399.97,1,2,2,5,Needs Attention
cust_000596,134,3,280.8,3,4,2,9,Loyal Customers
cust_000597,53,4,1630.4700000000003,4,4,3,11,Champions
cust_000598,296,1,43.17,2,1,1,4,Needs Attention
cust_000599,432,1,269.40000000000003,1,1,2,4,Needs Attention
cust_000600,216,3,1686.59,3,4,3,10,Champions
cust_000602,372,2,668.8199999999999,2,2,3,7,Potential Loyalists
cust_000603,266,1,132.32,2,1,1,4,Needs Attention
cust_000604,244,2,281.23,2,2,2,6,Potential Loyalists
cust_000605,297,1,61.89,2,1,1,4,Needs Attention
cust_000606,41,1,2222.6000000000004,4,1,4,9,Loyal Customers
cust_000607,198,2,2046.1800000000003,3,2,4,9,Loyal Customers
cust_000609,163,1,1653.96,3,1,3,7,Potential Loyalists
cust_000610,307,1,76.71,2,1,1,4,Needs Attention
cust_000611,35,1,2121.45,4,1,4,9,Loyal Customers
cust_000612,128,1,1155.19,3,1,3,7,Potential Loyalists
cust_000613,339,3,543.1800000000001,2,4,2,8,Loyal Customers
cust_000614,183,3,2570.04,3,4,4,11,Champions
cust_000615,337,6,6634.66,2,4,4,10,Champions
cust_000616,74,1,135.46,4,1,1,6,Potential Loyalists
cust_000618,336,1,1062.27,2,1,3,6,Potential Loyalists
cust_000619,135,3,1447.09,3,4,3,10,Champions
cust_000620,530,1,1167.19,1,1,3,5,At Risk (high value)
cust_000622,382,1,930.36,2,1,3,6,Potential Loyalists
cust_000623,342,1,1415.18,2,1,3,6,Potential Loyalists
cust_000625,108,2,384.53,3,2,2,7,Potential Loyalists
cust_000626,466,1,2996.78,1,1,4,6,Potential Loyalists
cust_000627,361,1,317.57,2,1,2,5,Needs Attention
cust_000628,609,2,1789.0200000000002,1,2,4,7,Potential Loyalists
cust_000629,209,1,172.03,3,1,1,5,Needs Attention
cust_000630,349,2,312.74,2,2,2,6,Potential Loyalists
cust_000631,27,1,30.26,4,1,1,6,Potential Loyalists
cust_000632,47,2,2793.91,4,2,4,10,Champions
cust_000633,452,1,789.21,1,1,3,5,At Risk (high value)
cust_000634,300,4,2289.42,2,4,4,10,Champions
cust_000635,681,1,173.31,1,1,1,3,Needs Attention
cust_000636,586,1,1307.17,1,1,3,5,At Risk (high value)
cust_000637,239,1,2677.26,3,1,4,8,Loyal Customers
cust_000638,660,1,64.52,1,1,1,3,Needs Attention
cust_000639,168,2,522.57,3,3,2,8,Loyal Customers
cust_000641,64,2,153.67000000000002,4,3,1,8,Loyal Customers
cust_000642,664,1,61.650000000000006,1,1,1,3,Needs Attention
cust_000643,84,1,87.65,4,1,1,6,Potential Loyalists
cust_000644,386,1,941.1,2,1,3,6,Potential Loyalists
cust_000645,115,2,5424.07,3,3,4,10,Champions
cust_000646,452,2,333.92,1,3,2,6,Potential Loyalists
cust_000648,654,1,42.760000000000005,1,1,1,3,Needs Attention
cust_000649,182,1,249.36,3,1,2,6,Potential Loyalists
cust_000650,498,1,551.45,1,1,2,4,Needs Attention
cust_000652,528,1,68.91,1,1,1,3,Needs Attention
cust_000654,377,2,372.61,2,3,2,7,Potential Loyalists
cust_000656,251,1,2305.45,2,1,4,7,Potential Loyalists
cust_000658,258,2,316.45,2,3,2,7,Potential Loyalists
cust_000659,109,3,2992.2200000000003,3,4,4,11,Champions
cust_000660,72,3,2503.96,4,4,4,12,Champions
cust_000661,158,4,2568.44,3,4,4,11,Champions
cust_000662,173,1,1135.1,3,1,3,7,Potential Loyalists
cust_000663,211,3,5265.9400000000005,3,4,4,11,Champions
cust_000665,223,2,561.93,3,3,2,8,Loyal Customers
cust_000666,116,3,1440.72,3,4,3,10,Champions
cust_000667,260,3,811.78,2,4,3,9,Loyal Customers
cust_000669,50,2,590.96,4,3,3,10,Champions
cust_000670,285,1,191.22,2,1,1,4,Needs Attention
cust_000671,50,5,4119.860000000001,4,4,4,12,Champions
cust_000672,528,1,105.04,1,1,1,3,Needs Attention
cust_000674,19,1,2768.4500000000003,4,1,4,9,Loyal Customers
cust_000675,481,1,1504.07,1,1,3,5,At Risk (high value)
cust_000677,266,1,193.98,2,1,1,4,Needs Attention
cust_000678,284,2,634.14,2,3,3,8,Loyal Customers
cust_000679,426,3,816.9,2,4,3,9,Loyal Customers
cust_000680,108,3,1306.2100000000003,3,4,3,10,Champions
cust_000681,538,2,1477.46,1,3,3,7,Potential Loyalists
cust_000684,219,1,70.59,3,1,1,5,Needs Attention
cust_000685,132,2,3189.1200000000003,3,3,4,10,Champions
cust_000686,240,2,1174.79,3,3,3,9,Loyal Customers
cust_000687,69,4,1954.82,4,4,4,12,Champions
cust_000688,506,1,872.24,1,1,3,5,At Risk (high value)
cust_000689,79,4,553.07,4,4,2,10,Champions
cust_000690,442,2,489.76,1,3,2,6,Potential Loyalists
cust_000691,409,1,424.6,2,1,2,5,Needs Attention
cust_000692,492,2,626.73,1,3,3,7,Potential Loyalists
cust_000693,197,2,423.22,3,3,2,8,Loyal Customers
cust_000694,354,1,1276.38,2,1,3,6,Potential Loyalists
cust_000695,550,1,2213.78,1,1,4,6,Potential Loyalists
cust_000697,535,1,143.25,1,1,1,3,Needs Attention
cust_000698,342,3,1718.48,2,4,3,9,Loyal Customers
cust_000699,44,2,198.49,4,3,1,8,Loyal Customers
cust_000701,298,1,274.61,2,1,2,5,Needs Attention
cust_000702,318,1,1617.82,2,1,3,6,Potential Loyalists
cust_000703,454,4,1534.22,1,4,3,8,Loyal Customers
cust_000704,78,2,378.96,4,3,2,9,Loyal Customers
cust_000706,93,1,1509.15,4,1,3,8,Loyal Customers
cust_000707,456,1,116.68,1,1,1,3,Needs Attention
cust_000709,147,2,342.0,3,3,2,8,Loyal Customers
cust_000710,1,1,29.72,4,1,1,6,Potential Loyalists
cust_000711,313,1,225.07,2,1,1,4,Needs Attention
cust_000712,119,2,1474.74,3,3,3,9,Loyal Customers
cust_000713,288,2,1058.01,2,3,3,8,Loyal Customers
cust_000716,67,4,2051.7,4,4,4,12,Champions
cust_000717,151,4,4894.43,3,4,4,11,Champions
cust_000719,327,3,1045.21,2,4,3,9,Loyal Customers
cust_000721,114,3,2247.13,3,4,4,11,Champions
cust_000722,289,3,3697.6800000000003,2,4,4,10,Champions
cust_000723,121,2,388.26,3,3,2,8,Loyal Customers
cust_000725,177,1,69.87,3,1,1,5,Needs Attention
cust_000726,23,4,4760.82,4,4,4,12,Champions
cust_000727,41,2,230.41,4,3,1,8,Loyal Customers
cust_000728,412,2,1683.88,2,3,3,8,Loyal Customers
cust_000730,430,3,3645.37,2,4,4,10,Champions
cust_000731,506,2,1855.48,1,3,4,8,Loyal Customers
cust_000732,5,1,165.25,4,1,1,6,Potential Loyalists
cust_000734,102,2,796.65,3,3,3,9,Loyal Customers
cust_000737,445,2,2530.7799999999997,1,3,4,8,Loyal Customers
cust_000739,334,1,2669.38,2,1,4,7,Potential Loyalists
cust_000740,297,1,272.13,2,1,2,5,Needs Attention
cust_000743,267,2,494.12,2,3,2,7,Potential Loyalists
cust_000745,21,2,1377.6499999999999,4,3,3,10,Champions
cust_000746,37,1,56.61000000000001,4,1,1,6,Potential Loyalists
cust_000747,50,2,611.92,4,3,3,10,Champions
cust_000748,547,1,786.27,1,1,3,5,At Risk (high value)
cust_000749,153,1,345.54,3,1,2,6,Potential Loyalists
cust_000752,684,1,1615.75,1,1,3,5,At Risk (high value)
cust_000754,16,4,2884.67,4,4,4,12,Champions
cust_000755,205,3,860.49,3,4,3,10,Champions
cust_000756,32,2,322.69,4,3,2,9,Loyal Customers
cust_000757,348,2,271.89,2,3,2,7,Potential Loyalists
cust_000759,419,2,442.0,2,3,2,7,Potential Loyalists
cust_000760,557,3,4254.38,1,4,4,9,Loyal Customers
cust_000761,25,3,3072.44,4,4,4,12,Champions
cust_000762,230,1,2793.9300000000003,3,1,4,8,Loyal Customers
cust_000763,359,1,508.83,2,1,2,5,Needs Attention
cust_000765,477,1,214.92,1,1,1,3,Needs Attention
cust_000766,636,1,32.37,1,1,1,3,Needs Attention
cust_000767,132,2,536.8199999999999,3,3,2,8,Loyal Customers
cust_000768,106,3,2681.91,3,4,4,11,Champions
cust_000769,399,4,553.22,2,4,2,8,Loyal Customers
cust_000770,88,3,1625.8500000000001,4,4,3,11,Champions
cust_000771,136,2,359.56,3,3,2,8,Loyal Customers
cust_000772,177,1,271.54,3,1,2,6,Potential Loyalists
cust_000773,179,3,2950.73,3,4,4,11,Champions
cust_000774,62,2,1674.94,4,3,3,10,Champions
cust_000775,495,2,2865.24,1,3,4,8,Loyal Customers
cust_000776,379,1,138.94000000000003,2,1,1,4,Needs Attention
cust_000777,597,1,125.35,1,1,1,3,Needs Attention
cust_000778,337,2,318.21999999999997,2,3,2,7,Potential Loyalists
cust_000779,320,1,52.4,2,1,1,4,Needs Attention
cust_000780,413,2,411.24,2,3,2,7,Potential Loyalists
cust_000781,304,2,368.77,2,3,2,7,Potential Loyalists
cust_000783,196,1,780.89,3,1,3,7,Potential Loyalists
cust_000784,108,3,1121.17,3,4,3,10,Champions
cust_000785,624,1,881.75,1,1,3,5,At Risk (high value)
cust_000786,298,1,450.63,2,1,2,5,Needs Attention
cust_000787,13,1,112.85,4,1,1,6,Potential Loyalists
cust_000788,495,1,242.64,1,1,2,4,Needs Attention
cust_000789,63,2,620.21,4,3,3,10,Champions
cust_000790,429,1,191.86,2,1,1,4,Needs Attention
cust_000791,354,2,2553.3300000000004,2,3,4,9,Loyal Customers
cust_000792,426,1,185.91,2,1,1,4,Needs Attention
cust_000793,62,4,1713.5500000000002,4,4,3,11,Champions
cust_000794,448,1,275.4,1,1,2,4,Needs Attention
cust_000796,100,1,231.89,3,1,1,5,Needs Attention
cust_000797,434,1,322.31,1,1,2,4,Needs Attention
cust_000798,1,3,2499.3700000000003,4,4,4,12,Champions
cust_000799,287,1,2602.69,2,1,4,7,Potential Loyalists
cust_000800,377,1,446.29,2,1,2,5,Needs Attention
cust_000801,556,1,34.81,1,1,1,3,Needs Attention
cust_000802,352,2,1747.41,2,3,3,8,Loyal Customers
cust_000804,310,4,1668.12,2,4,3,9,Loyal Customers
cust_000805,501,1,2142.67,1,1,4,6,Potential Loyalists
cust_000806,163,1,1616.04,3,1,3,7,Potential Loyalists
cust_000807,103,1,362.07,3,1,2,6,Potential Loyalists
cust_000808,306,2,1952.58,2,3,4,9,Loyal Customers
cust_000809,188,1,1335.82,3,1,3,7,Potential Loyalists
cust_000810,159,1,62.760000000000005,3,1,1,5,Needs Attention
cust_000811,541,1,85.17,1,1,1,3,Needs Attention
cust_000813,227,1,581.61,3,1,3,7,Potential Loyalists
cust_000814,223,3,2608.13,3,4,4,11,Champions
cust_000815,233,5,2937.05,3,4,4,11,Champions
cust_000816,106,2,609.3199999999999,3,3,3,9,Loyal Customers
cust_000818,18,3,3684.42,4,4,4,12,Champions
cust_000821,708,1,298.39000000000004,1,1,2,4,Needs Attention
cust_000822,419,2,625.8,2,3,3,8,Loyal Customers
cust_000823,455,2,782.23,1,3,3,7,Potential Loyalists
cust_000824,395,3,2104.03,2,4,4,10,Champions
cust_000825,151,3,1606.3400000000001,3,4,3,10,Champions
cust_000827,123,2,605.21,3,3,3,9,Loyal Customers
cust_000830,68,3,3158.31,4,4,4,12,Champions
cust_000831,530,1,1184.9899999999998,1,1,3,5,At Risk (high value)
cust_000832,114,3,854.0200000000001,3,4,3,10,Champions
cust_000834,113,2,1214.81,3,3,3,9,Loyal Customers
cust_000835,88,1,783.12,4,1,3,8,Loyal Customers
cust_000837,190,1,209.32,3,1,1,5,Needs Attention
cust_000838,502,1,152.38,1,1,1,3,Needs Attention
cust_000839,286,2,2381.37,2,3,4,9,Loyal Customers
cust_000840,80,1,431.98,4,1,2,7,Potential Loyalists
cust_000842,384,1,34.32,2,1,1,4,Needs Attention
cust_000844,511,1,44.08,1,1,1,3,Needs Attention
cust_000845,301,4,6989.4400000000005,2,4,4,10,Champions
cust_000846,256,1,340.32,2,1,2,5,Needs Attention
cust_000847,169,2,184.76,3,3,1,7,Potential Loyalists
cust_000848,603,1,121.39,1,1,1,3,Needs Attention
cust_000849,37,1,225.86,4,1,1,6,Potential Loyalists
cust_000850,268,1,114.2,2,1,1,4,Needs Attention
cust_000851,27,1,353.46,4,1,2,7,Potential Loyalists
cust_000853,224,1,498.34,3,1,2,6,Potential Loyalists
cust_000854,383,1,1536.42,2,1,3,6,Potential Loyalists
cust_000855,259,1,131.87,2,1,1,4,Needs Attention
cust_000857,455,3,1061.2,1,4,3,8,Loyal Customers
cust_000858,44,2,365.2,4,3,2,9,Loyal Customers
cust_000859,379,1,107.11,2,1,1,4,Needs Attention
cust_000860,456,1,2492.38,1,1,4,6,Potential Loyalists
cust_000861,21,2,2183.0899999999997,4,3,4,11,Champions
cust_000863,38,2,1169.15,4,3,3,10,Champions
cust_000864,61,3,885.3299999999999,4,4,3,11,Champions
cust_000865,69,2,335.06,4,3,2,9,Loyal Customers
cust_000867,175,2,310.27,3,3,2,8,Loyal Customers
cust_000868,634,1,1899.86,1,1,4,6,Potential Loyalists
cust_000869,576,3,641.9000000000001,1,4,3,8,Loyal Customers
cust_000870,5,4,5229.599999999999,4,4,4,12,Champions
cust_000871,78,1,121.86,4,1,1,6,Potential Loyalists
cust_000872,616,1,302.89,1,1,2,4,Needs Attention
cust_000873,727,1,2522.48,1,1,4,6,Potential Loyalists
cust_000874,22,2,1080.65,4,3,3,10,Champions
cust_000876,474,2,406.87,1,3,2,6,Potential Loyalists
cust_000877,21,3,1112.82,4,4,3,11,Champions
cust_000878,361,1,160.98000000000002,2,1,1,4,Needs Attention
cust_000879,119,2,298.67,3,3,2,8,Loyal Customers
cust_000880,370,1,372.03,2,1,2,5,Needs Attention
cust_000881,519,1,323.37,1,1,2,4,Needs Attention
cust_000882,60,4,1670.9499999999998,4,4,3,11,Champions
cust_000883,131,1,100.91,3,1,1,5,Needs Attention
cust_000885,135,2,786.29,3,3,3,9,Loyal Customers
cust_000886,269,4,4506.63,2,4,4,10,Champions
cust_000887,315,1,633.5500000000001,2,1,3,6,Potential Loyalists
cust_000888,339,1,439.61,2,1,2,5,Needs Attention
cust_000889,256,4,2446.02,2,4,4,10,Champions
cust_000890,560,2,1716.19,1,3,3,7,Potential Loyalists
cust_000891,418,1,102.34,2,1,1,4,Needs Attention
cust_000892,135,3,356.82,3,4,2,9,Loyal Customers
cust_000893,29,1,3390.4300000000003,4,1,4,9,Loyal Customers
cust_000894,580,1,1863.49,1,1,4,6,Potential Loyalists
cust_000895,552,1,238.35,1,1,1,3,Needs Attention
cust_000896,636,1,1368.29,1,1,3,5,At Risk (high value)
cust_000897,56,2,1565.78,4,3,3,10,Champions
cust_000899,5,1,605.29,4,1,3,8,Loyal Customers
cust_000901,224,3,575.88,3,4,2,9,Loyal Customers
cust_000904,685,2,1185.0800000000002,1,3,3,7,Potential Loyalists
cust_000905,515,1,102.33,1,1,1,3,Needs Attention
cust_000906,530,2,2562.29,1,3,4,8,Loyal Customers
cust_000908,190,2,2229.36,3,3,4,10,Champions
cust_000909,336,2,2578.65,2,3,4,9,Loyal Customers
cust_000910,145,4,1095.68,3,4,3,10,Champions
cust_000912,237,2,453.85,3,3,2,8,Loyal Customers
cust_000913,312,2,643.81,2,3,3,8,Loyal Customers
cust_000916,491,2,1142.71,1,3,3,7,Potential Loyalists
cust_000917,21,2,820.13,4,3,3,10,Champions
cust_000918,115,3,531.56,3,4,2,9,Loyal Customers
cust_000919,230,3,2430.29,3,4,4,11,Champions
cust_000920,29,4,4180.27,4,4,4,12,Champions
cust_000922,46,5,3147.74,4,4,4,12,Champions
cust_000923,218,2,3057.8500000000004,3,3,4,10,Champions
cust_000924,44,3,663.29,4,4,3,11,Champions
cust_000925,460,1,278.03000000000003,1,1,2,4,Needs Attention
cust_000926,679,1,1058.4199999999998,1,1,3,5,At Risk (high value)
cust_000928,523,1,167.99,1,1,1,3,Needs Attention
cust_000929,36,3,1200.55,4,4,3,11,Champions
cust_000931,124,1,1044.64,3,1,3,7,Potential Loyalists
cust_000932,455,1,544.96,1,1,2,4,Needs Attention
cust_000933,10,2,987.2,4,3,3,10,Champions
cust_000935,465,2,278.23,1,3,2,6,Potential Loyalists
cust_000936,36,1,156.07,4,1,1,6,Potential Loyalists
cust_000938,374,2,395.54999999999995,2,3,2,7,Potential Loyalists
cust_000939,444,1,55.99,1,1,1,3,Needs Attention
cust_000940,669,1,1174.1,1,1,3,5,At Risk (high value)
cust_000941,172,3,2324.15,3,4,4,11,Champions
cust_000942,375,2,1582.07,2,3,3,8,Loyal Customers
cust_000943,37,2,361.45,4,3,2,9,Loyal Customers
cust_000944,4,2,3193.8700000000003,4,3,4,11,Champions
cust_000946,110,3,608.9200000000001,3,4,3,10,Champions
cust_000947,256,4,405.16,2,4,2,8,Loyal Customers
cust_000948,201,3,351.61,3,4,2,9,Loyal Customers
cust_000949,356,3,693.27,2,4,3,9,Loyal Customers
cust_000950,260,1,411.72,2,1,2,5,Needs Attention
cust_000951,95,2,2037.56,4,3,4,11,Champions
cust_000952,704,1,459.3,1,1,2,4,Needs Attention
cust_000953,34,1,186.11,4,1,1,6,Potential Loyalists
cust_000954,30,3,1650.71,4,4,3,11,Champions
cust_000955,432,1,343.36,1,1,2,4,Needs Attention
cust_000956,142,4,2341.23,3,4,4,11,Champions
cust_000957,641,1,22.63,1,1,1,3,Needs Attention
cust_000958,696,1,97.21,1,1,1,3,Needs Attention
cust_000959,409,1,900.61,2,1,3,6,Potential Loyalists
cust_000961,125,2,897.58,3,3,3,9,Loyal Customers
cust_000963,501,2,1194.94,1,3,3,7,Potential Loyalists
cust_000964,507,1,858.88,1,1,3,5,At Risk (high value)
cust_000965,201,2,976.53,3,3,3,9,Loyal Customers
cust_000966,3,4,5202.07,4,4,4,12,Champions
cust_000968,198,3,211.64,3,4,1,8,Loyal Customers
cust_000969,28,3,4314.93,4,4,4,12,Champions
cust_000972,79,3,329.14,4,4,2,10,Champions
cust_000973,307,2,344.39,2,3,2,7,Potential Loyalists
cust_000974,49,5,4837.99,4,4,4,12,Champions
cust_000975,375,2,683.45,2,3,3,8,Loyal Customers
cust_000976,209,2,1676.6699999999998,3,3,3,9,Loyal Customers
cust_000978,703,1,74.91000000000001,1,1,1,3,Needs Attention
cust_000979,454,1,134.5,1,1,1,3,Needs Attention
cust_000980,445,1,527.0,1,1,2,4,Needs Attention
cust_000981,320,1,2903.44,2,1,4,7,Potential Loyalists
cust_000983,490,1,19.64,1,1,1,3,Needs Attention
cust_000984,24,2,217.98000000000002,4,3,1,8,Loyal Customers
cust_000985,2,2,668.0,4,3,3,10,Champions
cust_000986,295,2,114.25,2,3,1,6,Potential Loyalists
cust_000987,36,3,2790.55,4,4,4,12,Champions
cust_000988,7,2,4222.42,4,3,4,11,Champions
cust_000989,386,2,2164.36,2,3,4,9,Loyal Customers
cust_000990,48,2,283.19,4,3,2,9,Loyal Customers
cust_000991,165,1,781.4,3,1,3,7,Potential Loyalists
cust_000992,398,4,2641.08,2,4,4,10,Champions
cust_000994,69,1,69.18,4,1,1,6,Potential Loyalists
cust_000995,263,1,115.62,2,1,1,4,Needs Attention
cust_000996,189,1,2128.53,3,1,4,8,Loyal Customers
cust_000997,319,2,714.8599999999999,2,3,3,8,Loyal Customers
cust_000999,606,2,468.04,1,3,2,6,Potential Loyalists
cust_001000,376,1,396.04,2,1,2,5,Needs Attention
cust_001001,280,2,3644.7999999999997,2,3,4,9,Loyal Customers
cust_001003,54,2,189.42000000000002,4,3,1,8,Loyal Customers
cust_001004,546,1,440.44,1,1,2,4,Needs Attention
cust_001007,53,2,2114.23,4,3,4,11,Champions
cust_001008,586,2,1371.54,1,3,3,7,Potential Loyalists
cust_001009,225,1,2061.09,3,1,4,8,Loyal Customers
cust_001012,79,2,514.46,4,3,2,9,Loyal Customers
cust_001013,1,2,1040.94,4,3,3,10,Champions
cust_001014,516,2,1959.71,1,3,4,8,Loyal Customers
cust_001015,74,3,2276.81,4,4,4,12,Champions
cust_001016,290,3,2858.3599999999997,2,4,4,10,Champions
cust_001017,40,1,1078.71,4,1,3,8,Loyal Customers
cust_001018,104,2,231.76999999999998,3,3,1,7,Potential Loyalists
cust_001019,413,3,981.8500000000001,2,4,3,9,Loyal Customers
cust_001021,361,1,1374.58,2,1,3,6,Potential Loyalists
cust_001022,433,1,296.97,1,1,2,4,Needs Attention
cust_001024,187,1,1192.1699999999998,3,1,3,7,Potential Loyalists
cust_001025,69,1,62.25,4,1,1,6,Potential Loyalists
cust_001028,463,2,343.05,1,3,2,6,Potential Loyalists
cust_001029,46,1,158.24,4,1,1,6,Potential Loyalists
cust_001030,50,3,1149.71,4,4,3,11,Champions
cust_001031,81,2,412.21,4,3,2,9,Loyal Customers
cust_001032,207,3,776.67,3,4,3,10,Champions
cust_001033,45,2,672.74,4,3,3,10,Champions
cust_001036,42,2,1568.6799999999998,4,3,3,10,Champions
cust_001037,308,1,3047.2,2,1,4,7,Potential Loyalists
cust_001040,100,3,2019.6299999999999,3,4,4,11,Champions
cust_001041,323,1,414.23,2,1,2,5,Needs Attention
cust_001043,108,1,1348.34,3,1,3,7,Potential Loyalists
cust_001044,382,1,62.6,2,1,1,4,Needs Attention
cust_001045,268,2,164.9,2,3,1,6,Potential Loyalists
cust_001046,409,1,3096.3,2,1,4,7,Potential Loyalists
cust_001048,26,2,351.0,4,3,2,9,Loyal Customers
cust_001049,242,1,706.27,2,1,3,6,Potential Loyalists
cust_001050,41,3,2106.5400000000004,4,4,4,12,Champions
cust_001051,64,2,1561.86,4,3,3,10,Champions
cust_001054,117,3,1788.98,3,4,4,11,Champions
cust_001055,195,1,254.09,3,1,2,6,Potential Loyalists
cust_001058,170,3,1820.1800000000003,3,4,4,11,Champions
cust_001059,126,3,3873.59,3,4,4,11,Champions
cust_001060,111,1,465.18,3,1,2,6,Potential Loyalists
cust_001062,528,2,2108.66,1,3,4,8,Loyal Customers
cust_001063,603,1,1075.5700000000002,1,1,3,5,At Risk (high value)
cust_001065,342,1,2470.04,2,1,4,7,Potential Loyalists
cust_001066,570,1,128.14,1,1,1,3,Needs Attention
cust_001067,401,2,4173.66,2,3,4,9,Loyal Customers
cust_001068,572,1,213.97,1,1,1,3,Needs Attention
cust_001069,639,2,421.45000000000005,1,3,2,6,Potential Loyalists
cust_001070,414,2,3352.54,2,3,4,9,Loyal Customers
cust_001072,219,2,784.38,3,3,3,9,Loyal Customers
cust_001073,333,2,128.46,2,3,1,6,Potential Loyalists
cust_001074,11,3,3964.31,4,4,4,12,Champions
cust_001075,59,3,3170.17,4,4,4,12,Champions
cust_001076,344,1,248.35,2,1,2,5,Needs Attention
cust_001077,546,1,366.61,1,1,2,4,Needs Attention
cust_001079,190,4,2357.54,3,4,4,11,Champions
cust_001080,172,2,217.22,3,3,1,7,Potential Loyalists
cust_001081,221,3,3257.23,3,4,4,11,Champions
cust_001082,147,2,494.68,3,3,2,8,Loyal Customers
cust_001088,54,3,1710.1399999999999,4,4,3,11,Champions
cust_001089,350,2,882.05,2,3,3,8,Loyal Customers
cust_001091,604,1,804.72,1,1,3,5,At Risk (high value)
cust_001093,140,2,620.79,3,3,3,9,Loyal Customers
cust_001094,20,2,256.26,4,3,2,9,Loyal Customers
cust_001095,651,2,210.34999999999997,1,3,1,5,Needs Attention
cust_001096,257,3,858.97,2,4,3,9,Loyal Customers
cust_001098,68,5,5455.85,4,4,4,12,Champions
cust_001099,552,1,275.17,1,1,2,4,Needs Attention
cust_001100,30,2,2126.95,4,3,4,11,Champions
cust_001101,574,1,93.18,1,1,1,3,Needs Attention
cust_001102,484,2,242.95,1,3,2,6,Potential Loyalists
cust_001103,151,1,157.51999999999998,3,1,1,5,Needs Attention
cust_001104,243,4,4980.9800000000005,2,4,4,10,Champions
cust_001105,45,2,2178.18,4,3,4,11,Champions
cust_001106,218,1,2235.38,3,1,4,8,Loyal Customers
cust_001107,189,1,375.69,3,1,2,6,Potential Loyalists
cust_001108,190,1,289.98,3,1,2,6,Potential Loyalists
cust_001109,34,2,274.02,4,3,2,9,Loyal Customers
cust_001110,625,1,431.1,1,1,2,4,Needs Attention
cust_001111,209,1,222.08,3,1,1,5,Needs Attention
cust_001115,545,1,152.95,1,1,1,3,Needs Attention
cust_001116,447,2,4266.0,1,3,4,8,Loyal Customers
cust_001117,385,1,29.11,2,1,1,4,Needs Attention
cust_001118,247,2,500.93,2,3,2,7,Potential Loyalists
cust_001120,116,2,469.22,3,3,2,8,Loyal Customers
cust_001122,694,1,155.29,1,1,1,3,Needs Attention
cust_001124,299,3,1712.81,2,4,3,9,Loyal Customers
cust_001125,30,4,2921.7599999999998,4,4,4,12,Champions
cust_001126,1,4,3264.37,4,4,4,12,Champions
cust_001127,8,1,104.63,4,1,1,6,Potential Loyalists
cust_001128,135,2,2753.03,3,3,4,10,Champions
cust_001129,284,4,970.0500000000001,2,4,3,9,Loyal Customers
cust_001130,131,1,181.94,3,1,1,5,Needs Attention
cust_001131,108,1,38.95,3,1,1,5,Needs Attention
cust_001132,170,2,2260.47,3,3,4,10,Champions
cust_001133,471,1,95.49,1,1,1,3,Needs Attention
cust_001134,24,3,3109.07,4,4,4,12,Champions
cust_001135,103,1,320.92999999999995,3,1,2,6,Potential Loyalists
cust_001136,147,2,2113.53,3,3,4,10,Champions
cust_001137,289,2,2570.41,2,3,4,9,Loyal Customers
cust_001138,301,3,730.3,2,4,3,9,Loyal Customers
cust_001140,153,3,4416.41,3,4,4,11,Champions
cust_001141,237,4,2292.3099999999995,3,4,4,11,Champions
cust_001142,268,1,1336.2800000000002,2,1,3,6,Potential Loyalists
cust_001145,159,1,90.92,3,1,1,5,Needs Attention
cust_001146,625,1,1552.74,1,1,3,5,At Risk (high value)
cust_001148,687,1,853.01,1,1,3,5,At Risk (high value)
cust_001149,514,1,71.68,1,1,1,3,Needs Attention
cust_001150,217,1,446.01,3,1,2,6,Potential Loyalists
cust_001151,232,2,1760.86,3,3,3,9,Loyal Customers
cust_001152,235,1,292.47,3,1,2,6,Potential Loyalists
cust_001154,540,1,24.93,1,1,1,3,Needs Attention
cust_001155,148,1,1395.59,3,1,3,7,Potential Loyalists
cust_001156,555,1,1672.39,1,1,3,5,At Risk (high value)
cust_001159,164,3,386.22,3,4,2,9,Loyal Customers
cust_001160,671,1,204.39,1,1,1,3,Needs Attention
cust_001161,517,2,259.9,1,3,2,6,Potential Loyalists
cust_001164,48,4,3833.56,4,4,4,12,Champions
cust_001165,399,1,328.71,2,1,2,5,Needs Attention
cust_001167,51,2,327.99,4,3,2,9,Loyal Customers
cust_001168,354,1,203.38,2,1,1,4,Needs Attention
cust_001169,462,1,229.31,1,1,1,3,Needs Attention
cust_001170,535,1,87.28,1,1,1,3,Needs Attention
cust_001171,531,1,78.80999999999999,1,1,1,3,Needs Attention
cust_001172,60,1,2928.75,4,1,4,9,Loyal Customers
cust_001173,246,1,271.87,2,1,2,5,Needs Attention
cust_001174,483,2,313.96,1,3,2,6,Potential Loyalists
cust_001176,243,1,314.29,2,1,2,5,Needs Attention
cust_001177,560,1,656.02,1,1,3,5,At Risk (high value)
cust_001178,641,1,241.44,1,1,2,4,Needs Attention
cust_001179,370,2,1089.22,2,3,3,8,Loyal Customers
cust_001180,341,2,332.12,2,3,2,7,Potential Loyalists
cust_001181,711,2,2079.04,1,3,4,8,Loyal Customers
cust_001183,251,1,356.72,2,1,2,5,Needs Attention
cust_001184,16,5,1461.88,4,4,3,11,Champions
cust_001185,62,2,258.4,4,3,2,9,Loyal Customers
cust_001186,206,3,479.12,3,4,2,9,Loyal Customers
cust_001188,323,1,85.41000000000001,2,1,1,4,Needs Attention
cust_001189,67,3,1016.4200000000001,4,4,3,11,Champions
cust_001191,346,3,1318.78,2,4,3,9,Loyal Customers
cust_001192,98,1,1558.06,3,1,3,7,Potential Loyalists
cust_001193,8,2,639.4499999999999,4,3,3,10,Champions
cust_001195,415,1,75.08,2,1,1,4,Needs Attention
cust_001196,134,2,335.12,3,3,2,8,Loyal Customers
cust_001198,267,2,1017.0,2,3,3,8,Loyal Customers
cust_001200,31,1,29.55,4,1,1,6,Potential Loyalists
cust_001202,281,1,88.98,2,1,1,4,Needs Attention
cust_001203,234,3,810.19,3,4,3,10,Champions
cust_001204,384,1,56.68,2,1,1,4,Needs Attention
cust_001205,44,2,2230.2799999999997,4,3,4,11,Champions
cust_001207,489,2,527.5300000000001,1,3,2,6,Potential Loyalists
cust_001209,40,2,372.23,4,3,2,9,Loyal Customers
cust_001211,421,3,2113.81,2,4,4,10,Champions
cust_001212,240,2,138.07,3,3,1,7,Potential Loyalists
cust_001214,80,3,844.5799999999999,4,4,3,11,Champions
cust_001216,199,2,437.7900000000001,3,3,2,8,Loyal Customers
cust_001217,289,2,2333.23,2,3,4,9,Loyal Customers
cust_001218,18,3,2598.57,4,4,4,12,Champions
cust_001220,724,1,209.0,1,1,1,3,Needs Attention
cust_001221,146,1,114.17,3,1,1,5,Needs Attention
cust_001222,637,1,204.51,1,1,1,3,Needs Attention
cust_001223,8,1,1155.06,4,1,3,8,Loyal Customers
cust_001224,216,1,45.760000000000005,3,1,1,5,Needs Attention
cust_001225,555,1,274.93,1,1,2,4,Needs Attention
cust_001227,103,1,91.32,3,1,1,5,Needs Attention
cust_001228,517,1,2085.94,1,1,4,6,Potential Loyalists
cust_001229,38,1,2294.25,4,1,4,9,Loyal Customers
cust_001230,59,3,3270.41,4,4,4,12,Champions
cust_001231,184,3,2623.4500000000003,3,4,4,11,Champions
cust_001232,475,1,914.44,1,1,3,5,At Risk (high value)
cust_001233,222,1,33.99,3,1,1,5,Needs Attention
cust_001234,262,2,1981.0800000000002,2,3,4,9,Loyal Customers
cust_001235,465,1,352.41,1,1,2,4,Needs Attention
cust_001238,172,2,426.71000000000004,3,3,2,8,Loyal Customers
cust_001239,108,2,405.53,3,3,2,8,Loyal Customers
cust_001240,411,1,113.63,2,1,1,4,Needs Attention
cust_001241,47,2,197.92,4,3,1,8,Loyal Customers
cust_001242,275,2,512.42,2,3,2,7,Potential Loyalists
cust_001243,13,1,2155.46,4,1,4,9,Loyal Customers
cust_001244,139,1,319.61,3,1,2,6,Potential Loyalists
cust_001245,559,3,820.65,1,4,3,8,Loyal Customers
cust_001246,665,1,1957.1,1,1,4,6,Potential Loyalists
cust_001248,518,2,619.8499999999999,1,3,3,7,Potential Loyalists
cust_001249,222,2,390.00999999999993,3,3,2,8,Loyal Customers
cust_001250,72,1,2234.82,4,1,4,9,Loyal Customers
cust_001251,59,2,74.73,4,3,1,8,Loyal Customers
cust_001252,338,3,653.02,2,4,3,9,Loyal Customers
cust_001254,331,1,79.61,2,1,1,4,Needs Attention
cust_001256,69,2,702.24,4,3,3,10,Champions
cust_001257,125,2,280.21999999999997,3,3,2,8,Loyal Customers
cust_001258,22,1,230.4,4,1,1,6,Potential Loyalists
cust_001259,74,2,724.52,4,3,3,10,Champions
cust_001260,82,2,934.04,4,3,3,10,Champions
cust_001262,174,1,245.25,3,1,2,6,Potential Loyalists
cust_001263,721,1,157.73,1,1,1,3,Needs Attention
cust_001264,585,1,1926.18,1,1,4,6,Potential Loyalists
cust_001265,397,2,3883.42,2,3,4,9,Loyal Customers
cust_001266,264,1,175.01999999999998,2,1,1,4,Needs Attention
cust_001267,3,1,104.09,4,1,1,6,Potential Loyalists
cust_001268,34,1,291.20000000000005,4,1,2,7,Potential Loyalists
cust_001269,28,3,1772.5899999999997,4,4,4,12,Champions
cust_001271,587,1,225.2,1,1,1,3,Needs Attention
cust_001273,552,1,2518.6,1,1,4,6,Potential Loyalists
cust_001274,95,1,201.61,4,1,1,6,Potential Loyalists
cust_001276,402,1,39.26,2,1,1,4,Needs Attention
cust_001278,660,1,202.74,1,1,1,3,Needs Attention
cust_001279,29,1,251.38,4,1,2,7,Potential Loyalists
cust_001283,314,4,3042.3900000000003,2,4,4,10,Champions
cust_001284,446,1,125.74,1,1,1,3,Needs Attention
cust_001285,29,2,463.49,4,3,2,9,Loyal Customers
cust_001286,88,3,2898.25,4,4,4,12,Champions
cust_001287,684,1,30.96,1,1,1,3,Needs Attention
cust_001289,305,1,240.36,2,1,1,4,Needs Attention
cust_001290,462,1,256.2,1,1,2,4,Needs Attention
cust_001291,254,3,2515.46,2,4,4,10,Champions
cust_001292,515,1,174.68,1,1,1,3,Needs Attention
cust_001293,526,2,2795.76,1,3,4,8,Loyal Customers
cust_001294,599,1,577.37,1,1,2,4,Needs Attention
cust_001295,678,1,1107.47,1,1,3,5,At Risk (high value)
cust_001296,263,2,309.42,2,3,2,7,Potential Loyalists
cust_001298,346,1,170.26,2,1,1,4,Needs Attention
cust_001299,339,1,307.42,2,1,2,5,Needs Attention
cust_001300,569,1,117.05,1,1,1,3,Needs Attention
cust_001301,20,4,1783.69,4,4,4,12,Champions
cust_001304,215,1,298.45,3,1,2,6,Potential Loyalists
cust_001306,8,3,1088.65,4,4,3,11,Champions
cust_001307,369,1,2007.0,2,1,4,7,Potential Loyalists
cust_001308,54,5,2891.9799999999996,4,4,4,12,Champions
cust_001309,121,2,2138.57,3,3,4,10,Champions
cust_001311,293,1,365.36,2,1,2,5,Needs Attention
cust_001312,388,3,3063.3,2,4,4,10,Champions
cust_001313,581,1,70.97999999999999,1,1,1,3,Needs Attention
cust_001316,86,4,245.17000000000002,4,4,2,10,Champions
cust_001317,35,1,1003.55,4,1,3,8,Loyal Customers
cust_001319,694,1,226.45,1,1,1,3,Needs Attention
cust_001322,473,1,30.81,1,1,1,3,Needs Attention
cust_001324,481,1,366.2,1,1,2,4,Needs Attention
cust_001325,10,3,653.92,4,4,3,11,Champions
cust_001326,179,1,298.29,3,1,2,6,Potential Loyalists
cust_001329,205,1,236.72,3,1,1,5,Needs Attention
cust_001331,69,4,3948.82,4,4,4,12,Champions
cust_001333,72,1,679.83,4,1,3,8,Loyal Customers
cust_001334,569,2,1453.5,1,3,3,7,Potential Loyalists
cust_001335,476,1,1922.04,1,1,4,6,Potential Loyalists
cust_001337,722,1,17.61,1,1,1,3,Needs Attention
cust_001338,8,1,1146.41,4,1,3,8,Loyal Customers
cust_001340,14,2,1213.52,4,3,3,10,Champions
cust_001341,230,2,1464.0499999999997,3,3,3,9,Loyal Customers
cust_001342,89,2,3236.84,4,3,4,11,Champions
cust_001343,693,1,62.24,1,1,1,3,Needs Attention
cust_001344,197,1,457.47,3,1,2,6,Potential Loyalists
cust_001345,550,1,1749.66,1,1,3,5,At Risk (high value)
cust_001348,461,2,637.64,1,3,3,7,Potential Loyalists
cust_001349,28,1,423.88,4,1,2,7,Potential Loyalists
cust_001351,545,1,146.62,1,1,1,3,Needs Attention
cust_001352,354,1,135.4,2,1,1,4,Needs Attention
cust_001353,83,4,3934.32,4,4,4,12,Champions
cust_001356,376,3,755.37,2,4,3,9,Loyal Customers
cust_001357,228,1,120.53,3,1,1,5,Needs Attention
cust_001359,192,3,1403.95,3,4,3,10,Champions
cust_001360,162,1,227.86,3,1,1,5,Needs Attention
cust_001361,35,3,3467.2400000000002,4,4,4,12,Champions
cust_001363,184,2,291.68,3,3,2,8,Loyal Customers
cust_001364,20,2,566.6,4,3,2,9,Loyal Customers
cust_001365,5,2,2143.42,4,3,4,11,Champions
cust_001366,371,1,650.22,2,1,3,6,Potential Loyalists
cust_001367,19,2,441.36,4,3,2,9,Loyal Customers
cust_001368,544,1,2210.2200000000003,1,1,4,6,Potential Loyalists
cust_001369,101,2,501.25,3,3,2,8,Loyal Customers
cust_001370,229,1,158.99,3,1,1,5,Needs Attention
cust_001371,416,1,29.53,2,1,1,4,Needs Attention
cust_001374,298,1,354.90000000000003,2,1,2,5,Needs Attention
cust_001375,357,1,39.09,2,1,1,4,Needs Attention
cust_001376,39,1,164.92,4,1,1,6,Potential Loyalists
cust_001377,625,2,1970.98,1,3,4,8,Loyal Customers
cust_001378,361,2,4802.049999999999,2,3,4,9,Loyal Customers
cust_001379,113,3,832.87,3,4,3,10,Champions
cust_001380,153,2,3543.72,3,3,4,10,Champions
cust_001381,31,3,369.27000000000004,4,4,2,10,Champions
cust_001382,382,1,1791.1799999999998,2,1,4,7,Potential Loyalists
cust_001384,196,3,2659.83,3,4,4,11,Champions
cust_001385,10,2,3440.96,4,3,4,11,Champions
cust_001386,220,3,1412.49,3,4,3,10,Champions
cust_001387,363,3,3719.25,2,4,4,10,Champions
cust_001388,96,3,4729.22,4,4,4,12,Champions
cust_001389,97,3,5335.820000000001,3,4,4,11,Champions
cust_001390,391,2,3959.7000000000003,2,3,4,9,Loyal Customers
cust_001391,38,2,1791.18,4,3,4,11,Champions
cust_001392,96,3,4102.86,4,4,4,12,Champions
cust_001394,633,2,352.37,1,3,2,6,Potential Loyalists
cust_001395,709,1,86.55,1,1,1,3,Needs Attention
cust_001399,107,1,321.79,3,1,2,6,Potential Loyalists
cust_001400,105,2,506.53000000000003,3,3,2,8,Loyal Customers
cust_001401,228,1,2217.84,3,1,4,8,Loyal Customers
cust_001403,441,3,2649.76,1,4,4,9,Loyal Customers
cust_001404,494,2,1705.88,1,3,3,7,Potential Loyalists
cust_001406,187,2,1598.41,3,3,3,9,Loyal Customers
cust_001407,312,1,423.68,2,1,2,5,Needs Attention
cust_001408,339,1,464.96,2,1,2,5,Needs Attention
cust_001409,68,4,1476.16,4,4,3,11,Champions
cust_001410,218,3,1912.29,3,4,4,11,Champions
cust_001412,91,1,1373.85,4,1,3,8,Loyal Customers
cust_001414,136,1,258.3,3,1,2,6,Potential Loyalists
cust_001415,657,1,2188.81,1,1,4,6,Potential Loyalists
cust_001416,339,1,1716.72,2,1,3,6,Potential Loyalists
cust_001417,288,2,369.64,2,3,2,7,Potential Loyalists
cust_001420,419,2,694.41,2,3,3,8,Loyal Customers
cust_001421,251,3,4684.88,2,4,4,10,Champions
cust_001422,253,2,738.92,2,3,3,8,Loyal Customers
cust_001423,168,1,602.87,3,1,3,7,Potential Loyalists
cust_001424,220,2,195.41000000000003,3,3,1,7,Potential Loyalists
cust_001425,512,2,1482.8400000000001,1,3,3,7,Potential Loyalists
cust_001426,233,2,345.25,3,3,2,8,Loyal Customers
cust_001428,179,2,2746.59,3,3,4,10,Champions
cust_001431,434,2,549.65,1,3,2,6,Potential Loyalists
cust_001434,424,1,1409.12,2,1,3,6,Potential Loyalists
cust_001435,438,1,1043.87,1,1,3,5,At Risk (high value)
cust_001436,446,1,233.4,1,1,1,3,Needs Attention
cust_001437,694,1,276.74,1,1,2,4,Needs Attention
cust_001438,183,1,2284.47,3,1,4,8,Loyal Customers
cust_001439,187,3,505.67,3,4,2,9,Loyal Customers
cust_001440,243,3,1860.3500000000001,2,4,4,10,Champions
cust_001442,242,2,410.07,2,3,2,7,Potential Loyalists
cust_001445,335,1,214.58,2,1,1,4,Needs Attention
cust_001446,237,2,3217.0199999999995,3,3,4,10,Champions
cust_001447,305,4,3859.2400000000002,2,4,4,10,Champions
cust_001448,470,1,1814.15,1,1,4,6,Potential Loyalists
cust_001449,58,4,870.9,4,4,3,11,Champions
cust_001451,74,1,204.81,4,1,1,6,Potential Loyalists
cust_001452,454,1,185.6,1,1,1,3,Needs Attention
cust_001454,323,1,227.32,2,1,1,4,Needs Attention
cust_001455,57,1,71.77,4,1,1,6,Potential Loyalists
cust_001459,206,1,874.53,3,1,3,7,Potential Loyalists
cust_001460,125,4,3533.4300000000003,3,4,4,11,Champions
cust_001461,156,3,1804.9299999999998,3,4,4,11,Champions
cust_001462,277,2,2419.09,2,3,4,9,Loyal Customers
cust_001463,465,1,81.91000000000001,1,1,1,3,Needs Attention
cust_001464,303,1,213.29,2,1,1,4,Needs Attention
cust_001465,30,2,1263.6299999999999,4,3,3,10,Champions
cust_001466,373,2,503.41999999999996,2,3,2,7,Potential Loyalists
cust_001467,381,1,482.85,2,1,2,5,Needs Attention
cust_001468,136,1,549.05,3,1,2,6,Potential Loyalists
cust_001469,71,4,664.5799999999999,4,4,3,11,Champions
cust_001471,202,1,1661.15,3,1,3,7,Potential Loyalists
cust_001472,609,1,3122.29,1,1,4,6,Potential Loyalists
cust_001473,245,2,726.3199999999999,2,3,3,8,Loyal Customers
cust_001474,360,2,668.13,2,3,3,8,Loyal Customers
cust_001476,456,1,204.11,1,1,1,3,Needs Attention
cust_001477,174,2,1822.49,3,3,4,10,Champions
cust_001478,10,3,892.62,4,4,3,11,Champions
cust_001480,227,2,2675.19,3,3,4,10,Champions
cust_001481,132,2,3080.23,3,3,4,10,Champions
cust_001482,707,1,1926.55,1,1,4,6,Potential Loyalists
cust_001484,79,2,287.01,4,3,2,9,Loyal Customers
cust_001485,245,2,296.08,2,3,2,7,Potential Loyalists
cust_001487,333,2,3333.44,2,3,4,9,Loyal Customers
cust_001490,159,2,2031.93,3,3,4,10,Champions
cust_001491,168,1,139.47,3,1,1,5,Needs Attention
cust_001492,48,1,117.25,4,1,1,6,Potential Loyalists
cust_001494,21,2,578.21,4,3,2,9,Loyal Customers
cust_001495,54,2,387.20000000000005,4,3,2,9,Loyal Customers
cust_001497,410,2,249.0,2,3,2,7,Potential Loyalists
cust_001499,24,2,626.28,4,3,3,10,Champions
cust_001500,154,2,175.73999999999998,3,3,1,7,Potential Loyalists
cust_001501,484,2,771.0699999999999,1,3,3,7,Potential Loyalists
cust_001502,73,4,1281.43,4,4,3,11,Champions
cust_001504,102,2,530.55,3,3,2,8,Loyal Customers
cust_001505,566,2,417.5,1,3,2,6,Potential Loyalists
cust_001506,2,1,946.67,4,1,3,8,Loyal Customers
cust_001507,495,2,4211.65,1,3,4,8,Loyal Customers
cust_001508,356,1,2444.14,2,1,4,7,Potential Loyalists
cust_001509,593,1,2394.07,1,1,4,6,Potential Loyalists
cust_001511,322,1,111.37,2,1,1,4,Needs Attention
cust_001513,656,1,240.19,1,1,1,3,Needs Attention
cust_001514,578,1,69.63,1,1,1,3,Needs Attention
cust_001515,298,2,616.48,2,3,3,8,Loyal Customers
cust_001516,84,1,446.2000000000001,4,1,2,7,Potential Loyalists
cust_001517,34,3,1416.07,4,4,3,11,Champions
cust_001518,304,1,293.15,2,1,2,5,Needs Attention
cust_001519,61,2,1171.89,4,3,3,10,Champions
cust_001520,696,1,41.790000000000006,1,1,1,3,Needs Attention
cust_001521,271,3,620.3900000000001,2,4,3,9,Loyal Customers
cust_001523,15,1,822.91,4,1,3,8,Loyal Customers
cust_001524,253,3,533.97,2,4,2,8,Loyal Customers
cust_001525,90,3,2878.1499999999996,4,4,4,12,Champions
cust_001526,371,2,248.58,2,3,2,7,Potential Loyalists
cust_001528,619,2,651.6600000000001,1,3,3,7,Potential Loyalists
cust_001529,78,2,913.5,4,3,3,10,Champions
cust_001531,36,4,4013.3,4,4,4,12,Champions
cust_001532,61,1,1060.6,4,1,3,8,Loyal Customers
cust_001536,263,2,836.23,2,3,3,8,Loyal Customers
cust_001537,188,3,2626.11,3,4,4,11,Champions
cust_001538,36,2,918.61,4,3,3,10,Champions
cust_001539,391,1,1669.7400000000002,2,1,3,6,Potential Loyalists
cust_001540,411,1,57.05,2,1,1,4,Needs Attention
cust_001541,609,1,97.22,1,1,1,3,Needs Attention
cust_001542,593,1,1070.53,1,1,3,5,At Risk (high value)
cust_001543,473,1,309.58,1,1,2,4,Needs Attention
cust_001545,351,2,329.01,2,3,2,7,Potential Loyalists
cust_001546,37,2,3064.6,4,3,4,11,Champions
cust_001547,330,1,425.56,2,1,2,5,Needs Attention
cust_001548,25,3,315.07,4,4,2,10,Champions
cust_001549,238,1,259.36,3,1,2,6,Potential Loyalists
cust_001550,81,3,358.03999999999996,4,4,2,10,Champions
cust_001551,128,3,3041.0200000000004,3,4,4,11,Champions
cust_001552,308,1,191.6,2,1,1,4,Needs Attention
cust_001553,529,1,2315.6000000000004,1,1,4,6,Potential Loyalists
cust_001555,55,2,2113.12,4,3,4,11,Champions
cust_001556,29,2,2138.9500000000003,4,3,4,11,Champions
cust_001558,339,2,391.77,2,3,2,7,Potential Loyalists
cust_001559,349,2,617.6,2,3,3,8,Loyal Customers
cust_001560,40,2,766.6000000000001,4,3,3,10,Champions
cust_001561,45,3,2418.1,4,4,4,12,Champions
cust_001562,609,1,42.97,1,1,1,3,Needs Attention
cust_001563,227,2,2652.02,3,3,4,10,Champions
cust_001564,112,2,1587.05,3,3,3,9,Loyal Customers
cust_001565,76,2,499.86,4,3,2,9,Loyal Customers
cust_001567,385,2,596.4200000000001,2,3,3,8,Loyal Customers
cust_001568,54,1,839.37,4,1,3,8,Loyal Customers
cust_001569,356,1,48.73,2,1,1,4,Needs Attention
cust_001571,434,1,187.44,1,1,1,3,Needs Attention
cust_001573,17,1,215.29,4,1,1,6,Potential Loyalists
cust_001574,15,2,359.88,4,3,2,9,Loyal Customers
cust_001575,184,1,339.64,3,1,2,6,Potential Loyalists
cust_001577,14,2,2874.29,4,3,4,11,Champions
cust_001578,286,1,3243.52,2,1,4,7,Potential Loyalists
cust_001581,286,2,1257.81,2,3,3,8,Loyal Customers
cust_001582,704,1,190.65,1,1,1,3,Needs Attention
cust_001583,243,1,316.82,2,1,2,5,Needs Attention
cust_001585,701,2,423.58000000000004,1,3,2,6,Potential Loyalists
cust_001587,65,2,3166.04,4,3,4,11,Champions
cust_001588,238,1,736.17,3,1,3,7,Potential Loyalists
cust_001589,69,2,3567.6400000000003,4,3,4,11,Champions
cust_001590,103,2,3821.5199999999995,3,3,4,10,Champions
cust_001591,227,1,62.190000000000005,3,1,1,5,Needs Attention
cust_001592,410,1,2827.86,2,1,4,7,Potential Loyalists
cust_001596,297,2,431.0,2,3,2,7,Potential Loyalists
cust_001597,468,1,72.44,1,1,1,3,Needs Attention
cust_001600,362,2,214.76,2,3,1,6,Potential Loyalists
cust_001601,652,1,110.84,1,1,1,3,Needs Attention
cust_001603,395,1,396.31,2,1,2,5,Needs Attention
cust_001604,509,1,1418.73,1,1,3,5,At Risk (high value)
cust_001605,3,2,2151.7799999999997,4,3,4,11,Champions
cust_001607,385,2,2105.25,2,3,4,9,Loyal Customers
cust_001609,239,2,683.0,3,3,3,9,Loyal Customers
cust_001610,447,1,1171.98,1,1,3,5,At Risk (high value)
cust_001612,685,1,327.98,1,1,2,4,Needs Attention
cust_001613,106,3,1238.31,3,4,3,10,Champions
cust_001614,706,1,548.8,1,1,2,4,Needs Attention
cust_001615,316,1,261.4,2,1,2,5,Needs Attention
cust_001616,308,1,1020.12,2,1,3,6,Potential Loyalists
cust_001617,308,1,26.59,2,1,1,4,Needs Attention
cust_001618,408,1,206.97,2,1,1,4,Needs Attention
cust_001619,161,2,637.8299999999999,3,3,3,9,Loyal Customers
cust_001620,208,6,3506.17,3,4,4,11,Champions
cust_001622,342,2,2033.41,2,3,4,9,Loyal Customers
cust_001625,356,2,226.84,2,3,1,6,Potential Loyalists
cust_001626,371,1,106.22,2,1,1,4,Needs Attention
cust_001627,266,2,2459.0699999999997,2,3,4,9,Loyal Customers
cust_001628,322,1,686.48,2,1,3,6,Potential Loyalists
cust_001629,105,3,1783.1,3,4,4,11,Champions
cust_001630,37,1,221.25,4,1,1,6,Potential Loyalists
cust_001631,590,1,166.54999999999998,1,1,1,3,Needs Attention
cust_001633,155,2,173.14999999999998,3,3,1,7,Potential Loyalists
cust_001635,60,2,1250.87,4,3,3,10,Champions
cust_001636,61,3,3519.22,4,4,4,12,Champions
cust_001637,308,1,160.17999999999998,2,1,1,4,Needs Attention
cust_001638,452,1,194.88,1,1,1,3,Needs Attention
cust_001639,712,1,1824.52,1,1,4,6,Potential Loyalists
cust_001640,194,1,245.5,3,1,2,6,Potential Loyalists
cust_001641,627,1,1031.3,1,1,3,5,At Risk (high value)
cust_001644,495,1,1969.52,1,1,4,6,Potential Loyalists
cust_001645,265,4,2249.01,2,4,4,10,Champions
cust_001646,41,4,1612.87,4,4,3,11,Champions
cust_001647,146,2,511.37,3,3,2,8,Loyal Customers
cust_001648,191,2,1091.81,3,3,3,9,Loyal Customers
cust_001649,671,2,378.71000000000004,1,3,2,6,Potential Loyalists
cust_001650,197,1,195.69,3,1,1,5,Needs Attention
cust_001651,620,1,1371.43,1,1,3,5,At Risk (high value)
cust_001652,419,2,2467.29,2,3,4,9,Loyal Customers
cust_001653,217,1,230.99,3,1,1,5,Needs Attention
cust_001654,597,1,581.62,1,1,3,5,At Risk (high value)
cust_001655,91,1,2851.65,4,1,4,9,Loyal Customers
cust_001656,287,3,3680.38,2,4,4,10,Champions
cust_001657,461,1,2658.6600000000003,1,1,4,6,Potential Loyalists
cust_001658,187,2,570.9,3,3,2,8,Loyal Customers
cust_001659,188,1,150.01,3,1,1,5,Needs Attention
cust_001660,193,2,433.65,3,3,2,8,Loyal Customers
cust_001661,466,1,154.81,1,1,1,3,Needs Attention
cust_001663,174,3,1639.14,3,4,3,10,Champions
cust_001664,488,1,946.07,1,1,3,5,At Risk (high value)
cust_001665,703,1,2055.0,1,1,4,6,Potential Loyalists
cust_001666,71,2,840.1700000000001,4,3,3,10,Champions
cust_001667,231,4,3525.1,3,4,4,11,Champions
cust_001668,328,1,219.06,2,1,1,4,Needs Attention
cust_001669,631,1,94.35,1,1,1,3,Needs Attention
cust_001671,377,1,130.6,2,1,1,4,Needs Attention
cust_001672,381,1,2743.4500000000003,2,1,4,7,Potential Loyalists
cust_001673,4,3,3742.2599999999998,4,4,4,12,Champions
cust_001674,335,2,2852.5,2,3,4,9,Loyal Customers
cust_001676,482,1,177.58,1,1,1,3,Needs Attention
cust_001677,315,2,3183.3500000000004,2,3,4,9,Loyal Customers
cust_001678,172,3,1673.74,3,4,3,10,Champions
cust_001679,153,3,2564.56,3,4,4,11,Champions
cust_001680,510,1,1199.77,1,1,3,5,At Risk (high value)
cust_001681,108,1,106.24,3,1,1,5,Needs Attention
cust_001682,113,2,186.60000000000002,3,3,1,7,Potential Loyalists
cust_001685,651,1,24.25,1,1,1,3,Needs Attention
cust_001686,575,1,785.65,1,1,3,5,At Risk (high value)
cust_001687,40,2,543.12,4,3,2,9,Loyal Customers
cust_001689,26,4,6016.2,4,4,4,12,Champions
cust_001690,177,3,2359.4900000000002,3,4,4,11,Champions
cust_001693,167,2,393.73,3,3,2,8,Loyal Customers
cust_001695,273,2,1522.96,2,3,3,8,Loyal Customers
cust_001696,215,1,82.77,3,1,1,5,Needs Attention
cust_001699,349,1,132.05,2,1,1,4,Needs Attention
cust_001700,157,1,552.23,3,1,2,6,Potential Loyalists
cust_001701,292,1,349.07000000000005,2,1,2,5,Needs Attention
cust_001702,472,1,1339.89,1,1,3,5,At Risk (high value)
cust_001704,572,1,177.97,1,1,1,3,Needs Attention
cust_001706,162,2,2404.74,3,3,4,10,Champions
cust_001707,106,1,215.84,3,1,1,5,Needs Attention
cust_001708,15,1,258.94,4,1,2,7,Potential Loyalists
cust_001709,18,2,789.49,4,3,3,10,Champions
cust_001711,9,2,262.90000000000003,4,3,2,9,Loyal Customers
cust_001712,76,1,472.63,4,1,2,7,Potential Loyalists
cust_001715,250,2,3911.58,2,3,4,9,Loyal Customers
cust_001716,284,2,110.03,2,3,1,6,Potential Loyalists
cust_001717,342,2,1919.88,2,3,4,9,Loyal Customers
cust_001718,83,1,370.31,4,1,2,7,Potential Loyalists
cust_001719,285,1,76.79,2,1,1,4,Needs Attention
cust_001721,61,4,896.62,4,4,3,11,Champions
cust_001723,371,1,137.47,2,1,1,4,Needs Attention
cust_001724,208,4,2941.4199999999996,3,4,4,11,Champions
cust_001725,78,4,2076.14,4,4,4,12,Champions
cust_001726,695,1,267.66,1,1,2,4,Needs Attention
cust_001727,262,1,123.03,2,1,1,4,Needs Attention
cust_001728,550,1,209.64,1,1,1,3,Needs Attention
cust_001733,21,2,1290.53,4,3,3,10,Champions
cust_001734,96,4,2781.82,4,4,4,12,Champions
cust_001735,725,1,542.78,1,1,2,4,Needs Attention
cust_001736,287,1,724.6,2,1,3,6,Potential Loyalists
cust_001737,541,1,122.6,1,1,1,3,Needs Attention
cust_001738,678,1,307.85,1,1,2,4,Needs Attention
cust_001740,307,1,165.75,2,1,1,4,Needs Attention
cust_001741,161,2,3259.6200000000003,3,3,4,10,Champions
cust_001742,175,2,180.05,3,3,1,7,Potential Loyalists
cust_001744,648,1,108.33,1,1,1,3,Needs Attention
cust_001745,385,1,224.28,2,1,1,4,Needs Attention
cust_001746,337,2,431.87,2,3,2,7,Potential Loyalists
cust_001749,293,2,620.1600000000001,2,3,3,8,Loyal Customers
cust_001750,223,3,1023.56,3,4,3,10,Champions
cust_001751,85,2,411.65,4,3,2,9,Loyal Customers
cust_001752,38,1,2398.8100000000004,4,1,4,9,Loyal Customers
cust_001753,204,2,2315.79,3,3,4,10,Champions
cust_001754,4,3,1631.27,4,4,3,11,Champions
cust_001755,299,2,2164.99,2,3,4,9,Loyal Customers
cust_001756,35,3,409.16,4,4,2,10,Champions
cust_001757,78,4,4105.56,4,4,4,12,Champions
cust_001758,332,1,69.9,2,1,1,4,Needs Attention
cust_001759,79,1,93.09,4,1,1,6,Potential Loyalists
cust_001760,474,1,222.95,1,1,1,3,Needs Attention
cust_001761,30,1,64.28999999999999,4,1,1,6,Potential Loyalists
cust_001762,113,2,378.45,3,3,2,8,Loyal Customers
cust_001763,442,2,1861.19,1,3,4,8,Loyal Customers
cust_001764,40,3,1140.3400000000001,4,4,3,11,Champions
cust_001766,346,1,560.11,2,1,2,5,Needs Attention
cust_001770,185,1,789.38,3,1,3,7,Potential Loyalists
cust_001771,122,1,254.31,3,1,2,6,Potential Loyalists
cust_001772,53,3,647.1700000000001,4,4,3,11,Champions
cust_001773,48,3,1965.63,4,4,4,12,Champions
cust_001774,392,3,3396.6400000000003,2,4,4,10,Champions
cust_001776,421,1,1255.23,2,1,3,6,Potential Loyalists
cust_001777,44,3,734.99,4,4,3,11,Champions
cust_001778,1,2,1814.2099999999998,4,3,4,11,Champions
cust_001779,162,3,853.1,3,4,3,10,Champions
cust_001780,109,2,340.66,3,3,2,8,Loyal Customers
cust_001781,560,2,725.91,1,3,3,7,Potential Loyalists
cust_001782,29,2,3817.7200000000003,4,3,4,11,Champions
cust_001784,526,2,657.86,1,3,3,7,Potential Loyalists
cust_001785,373,1,142.04,2,1,1,4,Needs Attention
cust_001786,413,1,163.98,2,1,1,4,Needs Attention
cust_001787,158,3,916.3800000000001,3,4,3,10,Champions
cust_001788,377,1,84.3,2,1,1,4,Needs Attention
cust_001789,114,3,861.26,3,4,3,10,Champions
cust_001790,703,1,2845.39,1,1,4,6,Potential Loyalists
cust_001792,274,2,2095.38,2,3,4,9,Loyal Customers
cust_001793,7,2,1410.85,4,3,3,10,Champions
cust_001794,525,1,2098.12,1,1,4,6,Potential Loyalists
cust_001796,119,1,136.29,3,1,1,5,Needs Attention
cust_001797,357,2,2151.42,2,3,4,9,Loyal Customers
cust_001798,12,2,391.04,4,3,2,9,Loyal Customers
cust_001799,722,1,119.67,1,1,1,3,Needs Attention
cust_001800,253,2,2220.55,2,3,4,9,Loyal Customers
cust_001801,140,1,72.83999999999999,3,1,1,5,Needs Attention
cust_001802,303,2,1770.96,2,3,4,9,Loyal Customers
cust_001803,47,1,499.88,4,1,2,7,Potential Loyalists
cust_001804,679,1,222.5,1,1,1,3,Needs Attention
cust_001806,58,3,216.54000000000002,4,4,1,9,Loyal Customers
cust_001809,267,2,368.7,2,3,2,7,Potential Loyalists
cust_001810,268,2,532.36,2,3,2,7,Potential Loyalists
cust_001811,433,1,246.96,1,1,2,4,Needs Attention
cust_001812,362,2,533.4300000000001,2,3,2,7,Potential Loyalists
cust_001813,228,2,424.08,3,3,2,8,Loyal Customers
cust_001814,53,1,606.5799999999999,4,1,3,8,Loyal Customers
cust_001815,416,1,484.54,2,1,2,5,Needs Attention
cust_001816,421,2,1019.05,2,3,3,8,Loyal Customers
cust_001817,213,1,256.65000000000003,3,1,2,6,Potential Loyalists
cust_001818,382,1,1486.9,2,1,3,6,Potential Loyalists
cust_001819,131,2,351.77,3,3,2,8,Loyal Customers
cust_001820,729,1,29.27,1,1,1,3,Needs Attention
cust_001821,27,1,2380.0,4,1,4,9,Loyal Customers
cust_001823,88,4,2930.25,4,4,4,12,Champions
cust_001824,466,1,2510.9,1,1,4,6,Potential Loyalists
cust_001826,556,1,1271.85,1,1,3,5,At Risk (high value)
cust_001827,200,2,235.6,3,3,1,7,Potential Loyalists
cust_001828,7,3,1459.8,4,4,3,11,Champions
cust_001829,98,2,2834.41,3,3,4,10,Champions
cust_001830,290,1,794.91,2,1,3,6,Potential Loyalists
cust_001831,213,2,445.64,3,3,2,8,Loyal Customers
cust_001832,272,2,738.02,2,3,3,8,Loyal Customers
cust_001834,211,1,2785.36,3,1,4,8,Loyal Customers
cust_001837,190,1,2284.06,3,1,4,8,Loyal Customers
cust_001838,352,1,228.94,2,1,1,4,Needs Attention
cust_001839,453,1,55.22,1,1,1,3,Needs Attention
cust_001840,658,1,49.58,1,1,1,3,Needs Attention
cust_001841,82,2,1601.44,4,3,3,10,Champions
cust_001842,180,2,523.35,3,3,2,8,Loyal Customers
cust_001843,62,3,3105.29,4,4,4,12,Champions
cust_001844,648,1,2526.97,1,1,4,6,Potential Loyalists
cust_001845,255,2,814.6,2,3,3,8,Loyal Customers
cust_001846,388,2,150.48000000000002,2,3,1,6,Potential Loyalists
cust_001847,370,1,183.77,2,1,1,4,Needs Attention
cust_001848,94,3,316.75,4,4,2,10,Champions
cust_001849,12,3,569.93,4,4,2,10,Champions
cust_001850,586,1,82.23,1,1,1,3,Needs Attention
cust_001851,241,1,330.33,3,1,2,6,Potential Loyalists
cust_001852,107,1,159.78,3,1,1,5,Needs Attention
cust_001853,201,1,460.51,3,1,2,6,Potential Loyalists
cust_001854,216,3,2512.6400000000003,3,4,4,11,Champions
cust_001855,585,1,376.0,1,1,2,4,Needs Attention
cust_001856,315,2,1736.78,2,3,3,8,Loyal Customers
cust_001857,146,2,361.54999999999995,3,3,2,8,Loyal Customers
cust_001858,712,1,2096.37,1,1,4,6,Potential Loyalists
cust_001859,171,1,279.62,3,1,2,6,Potential Loyalists
cust_001860,182,3,668.5999999999999,3,4,3,10,Champions
cust_001861,293,2,3148.8100000000004,2,3,4,9,Loyal Customers
cust_001863,312,1,383.47,2,1,2,5,Needs Attention
cust_001864,479,1,131.55,1,1,1,3,Needs Attention
cust_001865,500,1,54.790000000000006,1,1,1,3,Needs Attention
cust_001867,435,1,892.25,1,1,3,5,At Risk (high value)
cust_001868,33,3,1980.1100000000001,4,4,4,12,Champions
cust_001871,624,1,30.25,1,1,1,3,Needs Attention
cust_001872,286,3,399.81,2,4,2,8,Loyal Customers
cust_001873,183,2,1451.46,3,3,3,9,Loyal Customers
cust_001874,195,1,535.4,3,1,2,6,Potential Loyalists
cust_001875,237,4,4136.78,3,4,4,11,Champions
cust_001876,79,1,2362.07,4,1,4,9,Loyal Customers
cust_001877,90,3,1125.53,4,4,3,11,Champions
cust_001878,249,2,390.36,2,3,2,7,Potential Loyalists
cust_001879,28,2,102.58,4,3,1,8,Loyal Customers
cust_001881,63,3,770.35,4,4,3,11,Champions
cust_001882,509,1,678.22,1,1,3,5,At Risk (high value)
cust_001883,20,2,636.22,4,3,3,10,Champions
cust_001884,59,4,798.83,4,4,3,11,Champions
cust_001885,237,3,3147.15,3,4,4,11,Champions
cust_001886,656,1,113.58,1,1,1,3,Needs Attention
cust_001887,18,2,238.33,4,3,1,8,Loyal Customers
cust_001888,129,1,266.73,3,1,2,6,Potential Loyalists
cust_001892,180,3,2541.22,3,4,4,11,Champions
cust_001893,575,2,1392.27,1,3,3,7,Potential Loyalists
cust_001894,11,2,2218.1299999999997,4,3,4,11,Champions
cust_001895,349,3,632.24,2,4,3,9,Loyal Customers
cust_001896,94,2,650.33,4,3,3,10,Champions
cust_001897,307,2,342.1,2,3,2,7,Potential Loyalists
cust_001898,22,1,131.29999999999998,4,1,1,6,Potential Loyalists
cust_001899,660,1,772.4,1,1,3,5,At Risk (high value)
cust_001900,141,3,2763.66,3,4,4,11,Champions
cust_001902,181,2,644.59,3,3,3,9,Loyal Customers
cust_001903,439,2,883.6099999999999,1,3,3,7,Potential Loyalists
cust_001904,410,1,358.13,2,1,2,5,Needs Attention
cust_001906,183,4,4146.0599999999995,3,4,4,11,Champions
cust_001907,17,5,3485.24,4,4,4,12,Champions
cust_001908,556,2,570.46,1,3,2,6,Potential Loyalists
cust_001909,173,3,389.33,3,4,2,9,Loyal Customers
cust_001910,364,2,2561.6200000000003,2,3,4,9,Loyal Customers
cust_001912,423,2,2929.45,2,3,4,9,Loyal Customers
cust_001913,191,3,347.08,3,4,2,9,Loyal Customers
cust_001914,309,2,2220.47,2,3,4,9,Loyal Customers
cust_001915,613,1,252.75,1,1,2,4,Needs Attention
cust_001916,78,2,418.87,4,3,2,9,Loyal Customers
cust_001917,193,2,179.46,3,3,1,7,Potential Loyalists
cust_001918,207,1,1472.72,3,1,3,7,Potential Loyalists
cust_001919,199,2,2704.0299999999997,3,3,4,10,Champions
cust_001920,322,2,1972.1399999999999,2,3,4,9,Loyal Customers
cust_001922,115,1,896.32,3,1,3,7,Potential Loyalists
cust_001924,358,1,309.89,2,1,2,5,Needs Attention
cust_001925,67,3,320.79,4,4,2,10,Champions
cust_001927,46,2,556.15,4,3,2,9,Loyal Customers
cust_001928,34,2,2282.5,4,3,4,11,Champions
cust_001929,529,1,30.24,1,1,1,3,Needs Attention
cust_001930,15,1,1269.76,4,1,3,8,Loyal Customers
cust_001931,233,2,2815.85,3,3,4,10,Champions
cust_001932,154,4,2811.8600000000006,3,4,4,11,Champions
cust_001933,548,1,544.31,1,1,2,4,Needs Attention
cust_001934,153,1,1965.21,3,1,4,8,Loyal Customers
cust_001935,689,1,1593.86,1,1,3,5,At Risk (high value)
cust_001936,98,3,2275.74,3,4,4,11,Champions
cust_001937,291,1,1047.98,2,1,3,6,Potential Loyalists
cust_001938,105,2,378.66999999999996,3,3,2,8,Loyal Customers
cust_001939,96,2,149.18,4,3,1,8,Loyal Customers
cust_001940,720,1,405.7600000000001,1,1,2,4,Needs Attention
cust_001941,183,1,986.34,3,1,3,7,Potential Loyalists
cust_001942,374,3,497.66,2,4,2,8,Loyal Customers
cust_001945,503,1,175.77,1,1,1,3,Needs Attention
cust_001946,21,3,3185.17,4,4,4,12,Champions
cust_001948,340,2,860.49,2,3,3,8,Loyal Customers
cust_001949,224,2,135.68,3,3,1,7,Potential Loyalists
cust_001950,117,1,341.66,3,1,2,6,Potential Loyalists
cust_001951,268,1,759.59,2,1,3,6,Potential Loyalists
cust_001953,24,2,212.97,4,3,1,8,Loyal Customers
cust_001954,720,1,48.010000000000005,1,1,1,3,Needs Attention
cust_001956,432,1,1948.15,1,1,4,6,Potential Loyalists
cust_001958,129,1,985.73,3,1,3,7,Potential Loyalists
cust_001959,395,1,1299.31,2,1,3,6,Potential Loyalists
cust_001960,100,4,1979.71,3,4,4,11,Champions
cust_001961,168,1,289.24,3,1,2,6,Potential Loyalists
cust_001963,625,1,577.72,1,1,2,4,Needs Attention
cust_001966,633,1,422.61,1,1,2,4,Needs Attention
cust_001967,169,1,170.99,3,1,1,5,Needs Attention
cust_001968,179,1,2066.16,3,1,4,8,Loyal Customers
cust_001969,537,1,408.72,1,1,2,4,Needs Attention
cust_001970,491,2,2305.66,1,3,4,8,Loyal Customers
cust_001971,88,1,1519.38,4,1,3,8,Loyal Customers
cust_001973,99,2,868.96,3,3,3,9,Loyal Customers
cust_001974,462,1,147.01,1,1,1,3,Needs Attention
cust_001975,729,1,86.05000000000001,1,1,1,3,Needs Attention
cust_001976,201,2,253.86999999999998,3,3,2,8,Loyal Customers
cust_001977,452,1,260.5,1,1,2,4,Needs Attention
cust_001980,149,1,91.34,3,1,1,5,Needs Attention
cust_001982,233,1,673.6500000000001,3,1,3,7,Potential Loyalists
cust_001985,271,2,712.5699999999999,2,3,3,8,Loyal Customers
cust_001986,13,4,4223.14,4,4,4,12,Champions
cust_001987,631,1,658.2800000000001,1,1,3,5,At Risk (high value)
cust_001988,253,1,451.97,2,1,2,5,Needs Attention
cust_001990,500,3,2771.8599999999997,1,4,4,9,Loyal Customers
cust_001991,263,1,1999.48,2,1,4,7,Potential Loyalists
cust_001992,119,2,3467.87,3,3,4,10,Champions
cust_001993,635,1,250.55,1,1,2,4,Needs Attention
cust_001994,267,2,804.5999999999999,2,3,3,8,Loyal Customers
cust_001995,617,1,760.25,1,1,3,5,At Risk (high value)
cust_001996,68,3,2915.15,4,4,4,12,Champions
cust_001997,303,2,2666.2400000000002,2,3,4,9,Loyal Customers
cust_001998,610,2,1463.85,1,3,3,7,Potential Loyalists
cust_001999,25,2,184.19,4,3,1,8,Loyal Customers
cust_002000,29,3,3256.7400000000002,4,4,4,12,Champions
cust_002001,55,2,501.32,4,3,2,9,Loyal Customers
cust_002005,573,1,259.49,1,1,2,4,Needs Attention
cust_002007,229,2,397.6,3,3,2,8,Loyal Customers
cust_002010,32,3,3675.79,4,4,4,12,Champions
cust_002011,37,3,548.23,4,4,2,10,Champions
cust_002013,439,1,154.31,1,1,1,3,Needs Attention
cust_002014,2,3,2348.7799999999997,4,4,4,12,Champions
cust_002015,91,3,4783.79,4,4,4,12,Champions
cust_002016,138,2,1829.3899999999999,3,3,4,10,Champions
cust_002017,390,2,149.75,2,3,1,6,Potential Loyalists
cust_002018,612,1,17.240000000000002,1,1,1,3,Needs Attention
cust_002019,294,1,1936.7,2,1,4,7,Potential Loyalists
cust_002022,7,1,591.46,4,1,3,8,Loyal Customers
cust_002023,259,1,1011.78,2,1,3,6,Potential Loyalists
cust_002024,56,4,1000.98,4,4,3,11,Champions
cust_002026,456,1,192.59,1,1,1,3,Needs Attention
cust_002027,264,1,1521.5800000000002,2,1,3,6,Potential Loyalists
cust_002028,213,1,301.83,3,1,2,6,Potential Loyalists
cust_002029,722,1,2604.9300000000003,1,1,4,6,Potential Loyalists
cust_002030,387,1,60.7,2,1,1,4,Needs Attention
cust_002031,701,1,396.21,1,1,2,4,Needs Attention
cust_002032,74,4,585.39,4,4,3,11,Champions
cust_002033,178,1,379.62,3,1,2,6,Potential Loyalists
cust_002035,17,2,749.1800000000001,4,3,3,10,Champions
cust_002036,197,1,22.25,3,1,1,5,Needs Attention
cust_002037,691,1,107.66,1,1,1,3,Needs Attention
cust_002038,201,1,2756.45,3,1,4,8,Loyal Customers
cust_002040,5,1,2304.37,4,1,4,9,Loyal Customers
cust_002041,233,1,65.92,3,1,1,5,Needs Attention
cust_002042,340,1,276.56,2,1,2,5,Needs Attention
cust_002043,604,1,42.84,1,1,1,3,Needs Attention
cust_002044,20,4,826.95,4,4,3,11,Champions
cust_002047,285,2,1463.67,2,3,3,8,Loyal Customers
cust_002048,43,3,2517.0099999999998,4,4,4,12,Champions
cust_002049,141,3,1039.19,3,4,3,10,Champions
cust_002050,8,2,1286.1200000000001,4,3,3,10,Champions
cust_002051,666,1,352.99,1,1,2,4,Needs Attention
cust_002052,3,1,495.08,4,1,2,7,Potential Loyalists
cust_002053,105,1,330.32,3,1,2,6,Potential Loyalists
cust_002056,55,2,3521.09,4,3,4,11,Champions
cust_002057,97,1,32.86,3,1,1,5,Needs Attention
cust_002058,178,1,658.26,3,1,3,7,Potential Loyalists
cust_002059,727,1,132.05,1,1,1,3,Needs Attention
cust_002060,43,3,3936.0,4,4,4,12,Champions
cust_002061,596,1,296.34000000000003,1,1,2,4,Needs Attention
cust_002062,120,3,246.26999999999998,3,4,2,9,Loyal Customers
cust_002063,594,2,1068.29,1,3,3,7,Potential Loyalists
cust_002064,71,4,1704.4899999999998,4,4,3,11,Champions
cust_002065,149,1,69.77,3,1,1,5,Needs Attention
cust_002066,410,1,115.22,2,1,1,4,Needs Attention
cust_002068,186,3,885.9100000000001,3,4,3,10,Champions
cust_002070,230,3,4164.01,3,4,4,11,Champions
cust_002071,320,1,1047.93,2,1,3,6,Potential Loyalists
cust_002072,408,3,1496.5300000000002,2,4,3,9,Loyal Customers
cust_002073,99,2,2402.96,3,3,4,10,Champions
cust_002074,154,1,283.58,3,1,2,6,Potential Loyalists
cust_002076,120,3,1364.74,3,4,3,10,Champions
cust_002077,113,1,219.77,3,1,1,5,Needs Attention
cust_002079,600,1,177.32000000000002,1,1,1,3,Needs Attention
cust_002080,117,1,108.73,3,1,1,5,Needs Attention
cust_002082,56,2,252.05,4,3,2,9,Loyal Customers
cust_002083,112,2,776.8399999999999,3,3,3,9,Loyal Customers
cust_002088,203,1,484.28,3,1,2,6,Potential Loyalists
cust_002090,702,1,171.71,1,1,1,3,Needs Attention
cust_002091,634,1,70.18,1,1,1,3,Needs Attention
cust_002092,614,1,214.69,1,1,1,3,Needs Attention
cust_002093,137,3,366.36,3,4,2,9,Loyal Customers
cust_002094,481,1,26.24,1,1,1,3,Needs Attention
cust_002096,97,3,400.0,3,4,2,9,Loyal Customers
cust_002097,435,1,179.74,1,1,1,3,Needs Attention
cust_002098,45,2,2696.91,4,3,4,11,Champions
cust_002100,412,1,372.14,2,1,2,5,Needs Attention
cust_002101,548,1,90.94,1,1,1,3,Needs Attention
cust_002102,568,1,1379.56,1,1,3,5,At Risk (high value)
cust_002103,448,1,1297.65,1,1,3,5,At Risk (high value)
cust_002104,384,1,123.27,2,1,1,4,Needs Attention
cust_002105,66,4,786.58,4,4,3,11,Champions
cust_002106,10,1,1086.08,4,1,3,8,Loyal Customers
cust_002107,137,3,575.4599999999999,3,4,2,9,Loyal Customers
cust_002108,79,1,945.26,4,1,3,8,Loyal Customers
cust_002110,488,1,160.64999999999998,1,1,1,3,Needs Attention
cust_002113,172,3,588.88,3,4,3,10,Champions
cust_002114,645,1,557.91,1,1,2,4,Needs Attention
cust_002116,179,1,344.61,3,1,2,6,Potential Loyalists
cust_002118,661,1,98.59,1,1,1,3,Needs Attention
cust_002120,237,4,755.09,3,4,3,10,Champions
cust_002121,17,1,187.36,4,1,1,6,Potential Loyalists
cust_002122,300,1,1877.1,2,1,4,7,Potential Loyalists
cust_002123,18,1,3295.3500000000004,4,1,4,9,Loyal Customers
cust_002124,552,1,102.09,1,1,1,3,Needs Attention
cust_002125,42,2,576.58,4,3,2,9,Loyal Customers
cust_002126,205,1,66.32,3,1,1,5,Needs Attention
cust_002128,217,1,303.90000000000003,3,1,2,6,Potential Loyalists
cust_002130,454,2,313.44,1,3,2,6,Potential Loyalists
cust_002131,23,1,187.34,4,1,1,6,Potential Loyalists
cust_002135,302,1,227.84,2,1,1,4,Needs Attention
cust_002136,81,1,2026.9,4,1,4,9,Loyal Customers
cust_002137,117,1,192.06,3,1,1,5,Needs Attention
cust_002138,209,1,118.35,3,1,1,5,Needs Attention
cust_002139,40,1,271.37,4,1,2,7,Potential Loyalists
cust_002141,41,1,118.03,4,1,1,6,Potential Loyalists
cust_002142,516,1,819.38,1,1,3,5,At Risk (high value)
cust_002143,85,2,1152.03,4,3,3,10,Champions
cust_002147,518,1,3327.37,1,1,4,6,Potential Loyalists
cust_002148,164,2,302.45000000000005,3,3,2,8,Loyal Customers
cust_002149,218,1,57.83,3,1,1,5,Needs Attention
cust_002151,596,1,347.12,1,1,2,4,Needs Attention
cust_002153,357,1,262.75,2,1,2,5,Needs Attention
cust_002155,50,3,1539.21,4,4,3,11,Champions
cust_002156,267,2,69.05,2,3,1,6,Potential Loyalists
cust_002158,160,3,698.5699999999999,3,4,3,10,Champions
cust_002159,14,3,536.89,4,4,2,10,Champions
cust_002160,289,3,2103.59,2,4,4,10,Champions
cust_002161,224,2,2155.91,3,3,4,10,Champions
cust_002162,489,2,4663.3,1,3,4,8,Loyal Customers
cust_002163,419,1,267.49,2,1,2,5,Needs Attention
cust_002164,56,2,1470.99,4,3,3,10,Champions
cust_002165,188,1,264.06,3,1,2,6,Potential Loyalists
cust_002166,524,1,215.67,1,1,1,3,Needs Attention
cust_002169,107,2,218.27,3,3,1,7,Potential Loyalists
cust_002170,230,3,833.54,3,4,3,10,Champions
cust_002171,470,1,180.43,1,1,1,3,Needs Attention
cust_002172,426,2,2446.11,2,3,4,9,Loyal Customers
cust_002173,371,1,220.97,2,1,1,4,Needs Attention
cust_002176,112,3,1317.31,3,4,3,10,Champions
cust_002178,512,1,612.05,1,1,3,5,At Risk (high value)
cust_002179,7,4,1258.73,4,4,3,11,Champions
cust_002180,575,2,784.0799999999999,1,3,3,7,Potential Loyalists
cust_002181,318,5,1575.44,2,4,3,9,Loyal Customers
cust_002185,230,1,93.67,3,1,1,5,Needs Attention
cust_002186,196,2,188.69,3,3,1,7,Potential Loyalists
cust_002187,102,1,793.5699999999999,3,1,3,7,Potential Loyalists
cust_002190,265,2,2445.84,2,3,4,9,Loyal Customers
cust_002191,671,1,217.12,1,1,1,3,Needs Attention
cust_002192,539,1,637.0,1,1,3,5,At Risk (high value)
cust_002193,29,1,716.09,4,1,3,8,Loyal Customers
cust_002195,285,1,116.77,2,1,1,4,Needs Attention
cust_002196,168,5,1396.57,3,4,3,10,Champions
cust_002197,386,1,83.21,2,1,1,4,Needs Attention
cust_002198,317,2,1367.94,2,3,3,8,Loyal Customers
cust_002200,444,1,2373.85,1,1,4,6,Potential Loyalists
cust_002203,1,2,3076.0,4,3,4,11,Champions
cust_002204,212,3,481.76,3,4,2,9,Loyal Customers
cust_002205,149,2,1243.72,3,3,3,9,Loyal Customers
cust_002206,443,1,786.54,1,1,3,5,At Risk (high value)
cust_002207,419,1,166.45,2,1,1,4,Needs Attention
cust_002208,495,1,2553.3100000000004,1,1,4,6,Potential Loyalists
cust_002210,557,1,403.79,1,1,2,4,Needs Attention
cust_002211,266,1,3046.91,2,1,4,7,Potential Loyalists
cust_002212,95,3,413.15,4,4,2,10,Champions
cust_002215,705,1,252.17,1,1,2,4,Needs Attention
cust_002217,440,3,1475.58,1,4,3,8,Loyal Customers
cust_002218,2,2,1047.98,4,3,3,10,Champions
cust_002219,70,1,2778.92,4,1,4,9,Loyal Customers
cust_002220,409,2,3025.81,2,3,4,9,Loyal Customers
cust_002222,250,1,167.10000000000002,2,1,1,4,Needs Attention
cust_002223,450,1,464.96,1,1,2,4,Needs Attention
cust_002224,116,3,575.29,3,4,2,9,Loyal Customers
cust_002226,204,2,144.45,3,3,1,7,Potential Loyalists
cust_002228,221,2,880.91,3,3,3,9,Loyal Customers
cust_002229,697,1,96.06,1,1,1,3,Needs Attention
cust_002230,227,2,929.8900000000001,3,3,3,9,Loyal Customers
cust_002231,115,1,1575.35,3,1,3,7,Potential Loyalists
cust_002233,206,3,5339.67,3,4,4,11,Champions
cust_002235,152,1,1556.28,3,1,3,7,Potential Loyalists
cust_002236,166,1,297.63,3,1,2,6,Potential Loyalists
cust_002237,107,1,1084.69,3,1,3,7,Potential Loyalists
cust_002239,462,1,380.3,1,1,2,4,Needs Attention
cust_002240,194,2,304.31,3,3,2,8,Loyal Customers
cust_002241,579,1,72.67,1,1,1,3,Needs Attention
cust_002242,150,3,4659.15,3,4,4,11,Champions
cust_002243,264,3,2450.65,2,4,4,10,Champions
cust_002244,6,2,209.82,4,3,1,8,Loyal Customers
cust_002246,420,1,901.92,2,1,3,6,Potential Loyalists
cust_002247,75,1,169.08,4,1,1,6,Potential Loyalists
cust_002248,366,1,290.6,2,1,2,5,Needs Attention
cust_002249,134,1,2938.94,3,1,4,8,Loyal Customers
cust_002251,197,2,1606.21,3,3,3,9,Loyal Customers
cust_002253,281,1,62.44,2,1,1,4,Needs Attention
cust_002255,369,2,251.59,2,3,2,7,Potential Loyalists
cust_002256,107,2,1087.86,3,3,3,9,Loyal Customers
cust_002257,687,1,912.98,1,1,3,5,At Risk (high value)
cust_002258,284,2,431.15,2,3,2,7,Potential Loyalists
cust_002259,138,2,362.72,3,3,2,8,Loyal Customers
cust_002260,544,1,593.48,1,1,3,5,At Risk (high value)
cust_002261,11,5,1031.02,4,4,3,11,Champions
cust_002262,158,2,326.06999999999994,3,3,2,8,Loyal Customers
cust_002263,366,3,355.31,2,4,2,8,Loyal Customers
cust_002265,36,1,1922.12,4,1,4,9,Loyal Customers
cust_002268,245,3,1041.3,2,4,3,9,Loyal Customers
cust_002269,423,2,320.5899999999999,2,3,2,7,Potential Loyalists
cust_002272,352,1,127.51,2,1,1,4,Needs Attention
cust_002273,297,1,118.15,2,1,1,4,Needs Attention
cust_002274,439,2,3028.85,1,3,4,8,Loyal Customers
cust_002276,250,3,697.5,2,4,3,9,Loyal Customers
cust_002278,204,1,170.48000000000002,3,1,1,5,Needs Attention
cust_002279,71,1,232.64,4,1,1,6,Potential Loyalists
cust_002280,62,2,373.28999999999996,4,3,2,9,Loyal Customers
cust_002282,205,2,147.55,3,3,1,7,Potential Loyalists
cust_002283,448,3,2406.72,1,4,4,9,Loyal Customers
cust_002284,19,2,484.74,4,3,2,9,Loyal Customers
cust_002285,377,2,3094.83,2,3,4,9,Loyal Customers
cust_002287,86,1,433.46,4,1,2,7,Potential Loyalists
cust_002288,241,1,164.42,3,1,1,5,Needs Attention
cust_002289,244,2,2400.2799999999997,2,3,4,9,Loyal Customers
cust_002291,13,2,358.83,4,3,2,9,Loyal Customers
cust_002292,260,3,4154.42,2,4,4,10,Champions
cust_002293,28,2,585.69,4,3,3,10,Champions
cust_002294,155,2,1134.08,3,3,3,9,Loyal Customers
cust_002295,194,1,425.18,3,1,2,6,Potential Loyalists
cust_002296,287,4,1554.92,2,4,3,9,Loyal Customers
cust_002297,700,1,58.35,1,1,1,3,Needs Attention
cust_002302,194,1,141.55,3,1,1,5,Needs Attention
cust_002303,138,3,2724.95,3,4,4,11,Champions
cust_002304,25,1,132.86,4,1,1,6,Potential Loyalists
cust_002305,406,1,1785.14,2,1,4,7,Potential Loyalists
cust_002306,40,2,514.9100000000001,4,3,2,9,Loyal Customers
cust_002307,40,2,706.5799999999999,4,3,3,10,Champions
cust_002309,425,2,493.51,2,3,2,7,Potential Loyalists
cust_002311,41,2,314.87,4,3,2,9,Loyal Customers
cust_002313,309,1,55.72,2,1,1,4,Needs Attention
cust_002314,31,1,2477.92,4,1,4,9,Loyal Customers
cust_002316,92,1,464.38,4,1,2,7,Potential Loyalists
cust_002317,472,1,74.08999999999999,1,1,1,3,Needs Attention
cust_002318,317,1,1151.07,2,1,3,6,Potential Loyalists
cust_002320,729,1,239.23,1,1,1,3,Needs Attention
cust_002321,64,2,531.78,4,3,2,9,Loyal Customers
cust_002322,34,3,641.54,4,4,3,11,Champions
cust_002324,400,2,662.41,2,3,3,8,Loyal Customers
cust_002326,515,1,208.01,1,1,1,3,Needs Attention
cust_002327,312,3,354.66999999999996,2,4,2,8,Loyal Customers
cust_002328,346,1,132.59,2,1,1,4,Needs Attention
cust_002329,354,1,243.55,2,1,2,5,Needs Attention
cust_002330,58,4,2664.56,4,4,4,12,Champions
cust_002331,560,1,204.85,1,1,1,3,Needs Attention
cust_002333,635,1,135.15,1,1,1,3,Needs Attention
cust_002335,60,1,215.51,4,1,1,6,Potential Loyalists
cust_002336,277,2,1725.6699999999998,2,3,3,8,Loyal Customers
cust_002337,484,2,469.87,1,3,2,6,Potential Loyalists
cust_002338,200,2,2384.7200000000003,3,3,4,10,Champions
cust_002339,654,1,454.72,1,1,2,4,Needs Attention
cust_002340,119,1,148.52999999999997,3,1,1,5,Needs Attention
cust_002341,68,2,412.53999999999996,4,3,2,9,Loyal Customers
cust_002343,377,3,2044.91,2,4,4,10,Champions
cust_002345,498,1,385.49,1,1,2,4,Needs Attention
cust_002346,524,1,231.25,1,1,1,3,Needs Attention
cust_002347,515,2,4016.42,1,3,4,8,Loyal Customers
cust_002349,12,3,2101.74,4,4,4,12,Champions
cust_002350,188,1,357.32,3,1,2,6,Potential Loyalists
cust_002352,387,1,65.46000000000001,2,1,1,4,Needs Attention
cust_002353,423,1,840.25,2,1,3,6,Potential Loyalists
cust_002354,457,1,256.76,1,1,2,4,Needs Attention
cust_002355,495,2,872.24,1,3,3,7,Potential Loyalists
cust_002356,618,2,976.57,1,3,3,7,Potential Loyalists
cust_002357,486,1,106.13,1,1,1,3,Needs Attention
cust_002359,119,1,844.73,3,1,3,7,Potential Loyalists
cust_002361,162,1,122.69,3,1,1,5,Needs Attention
cust_002362,299,1,224.01,2,1,1,4,Needs Attention
cust_002363,417,2,2294.73,2,3,4,9,Loyal Customers
cust_002364,586,1,218.84,1,1,1,3,Needs Attention
cust_002365,107,3,3057.62,3,4,4,11,Champions
cust_002366,340,1,279.69,2,1,2,5,Needs Attention
cust_002367,624,1,281.87,1,1,2,4,Needs Attention
cust_002368,53,5,3382.96,4,4,4,12,Champions
cust_002369,81,2,3573.87,4,3,4,11,Champions
cust_002370,474,1,2500.31,1,1,4,6,Potential Loyalists
cust_002371,218,2,561.39,3,3,2,8,Loyal Customers
cust_002372,409,2,1346.79,2,3,3,8,Loyal Customers
cust_002373,514,1,185.34,1,1,1,3,Needs Attention
cust_002374,194,1,442.94,3,1,2,6,Potential Loyalists
cust_002376,9,2,4234.67,4,3,4,11,Champions
cust_002377,221,2,241.47,3,3,2,8,Loyal Customers
cust_002378,395,1,35.71,2,1,1,4,Needs Attention
cust_002379,25,1,1940.01,4,1,4,9,Loyal Customers
cust_002381,142,1,918.48,3,1,3,7,Potential Loyalists
cust_002382,305,2,58.31,2,3,1,6,Potential Loyalists
cust_002383,323,2,296.64,2,3,2,7,Potential Loyalists
cust_002384,118,2,408.34000000000003,3,3,2,8,Loyal Customers
cust_002385,431,2,467.01,2,3,2,7,Potential Loyalists
cust_002387,55,3,1449.17,4,4,3,11,Champions
cust_002389,160,2,2162.42,3,3,4,10,Champions
cust_002391,726,1,49.8,1,1,1,3,Needs Attention
cust_002393,321,1,220.59,2,1,1,4,Needs Attention
cust_002394,23,1,2176.49,4,1,4,9,Loyal Customers
cust_002395,212,2,528.36,3,3,2,8,Loyal Customers
cust_002396,443,1,3106.79,1,1,4,6,Potential Loyalists
cust_002397,381,2,307.28,2,3,2,7,Potential Loyalists
cust_002398,366,2,288.02,2,3,2,7,Potential Loyalists
cust_002399,313,1,319.66,2,1,2,5,Needs Attention
cust_002400,444,1,230.22,1,1,1,3,Needs Attention
cust_002401,360,2,95.92,2,3,1,6,Potential Loyalists
cust_002402,460,2,197.76999999999998,1,3,1,5,Needs Attention
cust_002403,485,1,2096.23,1,1,4,6,Potential Loyalists
cust_002406,726,1,146.2,1,1,1,3,Needs Attention
cust_002407,430,1,453.2000000000001,2,1,2,5,Needs Attention
cust_002408,95,1,1963.19,4,1,4,9,Loyal Customers
cust_002409,515,2,1370.8999999999999,1,3,3,7,Potential Loyalists
cust_002410,561,1,2227.39,1,1,4,6,Potential Loyalists
cust_002411,224,1,34.57,3,1,1,5,Needs Attention
cust_002413,189,1,235.61,3,1,1,5,Needs Attention
cust_002415,11,7,1027.99,4,4,3,11,Champions
cust_002416,53,2,1028.76,4,3,3,10,Champions
cust_002417,418,1,421.87,2,1,2,5,Needs Attention
cust_002418,33,2,4524.91,4,3,4,11,Champions
cust_002419,16,4,2853.19,4,4,4,12,Champions
cust_002421,19,2,1791.5300000000002,4,3,4,11,Champions
cust_002422,50,2,1157.02,4,3,3,10,Champions
cust_002423,241,2,207.53,3,3,1,7,Potential Loyalists
cust_002424,693,1,50.830000000000005,1,1,1,3,Needs Attention
cust_002426,368,2,655.29,2,3,3,8,Loyal Customers
cust_002427,4,1,132.37,4,1,1,6,Potential Loyalists
cust_002428,307,5,1158.9899999999998,2,4,3,9,Loyal Customers
cust_002429,200,2,212.45,3,3,1,7,Potential Loyalists
cust_002430,133,3,1004.73,3,4,3,10,Champions
cust_002431,61,2,434.15,4,3,2,9,Loyal Customers
cust_002432,257,2,1950.31,2,3,4,9,Loyal Customers
cust_002433,39,4,4352.860000000001,4,4,4,12,Champions
cust_002434,199,1,60.63,3,1,1,5,Needs Attention
cust_002436,329,1,87.02,2,1,1,4,Needs Attention
cust_002437,346,1,72.83999999999999,2,1,1,4,Needs Attention
cust_002438,470,1,122.82,1,1,1,3,Needs Attention
cust_002440,426,3,697.51,2,4,3,9,Loyal Customers
cust_002441,651,1,1578.15,1,1,3,5,At Risk (high value)
cust_002443,272,2,285.51,2,3,2,7,Potential Loyalists
cust_002446,99,2,476.32000000000005,3,3,2,8,Loyal Customers
cust_002451,304,1,101.59,2,1,1,4,Needs Attention
cust_002453,305,1,320.73,2,1,2,5,Needs Attention
cust_002454,405,3,1496.5,2,4,3,9,Loyal Customers
cust_002456,590,1,1764.35,1,1,4,6,Potential Loyalists
cust_002459,427,1,249.22,2,1,2,5,Needs Attention
cust_002460,50,4,2803.6899999999996,4,4,4,12,Champions
cust_002461,34,2,451.0,4,3,2,9,Loyal Customers
cust_002462,379,2,2700.0400000000004,2,3,4,9,Loyal Customers
cust_002463,266,1,229.78,2,1,1,4,Needs Attention
cust_002464,313,1,190.7,2,1,1,4,Needs Attention
cust_002465,480,1,64.19,1,1,1,3,Needs Attention
cust_002466,404,4,859.9200000000001,2,4,3,9,Loyal Customers
cust_002468,589,2,4118.42,1,3,4,8,Loyal Customers
cust_002469,104,1,313.90000000000003,3,1,2,6,Potential Loyalists
cust_002470,223,1,173.15,3,1,1,5,Needs Attention
cust_002472,28,3,2926.97,4,4,4,12,Champions
cust_002473,216,1,1266.01,3,1,3,7,Potential Loyalists
cust_002474,345,1,1317.23,2,1,3,6,Potential Loyalists
cust_002475,391,1,443.93,2,1,2,5,Needs Attention
cust_002476,571,1,1936.84,1,1,4,6,Potential Loyalists
cust_002477,137,1,633.56,3,1,3,7,Potential Loyalists
cust_002478,657,1,241.51,1,1,2,4,Needs Attention
cust_002479,255,3,2155.18,2,4,4,10,Champions
cust_002482,137,1,223.41,3,1,1,5,Needs Attention
cust_002484,150,1,392.34,3,1,2,6,Potential Loyalists
cust_002486,221,4,436.89,3,4,2,9,Loyal Customers
cust_002488,463,1,3218.8,1,1,4,6,Potential Loyalists
cust_002489,722,1,194.94,1,1,1,3,Needs Attention
cust_002490,179,2,726.97,3,3,3,9,Loyal Customers
cust_002491,609,1,1766.73,1,1,4,6,Potential Loyalists
cust_002492,296,1,1333.82,2,1,3,6,Potential Loyalists
cust_002493,563,1,346.13,1,1,2,4,Needs Attention
cust_002494,394,1,129.73,2,1,1,4,Needs Attention
cust_002496,7,2,187.59,4,3,1,8,Loyal Customers
cust_002497,92,1,159.82999999999998,4,1,1,6,Potential Loyalists
cust_002500,89,2,689.15,4,3,3,10,Champions
cust_002502,133,2,1039.88,3,3,3,9,Loyal Customers
cust_002504,5,4,1019.62,4,4,3,11,Champions
cust_002505,469,1,56.47,1,1,1,3,Needs Attention
cust_002506,469,2,399.29,1,3,2,6,Potential Loyalists
cust_002507,10,1,21.92,4,1,1,6,Potential Loyalists
cust_002508,38,1,60.47,4,1,1,6,Potential Loyalists
cust_002509,653,1,340.64,1,1,2,4,Needs Attention
cust_002510,182,1,607.26,3,1,3,7,Potential Loyalists
cust_002511,47,6,5429.87,4,4,4,12,Champions
cust_002513,139,4,1991.0900000000001,3,4,4,11,Champions
cust_002514,428,2,2991.72,2,3,4,9,Loyal Customers
cust_002515,106,2,1864.27,3,3,4,10,Champions
cust_002517,361,2,1168.27,2,3,3,8,Loyal Customers
cust_002520,157,2,480.67,3,3,2,8,Loyal Customers
cust_002521,25,2,588.26,4,3,3,10,Champions
cust_002523,306,2,387.15,2,3,2,7,Potential Loyalists
cust_002524,23,2,2876.55,4,3,4,11,Champions
cust_002525,27,2,2863.94,4,3,4,11,Champions
cust_002526,301,2,354.25,2,3,2,7,Potential Loyalists
cust_002529,403,2,748.3000000000001,2,3,3,8,Loyal Customers
cust_002530,430,1,179.51000000000002,2,1,1,4,Needs Attention
cust_002532,592,1,78.83,1,1,1,3,Needs Attention
cust_002535,371,2,527.37,2,3,2,7,Potential Loyalists
cust_002537,337,2,506.13,2,3,2,7,Potential Loyalists
cust_002538,21,3,231.14,4,4,1,9,Loyal Customers
cust_002539,169,2,2894.85,3,3,4,10,Champions
cust_002541,436,2,348.14,1,3,2,6,Potential Loyalists
cust_002542,51,2,1826.1200000000001,4,3,4,11,Champions
cust_002544,68,2,1618.11,4,3,3,10,Champions
cust_002547,370,3,1928.0400000000004,2,4,4,10,Champions
cust_002548,78,1,1455.03,4,1,3,8,Loyal Customers
cust_002550,63,2,1168.4099999999999,4,3,3,10,Champions
cust_002551,391,2,185.78999999999994,2,3,1,6,Potential Loyalists
cust_002552,382,1,301.35,2,1,2,5,Needs Attention
cust_002553,419,1,17.3,2,1,1,4,Needs Attention
cust_002555,369,4,5883.0,2,4,4,10,Champions
cust_002557,426,1,137.99,2,1,1,4,Needs Attention
cust_002558,168,2,244.81,3,3,2,8,Loyal Customers
cust_002560,30,2,376.43000000000006,4,3,2,9,Loyal Customers
cust_002561,60,1,48.32,4,1,1,6,Potential Loyalists
cust_002562,650,1,97.98,1,1,1,3,Needs Attention
cust_002563,117,2,576.51,3,3,2,8,Loyal Customers
cust_002565,23,2,3089.68,4,3,4,11,Champions
cust_002566,355,2,473.16999999999996,2,3,2,7,Potential Loyalists
cust_002567,170,4,3255.99,3,4,4,11,Champions
cust_002568,369,4,4070.4300000000003,2,4,4,10,Champions
cust_002569,377,1,87.74000000000001,2,1,1,4,Needs Attention
cust_002570,237,1,2509.35,3,1,4,8,Loyal Customers
cust_002572,473,1,2057.76,1,1,4,6,Potential Loyalists
cust_002573,407,1,1854.9,2,1,4,7,Potential Loyalists
cust_002575,46,3,923.22,4,4,3,11,Champions
cust_002576,640,1,122.99,1,1,1,3,Needs Attention
cust_002577,525,2,489.11000000000007,1,3,2,6,Potential Loyalists
cust_002580,144,3,589.16,3,4,3,10,Champions
cust_002581,52,4,2407.17,4,4,4,12,Champions
cust_002582,25,1,2340.96,4,1,4,9,Loyal Customers
cust_002586,420,2,247.35999999999996,2,3,2,7,Potential Loyalists
cust_002587,66,3,366.15,4,4,2,10,Champions
cust_002588,556,1,192.33,1,1,1,3,Needs Attention
cust_002590,209,3,4533.4400000000005,3,4,4,11,Champions
cust_002591,169,3,2699.46,3,4,4,11,Champions
cust_002592,720,1,185.81,1,1,1,3,Needs Attention
cust_002593,5,3,472.16,4,4,2,10,Champions
cust_002594,113,2,344.23,3,3,2,8,Loyal Customers
cust_002597,260,4,5515.29,2,4,4,10,Champions
cust_002598,166,2,1673.8700000000001,3,3,3,9,Loyal Customers
cust_002599,202,2,908.5400000000001,3,3,3,9,Loyal Customers
cust_002600,104,2,2673.54,3,3,4,10,Champions
cust_002601,179,1,170.42,3,1,1,5,Needs Attention
cust_002603,65,2,553.99,4,3,2,9,Loyal Customers
cust_002604,306,2,337.5,2,3,2,7,Potential Loyalists
cust_002606,49,4,4765.57,4,4,4,12,Champions
cust_002607,529,2,1873.3100000000002,1,3,4,8,Loyal Customers
cust_002610,373,2,2086.97,2,3,4,9,Loyal Customers
cust_002611,706,1,328.73,1,1,2,4,Needs Attention
cust_002612,226,2,112.64,3,3,1,7,Potential Loyalists
cust_002613,340,1,436.9,2,1,2,5,Needs Attention
cust_002615,696,1,1738.07,1,1,3,5,At Risk (high value)
cust_002617,472,1,167.39999999999998,1,1,1,3,Needs Attention
cust_002618,188,2,1744.0500000000002,3,3,3,9,Loyal Customers
cust_002620,174,1,236.68,3,1,1,5,Needs Attention
cust_002623,517,1,3215.08,1,1,4,6,Potential Loyalists
cust_002624,40,1,2492.02,4,1,4,9,Loyal Customers
cust_002625,359,1,1297.02,2,1,3,6,Potential Loyalists
cust_002627,104,1,3585.5,3,1,4,8,Loyal Customers
cust_002628,556,1,623.77,1,1,3,5,At Risk (high value)
cust_002630,220,2,367.71000000000004,3,3,2,8,Loyal Customers
cust_002631,73,3,1609.85,4,4,3,11,Champions
cust_002632,355,1,435.29,2,1,2,5,Needs Attention
cust_002633,308,1,181.52,2,1,1,4,Needs Attention
cust_002634,517,2,1951.63,1,3,4,8,Loyal Customers
cust_002635,212,1,1058.0700000000002,3,1,3,7,Potential Loyalists
cust_002637,658,1,85.34,1,1,1,3,Needs Attention
cust_002639,675,2,2190.44,1,3,4,8,Loyal Customers
cust_002642,66,2,5329.1900000000005,4,3,4,11,Champions
cust_002643,505,1,132.57,1,1,1,3,Needs Attention
cust_002644,349,1,144.9,2,1,1,4,Needs Attention
cust_002645,317,3,1987.93,2,4,4,10,Champions
cust_002646,251,3,2845.09,2,4,4,10,Champions
cust_002648,332,1,221.96,2,1,1,4,Needs Attention
cust_002649,415,2,365.07,2,3,2,7,Potential Loyalists
cust_002650,259,1,210.39,2,1,1,4,Needs Attention
cust_002651,442,1,78.68,1,1,1,3,Needs Attention
cust_002653,381,4,3070.1499999999996,2,4,4,10,Champions
cust_002654,342,2,2891.1800000000003,2,3,4,9,Loyal Customers
cust_002655,30,1,107.22,4,1,1,6,Potential Loyalists
cust_002657,18,2,834.0500000000001,4,3,3,10,Champions
cust_002658,396,2,2743.77,2,3,4,9,Loyal Customers
cust_002659,477,3,2081.88,1,4,4,9,Loyal Customers
cust_002660,670,1,1900.82,1,1,4,6,Potential Loyalists
cust_002661,466,1,166.8,1,1,1,3,Needs Attention
cust_002663,301,2,2181.41,2,3,4,9,Loyal Customers
cust_002665,109,4,1169.42,3,4,3,10,Champions
cust_002666,98,2,372.82,3,3,2,8,Loyal Customers
cust_002667,73,2,425.86,4,3,2,9,Loyal Customers
cust_002668,36,1,630.73,4,1,3,8,Loyal Customers
cust_002669,479,1,77.66,1,1,1,3,Needs Attention
cust_002670,258,3,842.3199999999999,2,4,3,9,Loyal Customers
cust_002671,176,1,203.39,3,1,1,5,Needs Attention
cust_002672,86,3,1350.39,4,4,3,11,Champions
cust_002673,601,1,867.4399999999999,1,1,3,5,At Risk (high value)
cust_002674,558,1,101.09,1,1,1,3,Needs Attention
cust_002675,591,1,1282.07,1,1,3,5,At Risk (high value)
cust_002679,218,3,2933.9900000000002,3,4,4,11,Champions
cust_002681,453,4,2595.0600000000004,1,4,4,9,Loyal Customers
cust_002682,66,2,612.6600000000001,4,3,3,10,Champions
cust_002685,23,3,1234.75,4,4,3,11,Champions
cust_002686,435,3,420.70000000000005,1,4,2,7,Potential Loyalists
cust_002687,182,1,1804.13,3,1,4,8,Loyal Customers
cust_002689,258,2,1217.5,2,3,3,8,Loyal Customers
cust_002690,396,2,447.89,2,3,2,7,Potential Loyalists
cust_002691,298,1,2392.29,2,1,4,7,Potential Loyalists
cust_002692,446,1,414.81,1,1,2,4,Needs Attention
cust_002693,410,3,2844.4000000000005,2,4,4,10,Champions
cust_002695,90,1,238.89,4,1,1,6,Potential Loyalists
cust_002696,189,4,3643.7000000000003,3,4,4,11,Champions
cust_002700,464,1,199.27,1,1,1,3,Needs Attention
cust_002702,20,1,126.06,4,1,1,6,Potential Loyalists
cust_002703,432,1,166.42,1,1,1,3,Needs Attention
cust_002705,153,1,1796.69,3,1,4,8,Loyal Customers
cust_002706,199,1,142.69,3,1,1,5,Needs Attention
cust_002707,348,1,68.28,2,1,1,4,Needs Attention
cust_002708,1,6,4433.14,4,4,4,12,Champions
cust_002709,39,2,3106.73,4,3,4,11,Champions
cust_002710,124,1,25.93,3,1,1,5,Needs Attention
cust_002711,47,6,3660.39,4,4,4,12,Champions
cust_002712,544,1,171.31,1,1,1,3,Needs Attention
cust_002713,38,3,1693.87,4,4,3,11,Champions
cust_002716,568,1,276.67,1,1,2,4,Needs Attention
cust_002717,662,1,48.98,1,1,1,3,Needs Attention
cust_002719,60,2,263.0,4,3,2,9,Loyal Customers
cust_002720,1,2,593.97,4,3,3,10,Champions
cust_002721,72,2,2019.25,4,3,4,11,Champions
cust_002722,174,3,704.48,3,4,3,10,Champions
cust_002723,135,2,1290.43,3,3,3,9,Loyal Customers
cust_002725,75,1,2935.39,4,1,4,9,Loyal Customers
cust_002728,369,1,122.8,2,1,1,4,Needs Attention
cust_002729,720,1,259.63,1,1,2,4,Needs Attention
cust_002731,430,3,1551.9699999999998,2,4,3,9,Loyal Customers
cust_002732,101,1,31.0,3,1,1,5,Needs Attention
cust_002733,508,1,403.71,1,1,2,4,Needs Attention
cust_002734,63,2,378.32,4,3,2,9,Loyal Customers
cust_002735,33,3,3028.79,4,4,4,12,Champions
cust_002736,46,1,2327.01,4,1,4,9,Loyal Customers
cust_002738,290,4,1711.05,2,4,3,9,Loyal Customers
cust_002739,89,3,908.53,4,4,3,11,Champions
cust_002740,125,1,400.22,3,1,2,6,Potential Loyalists
cust_002741,440,1,303.16,1,1,2,4,Needs Attention
cust_002743,539,1,2872.02,1,1,4,6,Potential Loyalists
cust_002744,243,2,2074.7,2,3,4,9,Loyal Customers
cust_002745,400,5,784.23,2,4,3,9,Loyal Customers
cust_002747,513,2,1503.7899999999997,1,3,3,7,Potential Loyalists
cust_002749,250,1,2195.53,2,1,4,7,Potential Loyalists
cust_002750,102,1,1550.98,3,1,3,7,Potential Loyalists
cust_002752,56,1,102.54,4,1,1,6,Potential Loyalists
cust_002755,169,1,624.78,3,1,3,7,Potential Loyalists
cust_002756,191,1,139.07,3,1,1,5,Needs Attention
cust_002757,172,2,1068.53,3,3,3,9,Loyal Customers
cust_002758,570,1,1884.07,1,1,4,6,Potential Loyalists
cust_002759,375,1,280.61,2,1,2,5,Needs Attention
cust_002761,1,3,3997.4700000000003,4,4,4,12,Champions
cust_002762,184,1,322.37,3,1,2,6,Potential Loyalists
cust_002763,337,3,1008.3900000000001,2,4,3,9,Loyal Customers
cust_002765,1,4,1095.53,4,4,3,11,Champions
cust_002767,713,1,35.13999999999999,1,1,1,3,Needs Attention
cust_002768,386,2,326.72999999999996,2,3,2,7,Potential Loyalists
cust_002769,598,1,3395.62,1,1,4,6,Potential Loyalists
cust_002770,80,2,3169.26,4,3,4,11,Champions
cust_002772,105,2,1881.85,3,3,4,10,Champions
cust_002773,429,3,890.0899999999999,2,4,3,9,Loyal Customers
cust_002774,255,1,89.82000000000001,2,1,1,4,Needs Attention
cust_002775,22,5,1857.82,4,4,4,12,Champions
cust_002776,299,2,625.0300000000001,2,3,3,8,Loyal Customers
cust_002778,339,1,2743.6,2,1,4,7,Potential Loyalists
cust_002779,27,3,2889.23,4,4,4,12,Champions
cust_002780,21,3,2207.3399999999997,4,4,4,12,Champions
cust_002782,539,2,337.86,1,3,2,6,Potential Loyalists
cust_002783,588,1,323.15,1,1,2,4,Needs Attention
cust_002784,27,1,60.86,4,1,1,6,Potential Loyalists
cust_002785,3,3,2844.1099999999997,4,4,4,12,Champions
cust_002786,15,4,3213.59,4,4,4,12,Champions
cust_002787,341,3,1706.94,2,4,3,9,Loyal Customers
cust_002788,656,1,925.52,1,1,3,5,At Risk (high value)
cust_002789,55,1,241.66,4,1,2,7,Potential Loyalists
cust_002790,112,2,716.71,3,3,3,9,Loyal Customers
cust_002791,708,1,2208.1,1,1,4,6,Potential Loyalists
cust_002792,147,2,2734.76,3,3,4,10,Champions
cust_002793,261,2,1330.0900000000001,2,3,3,8,Loyal Customers
cust_002795,461,1,2828.15,1,1,4,6,Potential Loyalists
cust_002797,476,1,55.3,1,1,1,3,Needs Attention
cust_002798,262,1,261.19,2,1,2,5,Needs Attention
cust_002799,707,1,673.21,1,1,3,5,At Risk (high value)
cust_002800,41,6,4024.38,4,4,4,12,Champions
cust_002801,17,1,298.53000000000003,4,1,2,7,Potential Loyalists
cust_002803,4,3,3412.8300000000004,4,4,4,12,Champions
cust_002804,43,1,368.3,4,1,2,7,Potential Loyalists
cust_002806,137,2,364.99,3,3,2,8,Loyal Customers
cust_002808,252,5,502.16,2,4,2,8,Loyal Customers
cust_002809,75,2,2925.62,4,3,4,11,Champions
cust_002810,7,4,951.73,4,4,3,11,Champions
cust_002811,662,2,1871.43,1,3,4,8,Loyal Customers
cust_002814,381,1,154.70999999999998,2,1,1,4,Needs Attention
cust_002815,100,1,3542.32,3,1,4,8,Loyal Customers
cust_002816,616,1,642.9,1,1,3,5,At Risk (high value)
cust_002817,151,5,7874.72,3,4,4,11,Champions
cust_002819,172,2,949.44,3,3,3,9,Loyal Customers
cust_002820,251,1,188.69,2,1,1,4,Needs Attention
cust_002821,133,1,2753.98,3,1,4,8,Loyal Customers
cust_002822,27,3,2103.9,4,4,4,12,Champions
cust_002823,425,2,2330.29,2,3,4,9,Loyal Customers
cust_002824,17,2,561.5699999999999,4,3,2,9,Loyal Customers
cust_002825,320,1,426.58,2,1,2,5,Needs Attention
cust_002827,195,2,310.44,3,3,2,8,Loyal Customers
cust_002828,29,3,2362.93,4,4,4,12,Champions
cust_002829,519,1,890.25,1,1,3,5,At Risk (high value)
cust_002831,665,1,255.85,1,1,2,4,Needs Attention
cust_002832,4,3,4318.91,4,4,4,12,Champions
cust_002833,484,1,313.66,1,1,2,4,Needs Attention
cust_002834,80,2,404.33,4,3,2,9,Loyal Customers
cust_002835,280,2,524.89,2,3,2,7,Potential Loyalists
cust_002837,209,2,248.37,3,3,2,8,Loyal Customers
cust_002838,3,3,495.56000000000006,4,4,2,10,Champions
cust_002839,93,2,188.12,4,3,1,8,Loyal Customers
cust_002840,556,1,58.18,1,1,1,3,Needs Attention
cust_002841,400,4,3893.31,2,4,4,10,Champions
cust_002842,447,1,340.81,1,1,2,4,Needs Attention
cust_002843,435,1,131.56,1,1,1,3,Needs Attention
cust_002844,64,1,486.28,4,1,2,7,Potential Loyalists
cust_002845,361,2,818.11,2,3,3,8,Loyal Customers
cust_002846,243,2,307.72,2,3,2,7,Potential Loyalists
cust_002847,25,1,464.38,4,1,2,7,Potential Loyalists
cust_002849,283,2,353.26,2,3,2,7,Potential Loyalists
cust_002850,274,3,550.01,2,4,2,8,Loyal Customers
cust_002851,30,1,105.06,4,1,1,6,Potential Loyalists
cust_002852,456,2,1870.23,1,3,4,8,Loyal Customers
cust_002853,686,1,386.63,1,1,2,4,Needs Attention
cust_002854,178,2,347.23,3,3,2,8,Loyal Customers
cust_002855,608,1,727.34,1,1,3,5,At Risk (high value)
cust_002860,696,1,280.96,1,1,2,4,Needs Attention
cust_002861,528,1,132.12,1,1,1,3,Needs Attention
cust_002863,28,2,411.62,4,3,2,9,Loyal Customers
cust_002865,516,1,236.67,1,1,1,3,Needs Attention
cust_002866,109,3,4956.25,3,4,4,11,Champions
cust_002867,74,1,1395.73,4,1,3,8,Loyal Customers
cust_002868,85,2,1736.04,4,3,3,10,Champions
cust_002869,105,2,2415.27,3,3,4,10,Champions
cust_002870,438,1,106.07,1,1,1,3,Needs Attention
cust_002871,529,2,238.66,1,3,1,5,Needs Attention
cust_002872,616,1,1987.74,1,1,4,6,Potential Loyalists
cust_002873,496,1,319.19,1,1,2,4,Needs Attention
cust_002875,205,2,327.54999999999995,3,3,2,8,Loyal Customers
cust_002877,261,1,113.84,2,1,1,4,Needs Attention
cust_002878,67,1,207.24,4,1,1,6,Potential Loyalists
cust_002880,376,1,227.94,2,1,1,4,Needs Attention
cust_002881,131,3,3752.25,3,4,4,11,Champions
cust_002882,422,1,387.74,2,1,2,5,Needs Attention
cust_002883,401,2,1051.33,2,3,3,8,Loyal Customers
cust_002886,349,3,2572.74,2,4,4,10,Champions
cust_002887,75,1,678.73,4,1,3,8,Loyal Customers
cust_002888,646,1,518.89,1,1,2,4,Needs Attention
cust_002889,244,1,142.79000000000002,2,1,1,4,Needs Attention
cust_002890,60,1,1906.44,4,1,4,9,Loyal Customers
cust_002891,157,2,332.58000000000004,3,3,2,8,Loyal Customers
cust_002892,8,4,728.45,4,4,3,11,Champions
cust_002895,39,2,188.11999999999998,4,3,1,8,Loyal Customers
cust_002896,315,2,298.34000000000003,2,3,2,7,Potential Loyalists
cust_002897,425,1,261.35,2,1,2,5,Needs Attention
cust_002898,265,1,159.89,2,1,1,4,Needs Attention
cust_002899,594,1,137.01999999999998,1,1,1,3,Needs Attention
cust_002901,654,1,95.13,1,1,1,3,Needs Attention
cust_002902,150,2,1856.3000000000002,3,3,4,10,Champions
cust_002903,163,1,898.86,3,1,3,7,Potential Loyalists
cust_002904,507,1,1970.8,1,1,4,6,Potential Loyalists
cust_002905,92,1,621.61,4,1,3,8,Loyal Customers
cust_002907,262,1,288.65,2,1,2,5,Needs Attention
cust_002908,240,1,1998.65,3,1,4,8,Loyal Customers
cust_002911,60,3,1173.4199999999998,4,4,3,11,Champions
cust_002912,392,1,117.76,2,1,1,4,Needs Attention
cust_002913,683,1,526.6700000000001,1,1,2,4,Needs Attention
cust_002914,30,2,2686.1,4,3,4,11,Champions
cust_002915,280,1,1348.96,2,1,3,6,Potential Loyalists
cust_002916,628,1,264.9,1,1,2,4,Needs Attention
cust_002917,526,1,589.84,1,1,3,5,At Risk (high value)
cust_002920,104,1,312.37,3,1,2,6,Potential Loyalists
cust_002921,24,1,293.5,4,1,2,7,Potential Loyalists
cust_002922,155,2,239.88,3,3,1,7,Potential Loyalists
cust_002923,55,1,25.4,4,1,1,6,Potential Loyalists
cust_002924,303,2,261.24,2,3,2,7,Potential Loyalists
cust_002925,41,3,2537.1,4,4,4,12,Champions
cust_002926,288,2,304.26,2,3,2,7,Potential Loyalists
cust_002931,358,2,1770.62,2,3,4,9,Loyal Customers
cust_002933,174,2,2471.67,3,3,4,10,Champions
cust_002934,124,1,57.19,3,1,1,5,Needs Attention
cust_002936,639,1,379.38,1,1,2,4,Needs Attention
cust_002938,713,1,309.02,1,1,2,4,Needs Attention
cust_002939,308,5,2292.82,2,4,4,10,Champions
cust_002940,132,3,3845.9100000000003,3,4,4,11,Champions
cust_002941,7,3,862.07,4,4,3,11,Champions
cust_002942,165,1,2335.65,3,1,4,8,Loyal Customers
cust_002944,410,1,218.02,2,1,1,4,Needs Attention
cust_002945,709,1,63.28,1,1,1,3,Needs Attention
cust_002946,159,2,301.07,3,3,2,8,Loyal Customers
cust_002949,18,3,3095.41,4,4,4,12,Champions
cust_002950,102,1,2137.77,3,1,4,8,Loyal Customers
cust_002951,573,1,279.68,1,1,2,4,Needs Attention
cust_002952,50,2,483.57,4,3,2,9,Loyal Customers
cust_002953,242,1,352.86,2,1,2,5,Needs Attention
cust_002955,276,1,45.26,2,1,1,4,Needs Attention
cust_002956,227,3,336.42,3,4,2,9,Loyal Customers
cust_002957,328,1,2728.12,2,1,4,7,Potential Loyalists
cust_002958,458,1,216.52,1,1,1,3,Needs Attention
cust_002960,279,1,205.12,2,1,1,4,Needs Attention
cust_002961,340,2,2669.6200000000003,2,3,4,9,Loyal Customers
cust_002962,93,3,2547.88,4,4,4,12,Champions
cust_002963,302,2,355.46,2,3,2,7,Potential Loyalists
cust_002964,49,3,2587.34,4,4,4,12,Champions
cust_002965,279,1,198.48,2,1,1,4,Needs Attention
cust_002967,201,1,498.51,3,1,2,6,Potential Loyalists
cust_002969,58,1,190.96,4,1,1,6,Potential Loyalists
cust_002970,465,2,1955.1499999999999,1,3,4,8,Loyal Customers
cust_002971,302,3,1767.3499999999997,2,4,4,10,Champions
cust_002972,200,3,820.3000000000001,3,4,3,10,Champions
cust_002975,271,2,3134.52,2,3,4,9,Loyal Customers
cust_002976,27,3,3655.27,4,4,4,12,Champions
cust_002977,558,1,147.11,1,1,1,3,Needs Attention
cust_002978,149,4,2322.1,3,4,4,11,Champions
cust_002979,243,3,871.7199999999999,2,4,3,9,Loyal Customers
cust_002980,64,1,603.73,4,1,3,8,Loyal Customers
cust_002982,86,1,64.67,4,1,1,6,Potential Loyalists
cust_002983,140,2,604.54,3,3,3,9,Loyal Customers
cust_002984,281,1,316.24,2,1,2,5,Needs Attention
cust_002985,113,2,758.4,3,3,3,9,Loyal Customers
cust_002986,209,2,1458.48,3,3,3,9,Loyal Customers
cust_002987,264,2,328.83,2,3,2,7,Potential Loyalists
cust_002989,96,3,748.3800000000001,4,4,3,11,Champions
cust_002990,22,3,2430.92,4,4,4,12,Champions
cust_002994,358,3,284.61,2,4,2,8,Loyal Customers
cust_002996,27,1,102.94,4,1,1,6,Potential Loyalists
cust_002997,562,1,194.66,1,1,1,3,Needs Attention
cust_002999,6,2,694.4100000000001,4,3,3,10,Champions
cust_003001,638,1,169.31,1,1,1,3,Needs Attention
cust_003003,89,2,103.62,4,3,1,8,Loyal Customers
cust_003004,59,1,142.51,4,1,1,6,Potential Loyalists
cust_003005,281,2,312.69,2,3,2,7,Potential Loyalists
cust_003006,716,1,274.11,1,1,2,4,Needs Attention
cust_003007,408,2,510.03999999999996,2,3,2,7,Potential Loyalists
cust_003008,655,1,369.06,1,1,2,4,Needs Attention
cust_003009,19,3,3951.8,4,4,4,12,Champions
cust_003010,457,2,1216.95,1,3,3,7,Potential Loyalists
cust_003012,53,1,508.6,4,1,2,7,Potential Loyalists
cust_003017,103,1,55.03,3,1,1,5,Needs Attention
cust_003019,143,2,347.8,3,3,2,8,Loyal Customers
cust_003020,63,3,939.27,4,4,3,11,Champions
cust_003021,203,1,636.14,3,1,3,7,Potential Loyalists
cust_003022,19,3,137.68,4,4,1,9,Loyal Customers
cust_003026,227,1,87.47,3,1,1,5,Needs Attention
cust_003028,67,1,106.83,4,1,1,6,Potential Loyalists
cust_003029,161,2,3057.8799999999997,3,3,4,10,Champions
cust_003030,312,3,720.48,2,4,3,9,Loyal Customers
cust_003032,457,1,1257.94,1,1,3,5,At Risk (high value)
cust_003033,231,1,365.02,3,1,2,6,Potential Loyalists
cust_003034,205,2,333.73,3,3,2,8,Loyal Customers
cust_003036,564,2,1019.7099999999999,1,3,3,7,Potential Loyalists
cust_003037,209,1,339.29,3,1,2,6,Potential Loyalists
cust_003038,509,1,165.57,1,1,1,3,Needs Attention
cust_003039,475,1,359.45000000000005,1,1,2,4,Needs Attention
cust_003040,33,1,157.37,4,1,1,6,Potential Loyalists
cust_003041,7,2,639.8399999999999,4,3,3,10,Champions
cust_003042,150,2,640.28,3,3,3,9,Loyal Customers
cust_003044,325,2,302.97,2,3,2,7,Potential Loyalists
cust_003046,168,4,381.61,3,4,2,9,Loyal Customers
cust_003049,228,1,90.35,3,1,1,5,Needs Attention
cust_003051,276,1,247.09,2,1,2,5,Needs Attention
cust_003052,152,4,930.74,3,4,3,10,Champions
cust_003054,404,1,317.84,2,1,2,5,Needs Attention
cust_003055,105,2,816.86,3,3,3,9,Loyal Customers
cust_003056,428,2,519.6600000000001,2,3,2,7,Potential Loyalists
cust_003057,374,3,3035.9,2,4,4,10,Champions
cust_003060,215,1,228.63,3,1,1,5,Needs Attention
cust_003061,6,1,86.25,4,1,1,6,Potential Loyalists
cust_003062,43,1,179.53,4,1,1,6,Potential Loyalists
cust_003063,323,1,312.83000000000004,2,1,2,5,Needs Attention
cust_003064,437,1,957.6,1,1,3,5,At Risk (high value)
cust_003065,446,2,2213.94,1,3,4,8,Loyal Customers
cust_003066,460,1,216.48,1,1,1,3,Needs Attention
cust_003067,539,2,1223.52,1,3,3,7,Potential Loyalists
cust_003071,72,3,2825.77,4,4,4,12,Champions
cust_003072,39,6,4310.360000000001,4,4,4,12,Champions
cust_003073,71,1,129.6,4,1,1,6,Potential Loyalists
cust_003074,465,1,162.44,1,1,1,3,Needs Attention
cust_003075,71,3,3357.77,4,4,4,12,Champions
cust_003078,478,1,477.04,1,1,2,4,Needs Attention
cust_003080,360,1,174.71,2,1,1,4,Needs Attention
cust_003081,81,5,1129.18,4,4,3,11,Champions
cust_003082,312,1,267.02,2,1,2,5,Needs Attention
cust_003083,42,6,5345.91,4,4,4,12,Champions
cust_003084,441,1,43.5,1,1,1,3,Needs Attention
cust_003085,55,1,103.24,4,1,1,6,Potential Loyalists
cust_003086,619,1,970.45,1,1,3,5,At Risk (high value)
cust_003087,707,1,209.5,1,1,1,3,Needs Attention
cust_003088,206,2,652.19,3,3,3,9,Loyal Customers
cust_003089,390,1,386.98,2,1,2,5,Needs Attention
cust_003090,182,1,32.71,3,1,1,5,Needs Attention
cust_003091,501,1,63.28,1,1,1,3,Needs Attention
cust_003092,15,2,295.93,4,3,2,9,Loyal Customers
cust_003093,134,4,5590.47,3,4,4,11,Champions
cust_003094,479,1,199.08,1,1,1,3,Needs Attention
cust_003095,262,2,420.31,2,3,2,7,Potential Loyalists
cust_003096,83,2,4056.83,4,3,4,11,Champions
cust_003097,150,2,417.49,3,3,2,8,Loyal Customers
cust_003098,145,1,840.7199999999999,3,1,3,7,Potential Loyalists
cust_003099,53,2,2125.1499999999996,4,3,4,11,Champions
cust_003101,237,1,169.54999999999998,3,1,1,5,Needs Attention
cust_003103,427,1,111.85,2,1,1,4,Needs Attention
cust_003104,123,3,2856.9,3,4,4,11,Champions
cust_003108,400,1,550.98,2,1,2,5,Needs Attention
cust_003109,279,3,3400.39,2,4,4,10,Champions
cust_003110,723,1,195.42,1,1,1,3,Needs Attention
cust_003112,160,1,259.28000000000003,3,1,2,6,Potential Loyalists
cust_003113,251,1,197.01,2,1,1,4,Needs Attention
cust_003114,406,1,640.9899999999999,2,1,3,6,Potential Loyalists
cust_003116,222,1,980.83,3,1,3,7,Potential Loyalists
cust_003117,7,2,1376.3600000000001,4,3,3,10,Champions
cust_003118,346,2,2212.1800000000003,2,3,4,9,Loyal Customers
cust_003119,136,1,1113.78,3,1,3,7,Potential Loyalists
cust_003121,165,1,241.18,3,1,1,5,Needs Attention
cust_003122,22,1,437.15,4,1,2,7,Potential Loyalists
cust_003123,78,2,347.9,4,3,2,9,Loyal Customers
cust_003124,254,4,3167.77,2,4,4,10,Champions
cust_003126,210,2,1525.78,3,3,3,9,Loyal Customers
cust_003127,124,1,2328.91,3,1,4,8,Loyal Customers
cust_003129,296,4,3504.34,2,4,4,10,Champions
cust_003130,489,1,157.84,1,1,1,3,Needs Attention
cust_003131,356,1,216.2,2,1,1,4,Needs Attention
cust_003132,624,1,201.03,1,1,1,3,Needs Attention
cust_003133,190,2,520.09,3,3,2,8,Loyal Customers
cust_003134,236,1,2826.9500000000003,3,1,4,8,Loyal Customers
cust_003135,715,1,257.46000000000004,1,1,2,4,Needs Attention
cust_003136,17,2,299.45,4,3,2,9,Loyal Customers
cust_003137,375,1,237.05,2,1,1,4,Needs Attention
cust_003138,189,3,773.37,3,4,3,10,Champions
cust_003139,81,1,309.56,4,1,2,7,Potential Loyalists
cust_003140,722,1,734.56,1,1,3,5,At Risk (high value)
cust_003141,452,1,148.07000000000002,1,1,1,3,Needs Attention
cust_003144,83,3,4113.42,4,4,4,12,Champions
cust_003145,163,2,2602.12,3,3,4,10,Champions
cust_003146,613,1,258.22,1,1,2,4,Needs Attention
cust_003147,370,1,2035.46,2,1,4,7,Potential Loyalists
cust_003148,58,4,2571.08,4,4,4,12,Champions
cust_003149,644,1,1244.31,1,1,3,5,At Risk (high value)
cust_003150,127,1,351.47,3,1,2,6,Potential Loyalists
cust_003151,640,1,278.1,1,1,2,4,Needs Attention
cust_003152,61,1,221.8,4,1,1,6,Potential Loyalists
cust_003153,550,1,1253.59,1,1,3,5,At Risk (high value)
cust_003154,388,1,223.11,2,1,1,4,Needs Attention
cust_003155,104,4,3582.7500000000005,3,4,4,11,Champions
cust_003156,479,1,138.0,1,1,1,3,Needs Attention
cust_003157,400,3,1503.58,2,4,3,9,Loyal Customers
cust_003158,345,1,26.200000000000003,2,1,1,4,Needs Attention
cust_003159,170,2,3257.07,3,3,4,10,Champions
cust_003160,334,1,237.22,2,1,1,4,Needs Attention
cust_003161,672,2,1841.26,1,3,4,8,Loyal Customers
cust_003162,142,2,333.01,3,3,2,8,Loyal Customers
cust_003163,288,2,672.01,2,3,3,8,Loyal Customers
cust_003164,69,3,1715.54,4,4,3,11,Champions
cust_003167,417,2,3542.24,2,3,4,9,Loyal Customers
cust_003168,210,1,1412.67,3,1,3,7,Potential Loyalists
cust_003170,29,4,766.29,4,4,3,11,Champions
cust_003171,561,1,60.67,1,1,1,3,Needs Attention
cust_003172,212,1,3111.29,3,1,4,8,Loyal Customers
cust_003173,9,2,549.3100000000001,4,3,2,9,Loyal Customers
cust_003174,48,3,662.33,4,4,3,11,Champions
cust_003175,87,2,3181.48,4,3,4,11,Champions
cust_003176,479,2,499.44,1,3,2,6,Potential Loyalists
cust_003177,246,3,2461.54,2,4,4,10,Champions
cust_003178,155,2,3905.71,3,3,4,10,Champions
cust_003179,585,2,351.18,1,3,2,6,Potential Loyalists
cust_003180,186,1,116.47,3,1,1,5,Needs Attention
cust_003182,26,2,2263.02,4,3,4,11,Champions
cust_003183,13,3,1305.4,4,4,3,11,Champions
cust_003185,56,3,241.20000000000002,4,4,1,9,Loyal Customers
cust_003186,382,2,3371.7599999999998,2,3,4,9,Loyal Customers
cust_003188,499,2,346.27,1,3,2,6,Potential Loyalists
cust_003190,618,1,63.61,1,1,1,3,Needs Attention
cust_003191,390,2,284.12,2,3,2,7,Potential Loyalists
cust_003192,74,3,744.6800000000001,4,4,3,11,Champions
cust_003195,141,2,135.86,3,3,1,7,Potential Loyalists
cust_003196,285,2,614.13,2,3,3,8,Loyal Customers
cust_003197,160,3,2012.91,3,4,4,11,Champions
cust_003198,363,1,305.72,2,1,2,5,Needs Attention
cust_003199,216,4,598.29,3,4,3,10,Champions
cust_003200,499,1,858.35,1,1,3,5,At Risk (high value)
cust_003201,57,6,3543.62,4,4,4,12,Champions
cust_003202,621,1,861.0,1,1,3,5,At Risk (high value)
cust_003203,25,2,658.24,4,3,3,10,Champions
cust_003205,645,1,40.010000000000005,1,1,1,3,Needs Attention
cust_003206,541,1,203.59,1,1,1,3,Needs Attention
cust_003209,432,1,514.6899999999999,1,1,2,4,Needs Attention
cust_003211,626,1,33.160000000000004,1,1,1,3,Needs Attention
cust_003212,367,2,350.78,2,3,2,7,Potential Loyalists
cust_003215,251,2,3462.47,2,3,4,9,Loyal Customers
cust_003216,19,4,612.5699999999999,4,4,3,11,Champions
cust_003217,344,2,357.55,2,3,2,7,Potential Loyalists
cust_003218,277,1,115.96,2,1,1,4,Needs Attention
cust_003219,568,1,162.91,1,1,1,3,Needs Attention
cust_003220,512,1,118.49,1,1,1,3,Needs Attention
cust_003221,376,1,187.37,2,1,1,4,Needs Attention
cust_003223,432,1,1990.3,1,1,4,6,Potential Loyalists
cust_003224,496,1,128.96,1,1,1,3,Needs Attention
cust_003225,131,2,665.36,3,3,3,9,Loyal Customers
cust_003226,215,1,3431.28,3,1,4,8,Loyal Customers
cust_003227,459,2,412.11,1,3,2,6,Potential Loyalists
cust_003228,18,2,2237.42,4,3,4,11,Champions
cust_003229,514,2,169.19,1,3,1,5,Needs Attention
cust_003230,624,1,175.81,1,1,1,3,Needs Attention
cust_003231,473,2,788.5799999999999,1,3,3,7,Potential Loyalists
cust_003232,27,2,601.81,4,3,3,10,Champions
cust_003235,415,2,820.98,2,3,3,8,Loyal Customers
cust_003236,598,1,25.06,1,1,1,3,Needs Attention
cust_003237,149,3,526.27,3,4,2,9,Loyal Customers
cust_003238,114,3,2300.5299999999997,3,4,4,11,Champions
cust_003239,408,4,3190.66,2,4,4,10,Champions
cust_003240,163,3,1403.6,3,4,3,10,Champions
cust_003241,291,2,661.82,2,3,3,8,Loyal Customers
cust_003242,580,1,77.06,1,1,1,3,Needs Attention
cust_003243,74,3,2294.83,4,4,4,12,Champions
cust_003244,577,1,1534.45,1,1,3,5,At Risk (high value)
cust_003246,77,1,48.71,4,1,1,6,Potential Loyalists
cust_003247,47,2,1607.25,4,3,3,10,Champions
cust_003249,516,1,410.85,1,1,2,4,Needs Attention
cust_003250,10,1,277.96,4,1,2,7,Potential Loyalists
cust_003252,295,1,29.61,2,1,1,4,Needs Attention
cust_003253,301,2,343.26,2,3,2,7,Potential Loyalists
cust_003255,166,2,976.72,3,3,3,9,Loyal Customers
cust_003257,130,4,4745.76,3,4,4,11,Champions
cust_003258,23,5,1180.01,4,4,3,11,Champions
cust_003259,133,4,495.71000000000004,3,4,2,9,Loyal Customers
cust_003260,477,2,296.35,1,3,2,6,Potential Loyalists
cust_003261,628,1,40.61,1,1,1,3,Needs Attention
cust_003262,249,3,856.0,2,4,3,9,Loyal Customers
cust_003264,52,1,190.39,4,1,1,6,Potential Loyalists
cust_003266,26,1,243.43,4,1,2,7,Potential Loyalists
cust_003267,94,3,2977.9700000000003,4,4,4,12,Champions
cust_003270,700,1,106.45,1,1,1,3,Needs Attention
cust_003271,147,2,439.06,3,3,2,8,Loyal Customers
cust_003272,192,1,66.94,3,1,1,5,Needs Attention
cust_003273,35,5,3428.5600000000004,4,4,4,12,Champions
cust_003275,102,3,3154.81,3,4,4,11,Champions
cust_003276,41,2,510.28999999999996,4,3,2,9,Loyal Customers
cust_003277,370,1,223.6,2,1,1,4,Needs Attention
cust_003278,380,2,776.21,2,3,3,8,Loyal Customers
cust_003279,88,1,220.16,4,1,1,6,Potential Loyalists
cust_003280,138,2,432.06000000000006,3,3,2,8,Loyal Customers
cust_003281,52,2,512.97,4,3,2,9,Loyal Customers
cust_003283,630,1,238.37,1,1,1,3,Needs Attention
cust_003284,436,1,451.31,1,1,2,4,Needs Attention
cust_003285,7,4,2126.85,4,4,4,12,Champions
cust_003290,692,1,251.18,1,1,2,4,Needs Attention
cust_003291,20,5,1568.18,4,4,3,11,Champions
cust_003292,252,2,251.75,2,3,2,7,Potential Loyalists
cust_003293,688,1,126.26,1,1,1,3,Needs Attention
cust_003294,152,2,2421.7,3,3,4,10,Champions
cust_003296,374,1,439.52,2,1,2,5,Needs Attention
cust_003297,308,1,280.3,2,1,2,5,Needs Attention
cust_003299,700,1,973.85,1,1,3,5,At Risk (high value)
cust_003300,5,2,1350.7100000000003,4,3,3,10,Champions
cust_003301,19,1,383.72,4,1,2,7,Potential Loyalists
cust_003302,235,1,72.5,3,1,1,5,Needs Attention
cust_003303,461,1,123.06,1,1,1,3,Needs Attention
cust_003304,410,1,266.23,2,1,2,5,Needs Attention
cust_003305,469,1,203.38,1,1,1,3,Needs Attention
cust_003306,338,2,2566.0,2,3,4,9,Loyal Customers
cust_003307,29,1,1581.73,4,1,3,8,Loyal Customers
cust_003308,472,2,1460.82,1,3,3,7,Potential Loyalists
cust_003309,143,1,78.10000000000001,3,1,1,5,Needs Attention
cust_003310,221,1,32.57,3,1,1,5,Needs Attention
cust_003311,385,1,130.28,2,1,1,4,Needs Attention
cust_003312,407,2,248.32999999999998,2,3,2,7,Potential Loyalists
cust_003313,8,1,498.33,4,1,2,7,Potential Loyalists
cust_003317,167,1,983.23,3,1,3,7,Potential Loyalists
cust_003318,136,2,507.74,3,3,2,8,Loyal Customers
cust_003319,144,2,2260.58,3,3,4,10,Champions
cust_003320,491,1,1669.53,1,1,3,5,At Risk (high value)
cust_003321,40,1,478.81,4,1,2,7,Potential Loyalists
cust_003322,151,1,52.62,3,1,1,5,Needs Attention
cust_003324,397,3,1150.63,2,4,3,9,Loyal Customers
cust_003325,9,1,31.14,4,1,1,6,Potential Loyalists
cust_003326,215,2,2614.53,3,3,4,10,Champions
cust_003327,128,2,511.52000000000004,3,3,2,8,Loyal Customers
cust_003329,590,1,220.79,1,1,1,3,Needs Attention
cust_003330,471,2,634.9300000000001,1,3,3,7,Potential Loyalists
cust_003331,6,2,693.19,4,3,3,10,Champions
cust_003332,50,2,1199.73,4,3,3,10,Champions
cust_003335,489,1,478.33,1,1,2,4,Needs Attention
cust_003338,432,1,145.78,1,1,1,3,Needs Attention
cust_003339,340,2,641.28,2,3,3,8,Loyal Customers
cust_003340,135,2,3964.67,3,3,4,10,Champions
cust_003342,90,3,390.18,4,4,2,10,Champions
cust_003343,5,3,3895.6400000000003,4,4,4,12,Champions
cust_003345,60,2,293.82000000000005,4,3,2,9,Loyal Customers
cust_003346,461,2,843.8100000000001,1,3,3,7,Potential Loyalists
cust_003347,500,1,1752.62,1,1,3,5,At Risk (high value)
cust_003348,498,1,52.02,1,1,1,3,Needs Attention
cust_003349,39,2,2918.4500000000003,4,3,4,11,Champions
cust_003354,433,2,326.52,1,3,2,6,Potential Loyalists
cust_003355,602,1,268.16,1,1,2,4,Needs Attention
cust_003356,21,1,191.88,4,1,1,6,Potential Loyalists
cust_003357,649,1,420.74,1,1,2,4,Needs Attention
cust_003358,8,2,442.49,4,3,2,9,Loyal Customers
cust_003359,423,2,397.5,2,3,2,7,Potential Loyalists
cust_003360,28,2,1899.2299999999998,4,3,4,11,Champions
cust_003361,82,1,107.1,4,1,1,6,Potential Loyalists
cust_003363,37,2,2158.67,4,3,4,11,Champions
cust_003364,422,2,518.5,2,3,2,7,Potential Loyalists
cust_003365,676,1,1679.41,1,1,3,5,At Risk (high value)
cust_003367,286,3,3820.3100000000004,2,4,4,10,Champions
cust_003368,29,1,56.77,4,1,1,6,Potential Loyalists
cust_003370,300,1,57.05,2,1,1,4,Needs Attention
cust_003371,698,1,751.36,1,1,3,5,At Risk (high value)
cust_003373,169,2,205.44,3,3,1,7,Potential Loyalists
cust_003374,335,5,2579.37,2,4,4,10,Champions
cust_003376,34,1,3440.53,4,1,4,9,Loyal Customers
cust_003377,537,3,526.5,1,4,2,7,Potential Loyalists
cust_003378,377,1,126.37,2,1,1,4,Needs Attention
cust_003380,370,2,406.02,2,3,2,7,Potential Loyalists
cust_003381,42,1,68.3,4,1,1,6,Potential Loyalists
cust_003382,151,1,113.62,3,1,1,5,Needs Attention
cust_003384,171,2,263.96,3,3,2,8,Loyal Customers
cust_003385,206,3,1850.14,3,4,4,11,Champions
cust_003389,268,3,1447.0900000000001,2,4,3,9,Loyal Customers
cust_003390,249,1,332.53000000000003,2,1,2,5,Needs Attention
cust_003391,60,3,872.92,4,4,3,11,Champions
cust_003392,212,2,2733.39,3,3,4,10,Champions
cust_003394,382,1,1577.52,2,1,3,6,Potential Loyalists
cust_003395,242,2,674.52,2,3,3,8,Loyal Customers
cust_003397,476,1,69.9,1,1,1,3,Needs Attention
cust_003398,642,2,448.8800000000001,1,3,2,6,Potential Loyalists
cust_003399,289,1,1838.68,2,1,4,7,Potential Loyalists
cust_003400,175,1,203.18,3,1,1,5,Needs Attention
cust_003401,553,2,1237.38,1,3,3,7,Potential Loyalists
cust_003403,578,1,108.21,1,1,1,3,Needs Attention
cust_003404,526,1,74.2,1,1,1,3,Needs Attention
cust_003406,8,5,2869.1,4,4,4,12,Champions
cust_003407,303,4,962.2700000000002,2,4,3,9,Loyal Customers
cust_003408,595,1,774.55,1,1,3,5,At Risk (high value)
cust_003409,65,1,1149.31,4,1,3,8,Loyal Customers
cust_003412,411,1,323.17,2,1,2,5,Needs Attention
cust_003413,39,2,245.98000000000002,4,3,2,9,Loyal Customers
cust_003414,65,4,885.74,4,4,3,11,Champions
cust_003415,643,1,121.58,1,1,1,3,Needs Attention
cust_003416,32,2,4816.21,4,3,4,11,Champions
cust_003417,53,1,191.97,4,1,1,6,Potential Loyalists
cust_003419,358,1,2429.71,2,1,4,7,Potential Loyalists
cust_003420,26,3,1024.82,4,4,3,11,Champions
cust_003423,340,1,287.16,2,1,2,5,Needs Attention
cust_003424,312,2,470.2,2,3,2,7,Potential Loyalists
cust_003426,255,2,458.11,2,3,2,7,Potential Loyalists
cust_003427,73,2,371.76,4,3,2,9,Loyal Customers
cust_003428,696,1,178.31,1,1,1,3,Needs Attention
cust_003430,349,2,458.57,2,3,2,7,Potential Loyalists
cust_003431,42,1,394.23,4,1,2,7,Potential Loyalists
cust_003432,123,3,642.99,3,4,3,10,Champions
cust_003435,267,3,1643.6000000000001,2,4,3,9,Loyal Customers
cust_003436,228,1,86.05,3,1,1,5,Needs Attention
cust_003439,206,2,3258.82,3,3,4,10,Champions
cust_003440,176,3,566.22,3,4,2,9,Loyal Customers
cust_003442,686,1,135.25,1,1,1,3,Needs Attention
cust_003443,7,1,166.07999999999998,4,1,1,6,Potential Loyalists
cust_003444,18,2,3336.67,4,3,4,11,Champions
cust_003445,361,1,285.71000000000004,2,1,2,5,Needs Attention
cust_003446,54,3,533.6800000000001,4,4,2,10,Champions
cust_003447,383,1,202.99,2,1,1,4,Needs Attention
cust_003450,697,1,392.5,1,1,2,4,Needs Attention
cust_003451,11,2,2751.71,4,3,4,11,Champions
cust_003452,424,1,84.74000000000001,2,1,1,4,Needs Attention
cust_003453,17,2,1572.6399999999999,4,3,3,10,Champions
cust_003454,49,3,715.71,4,4,3,11,Champions
cust_003456,48,2,2889.36,4,3,4,11,Champions
cust_003457,191,1,314.37,3,1,2,6,Potential Loyalists
cust_003459,29,1,447.66,4,1,2,7,Potential Loyalists
cust_003460,93,1,317.0,4,1,2,7,Potential Loyalists
cust_003462,171,2,2399.21,3,3,4,10,Champions
cust_003464,351,1,1187.63,2,1,3,6,Potential Loyalists
cust_003465,325,2,378.02,2,3,2,7,Potential Loyalists
cust_003466,82,3,1837.3100000000002,4,4,4,12,Champions
cust_003469,659,1,260.66,1,1,2,4,Needs Attention
cust_003471,22,1,1990.18,4,1,4,9,Loyal Customers
cust_003472,126,1,2450.93,3,1,4,8,Loyal Customers
cust_003475,555,1,530.18,1,1,2,4,Needs Attention
cust_003476,378,1,135.18,2,1,1,4,Needs Attention
cust_003483,43,5,3713.5,4,4,4,12,Champions
cust_003484,261,1,218.45,2,1,1,4,Needs Attention
cust_003486,510,2,177.25,1,3,1,5,Needs Attention
cust_003487,706,1,164.16,1,1,1,3,Needs Attention
cust_003489,398,2,283.73,2,3,2,7,Potential Loyalists
cust_003490,56,4,1381.71,4,4,3,11,Champions
cust_003491,45,2,2534.6600000000003,4,3,4,11,Champions
cust_003493,184,1,266.72,3,1,2,6,Potential Loyalists
cust_003494,709,1,932.53,1,1,3,5,At Risk (high value)
cust_003495,514,2,267.58000000000004,1,3,2,6,Potential Loyalists
cust_003496,182,2,2221.88,3,3,4,10,Champions
cust_003497,443,1,63.98,1,1,1,3,Needs Attention
cust_003499,725,1,126.17,1,1,1,3,Needs Attention
cust_003500,590,1,58.72,1,1,1,3,Needs Attention
cust_003504,279,3,1304.2,2,4,3,9,Loyal Customers
cust_003505,330,1,99.38,2,1,1,4,Needs Attention
cust_003506,13,2,1900.05,4,3,4,11,Champions
cust_003507,195,1,110.33,3,1,1,5,Needs Attention
cust_003510,41,4,2103.66,4,4,4,12,Champions
cust_003511,349,1,109.25,2,1,1,4,Needs Attention
cust_003512,158,2,305.41,3,3,2,8,Loyal Customers
cust_003513,331,1,242.27,2,1,2,5,Needs Attention
cust_003514,100,2,1900.21,3,3,4,10,Champions
cust_003515,228,3,3083.94,3,4,4,11,Champions
cust_003516,283,3,2135.09,2,4,4,10,Champions
cust_003517,161,2,1015.65,3,3,3,9,Loyal Customers
cust_003518,63,1,271.9,4,1,2,7,Potential Loyalists
cust_003520,478,1,48.3,1,1,1,3,Needs Attention
cust_003521,10,1,582.69,4,1,3,8,Loyal Customers
cust_003523,509,2,2544.71,1,3,4,8,Loyal Customers
cust_003524,685,1,125.41,1,1,1,3,Needs Attention
cust_003525,516,1,333.46,1,1,2,4,Needs Attention
cust_003527,374,2,2109.76,2,3,4,9,Loyal Customers
cust_003530,382,2,503.44,2,3,2,7,Potential Loyalists
cust_003531,139,2,470.79,3,3,2,8,Loyal Customers
cust_003534,341,3,795.1100000000001,2,4,3,9,Loyal Customers
cust_003535,88,4,4552.54,4,4,4,12,Champions
cust_003536,107,3,2950.9400000000005,3,4,4,11,Champions
cust_003537,71,1,440.18,4,1,2,7,Potential Loyalists
cust_003539,19,2,2486.21,4,3,4,11,Champions
cust_003540,407,1,415.14,2,1,2,5,Needs Attention
cust_003541,351,1,101.09,2,1,1,4,Needs Attention
cust_003542,339,1,56.52,2,1,1,4,Needs Attention
cust_003543,520,1,588.59,1,1,3,5,At Risk (high value)
cust_003544,310,1,185.51,2,1,1,4,Needs Attention
cust_003546,86,1,2917.75,4,1,4,9,Loyal Customers
cust_003548,48,1,2568.24,4,1,4,9,Loyal Customers
cust_003549,253,3,1733.9699999999998,2,4,3,9,Loyal Customers
cust_003551,100,3,2886.2200000000003,3,4,4,11,Champions
cust_003552,545,1,28.04,1,1,1,3,Needs Attention
cust_003553,145,3,2834.6,3,4,4,11,Champions
cust_003554,90,2,2176.54,4,3,4,11,Champions
cust_003555,435,1,146.26000000000002,1,1,1,3,Needs Attention
cust_003556,103,1,147.26999999999998,3,1,1,5,Needs Attention
cust_003557,192,2,893.04,3,3,3,9,Loyal Customers
cust_003558,183,2,1495.37,3,3,3,9,Loyal Customers
cust_003560,21,3,4556.53,4,4,4,12,Champions
cust_003561,15,4,3470.89,4,4,4,12,Champions
cust_003563,393,1,2102.84,2,1,4,7,Potential Loyalists
cust_003564,360,1,2043.73,2,1,4,7,Potential Loyalists
cust_003565,698,1,209.14,1,1,1,3,Needs Attention
cust_003566,231,1,3008.9,3,1,4,8,Loyal Customers
cust_003567,691,2,1037.95,1,3,3,7,Potential Loyalists
cust_003568,305,1,70.18,2,1,1,4,Needs Attention
cust_003569,139,2,910.9200000000001,3,3,3,9,Loyal Customers
cust_003572,41,1,188.51,4,1,1,6,Potential Loyalists
cust_003573,441,1,290.5,1,1,2,4,Needs Attention
cust_003574,327,4,785.45,2,4,3,9,Loyal Customers
cust_003575,341,1,116.25,2,1,1,4,Needs Attention
cust_003579,550,1,32.25,1,1,1,3,Needs Attention
cust_003580,428,1,335.16,2,1,2,5,Needs Attention
cust_003581,74,2,2258.2000000000003,4,3,4,11,Champions
cust_003583,375,1,835.34,2,1,3,6,Potential Loyalists
cust_003584,357,2,882.36,2,3,3,8,Loyal Customers
cust_003586,212,1,131.15,3,1,1,5,Needs Attention
cust_003587,173,3,509.92,3,4,2,9,Loyal Customers
cust_003590,642,1,195.29,1,1,1,3,Needs Attention
cust_003591,174,2,420.15,3,3,2,8,Loyal Customers
cust_003593,617,1,108.14,1,1,1,3,Needs Attention
cust_003594,44,1,111.23,4,1,1,6,Potential Loyalists
cust_003596,647,1,303.90000000000003,1,1,2,4,Needs Attention
cust_003597,654,1,390.73,1,1,2,4,Needs Attention
cust_003598,201,4,5007.71,3,4,4,11,Champions
cust_003600,439,1,738.3199999999999,1,1,3,5,At Risk (high value)
cust_003602,485,1,372.51,1,1,2,4,Needs Attention
cust_003603,178,1,72.32,3,1,1,5,Needs Attention
cust_003604,706,1,246.23,1,1,2,4,Needs Attention
cust_003605,335,2,578.54,2,3,2,7,Potential Loyalists
cust_003606,36,2,646.73,4,3,3,10,Champions
cust_003607,16,2,2148.0099999999998,4,3,4,11,Champions
cust_003610,129,3,385.76,3,4,2,9,Loyal Customers
cust_003611,154,1,1843.31,3,1,4,8,Loyal Customers
cust_003612,325,2,516.04,2,3,2,7,Potential Loyalists
cust_003614,685,1,1535.34,1,1,3,5,At Risk (high value)
cust_003618,1,2,4592.89,4,3,4,11,Champions
cust_003619,37,2,3564.19,4,3,4,11,Champions
cust_003620,652,1,322.79,1,1,2,4,Needs Attention
cust_003621,200,3,769.3000000000001,3,4,3,10,Champions
cust_003622,199,2,1144.92,3,3,3,9,Loyal Customers
cust_003624,15,1,619.1,4,1,3,8,Loyal Customers
cust_003625,56,1,233.52,4,1,1,6,Potential Loyalists
cust_003626,118,3,437.13,3,4,2,9,Loyal Customers
cust_003627,325,3,938.55,2,4,3,9,Loyal Customers
cust_003628,102,3,870.13,3,4,3,10,Champions
cust_003629,312,4,1525.4,2,4,3,9,Loyal Customers
cust_003630,445,3,673.2,1,4,3,8,Loyal Customers
cust_003631,308,2,877.23,2,3,3,8,Loyal Customers
cust_003632,462,1,125.09,1,1,1,3,Needs Attention
cust_003633,74,1,282.77000000000004,4,1,2,7,Potential Loyalists
cust_003636,85,3,2122.56,4,4,4,12,Champions
cust_003637,200,2,3742.62,3,3,4,10,Champions
cust_003638,23,2,243.9,4,3,2,9,Loyal Customers
cust_003640,562,1,406.02,1,1,2,4,Needs Attention
cust_003641,189,3,463.78,3,4,2,9,Loyal Customers
cust_003642,465,2,678.3600000000001,1,3,3,7,Potential Loyalists
cust_003644,204,5,5057.370000000001,3,4,4,11,Champions
cust_003645,4,3,1565.41,4,4,3,11,Champions
cust_003646,220,2,1186.24,3,3,3,9,Loyal Customers
cust_003647,339,1,207.18,2,1,1,4,Needs Attention
cust_003648,32,2,1432.8600000000001,4,3,3,10,Champions
cust_003650,518,2,2558.85,1,3,4,8,Loyal Customers
cust_003653,279,2,495.81,2,3,2,7,Potential Loyalists
cust_003654,593,1,1088.9,1,1,3,5,At Risk (high value)
cust_003655,44,2,948.1800000000001,4,3,3,10,Champions
cust_003657,430,1,61.77,2,1,1,4,Needs Attention
cust_003659,18,4,3736.2,4,4,4,12,Champions
cust_003660,69,1,112.39,4,1,1,6,Potential Loyalists
cust_003661,450,1,157.32999999999998,1,1,1,3,Needs Attention
cust_003662,656,1,31.45,1,1,1,3,Needs Attention
cust_003663,46,2,404.33000000000004,4,3,2,9,Loyal Customers
cust_003664,349,2,2135.61,2,3,4,9,Loyal Customers
cust_003665,73,1,445.9,4,1,2,7,Potential Loyalists
cust_003666,462,1,2599.2000000000003,1,1,4,6,Potential Loyalists
cust_003667,101,3,946.53,3,4,3,10,Champions
cust_003670,19,3,964.76,4,4,3,11,Champions
cust_003671,480,1,98.85,1,1,1,3,Needs Attention
cust_003672,522,3,1308.3600000000001,1,4,3,8,Loyal Customers
cust_003673,265,1,277.5,2,1,2,5,Needs Attention
cust_003674,74,3,495.44000000000005,4,4,2,10,Champions
cust_003675,68,3,979.53,4,4,3,11,Champions
cust_003676,55,4,783.9100000000001,4,4,3,11,Champions
cust_003677,54,2,442.39,4,3,2,9,Loyal Customers
cust_003678,211,1,67.42999999999999,3,1,1,5,Needs Attention
cust_003679,208,1,138.3,3,1,1,5,Needs Attention
cust_003680,104,1,474.0,3,1,2,6,Potential Loyalists
cust_003681,127,3,686.56,3,4,3,10,Champions
cust_003683,532,3,3422.7200000000003,1,4,4,9,Loyal Customers
cust_003687,17,2,3474.32,4,3,4,11,Champions
cust_003688,56,4,3842.9800000000005,4,4,4,12,Champions
cust_003690,45,2,173.28,4,3,1,8,Loyal Customers
cust_003691,597,1,310.5,1,1,2,4,Needs Attention
cust_003695,345,3,2180.52,2,4,4,10,Champions
cust_003696,26,4,2935.46,4,4,4,12,Champions
cust_003697,674,1,103.46,1,1,1,3,Needs Attention
cust_003699,181,2,1695.75,3,3,3,9,Loyal Customers
cust_003700,345,2,470.52,2,3,2,7,Potential Loyalists
cust_003701,160,3,610.04,3,4,3,10,Champions
cust_003705,465,1,150.15,1,1,1,3,Needs Attention
cust_003708,703,1,717.26,1,1,3,5,At Risk (high value)
cust_003709,204,2,187.39,3,3,1,7,Potential Loyalists
cust_003711,159,1,215.24,3,1,1,5,Needs Attention
cust_003712,644,2,1930.43,1,3,4,8,Loyal Customers
cust_003713,61,1,3162.09,4,1,4,9,Loyal Customers
cust_003714,703,1,170.14,1,1,1,3,Needs Attention
cust_003715,561,1,20.72,1,1,1,3,Needs Attention
cust_003716,396,2,2272.0499999999997,2,3,4,9,Loyal Customers
cust_003717,325,1,286.6,2,1,2,5,Needs Attention
cust_003718,73,5,4587.23,4,4,4,12,Champions
cust_003719,33,5,1660.73,4,4,3,11,Champions
cust_003720,434,2,563.28,1,3,2,6,Potential Loyalists
cust_003722,6,4,2664.67,4,4,4,12,Champions
cust_003723,245,2,302.58000000000004,2,3,2,7,Potential Loyalists
cust_003724,4,1,154.93,4,1,1,6,Potential Loyalists
cust_003725,274,1,460.24,2,1,2,5,Needs Attention
cust_003726,143,1,193.68,3,1,1,5,Needs Attention
cust_003727,209,4,2077.92,3,4,4,11,Champions
cust_003729,138,2,462.13,3,3,2,8,Loyal Customers
cust_003730,53,2,1298.27,4,3,3,10,Champions
cust_003731,403,1,209.0,2,1,1,4,Needs Attention
cust_003732,32,1,143.26999999999998,4,1,1,6,Potential Loyalists
cust_003734,579,1,40.900000000000006,1,1,1,3,Needs Attention
cust_003735,153,3,3355.1000000000004,3,4,4,11,Champions
cust_003736,370,2,292.54999999999995,2,3,2,7,Potential Loyalists
cust_003737,47,1,322.2,4,1,2,7,Potential Loyalists
cust_003738,355,1,84.10000000000001,2,1,1,4,Needs Attention
cust_003740,171,2,517.4,3,3,2,8,Loyal Customers
cust_003741,8,3,606.76,4,4,3,11,Champions
cust_003743,22,2,743.4599999999999,4,3,3,10,Champions
cust_003744,16,4,2230.6600000000003,4,4,4,12,Champions
cust_003747,98,3,2197.93,3,4,4,11,Champions
cust_003748,2,5,768.26,4,4,3,11,Champions
cust_003749,53,2,945.62,4,3,3,10,Champions
cust_003750,4,1,206.82,4,1,1,6,Potential Loyalists
cust_003751,25,2,3269.05,4,3,4,11,Champions
cust_003754,596,2,390.57,1,3,2,6,Potential Loyalists
cust_003756,74,2,597.9300000000001,4,3,3,10,Champions
cust_003757,542,1,1577.78,1,1,3,5,At Risk (high value)
cust_003758,116,3,619.13,3,4,3,10,Champions
cust_003759,491,3,347.3,1,4,2,7,Potential Loyalists
cust_003760,266,2,2248.02,2,3,4,9,Loyal Customers
cust_003762,254,1,671.89,2,1,3,6,Potential Loyalists
cust_003763,241,2,1882.21,3,3,4,10,Champions
cust_003764,303,2,1420.63,2,3,3,8,Loyal Customers
cust_003765,52,2,2876.38,4,3,4,11,Champions
cust_003766,121,3,2599.94,3,4,4,11,Champions
cust_003767,326,2,1947.65,2,3,4,9,Loyal Customers
cust_003768,362,2,2468.39,2,3,4,9,Loyal Customers
cust_003769,104,1,127.49,3,1,1,5,Needs Attention
cust_003770,155,5,1378.6000000000001,3,4,3,10,Champions
cust_003771,212,1,96.66,3,1,1,5,Needs Attention
cust_003772,692,1,165.75,1,1,1,3,Needs Attention
cust_003773,294,1,313.09,2,1,2,5,Needs Attention
cust_003774,366,1,33.85,2,1,1,4,Needs Attention
cust_003775,60,3,2879.23,4,4,4,12,Champions
cust_003777,41,1,247.86,4,1,2,7,Potential Loyalists
cust_003778,697,1,40.05,1,1,1,3,Needs Attention
cust_003779,468,1,181.12,1,1,1,3,Needs Attention
cust_003782,31,1,157.18,4,1,1,6,Potential Loyalists
cust_003783,46,3,1492.8700000000001,4,4,3,11,Champions
cust_003785,96,1,346.56,4,1,2,7,Potential Loyalists
cust_003786,10,2,2376.37,4,3,4,11,Champions
cust_003787,397,1,367.04,2,1,2,5,Needs Attention
cust_003788,503,1,1720.05,1,1,3,5,At Risk (high value)
cust_003789,717,1,278.63,1,1,2,4,Needs Attention
cust_003790,259,1,408.62,2,1,2,5,Needs Attention
cust_003791,225,3,4306.57,3,4,4,11,Champions
cust_003792,156,2,1259.72,3,3,3,9,Loyal Customers
cust_003793,216,3,2680.27,3,4,4,11,Champions
cust_003796,635,2,459.71000000000004,1,3,2,6,Potential Loyalists
cust_003797,4,2,500.3,4,3,2,9,Loyal Customers
cust_003799,31,1,2430.36,4,1,4,9,Loyal Customers
cust_003801,204,1,323.19,3,1,2,6,Potential Loyalists
cust_003802,189,2,679.58,3,3,3,9,Loyal Customers
cust_003803,350,1,60.53,2,1,1,4,Needs Attention
cust_003804,692,1,381.12,1,1,2,4,Needs Attention
cust_003805,38,1,443.76,4,1,2,7,Potential Loyalists
cust_003806,296,1,255.22,2,1,2,5,Needs Attention
cust_003807,51,3,1778.24,4,4,4,12,Champions
cust_003808,544,2,106.05000000000001,1,3,1,5,Needs Attention
cust_003809,32,2,2448.94,4,3,4,11,Champions
cust_003810,93,3,420.6,4,4,2,10,Champions
cust_003811,40,3,888.26,4,4,3,11,Champions
cust_003812,514,1,90.98,1,1,1,3,Needs Attention
cust_003814,529,1,286.7,1,1,2,4,Needs Attention
cust_003815,26,2,3481.74,4,3,4,11,Champions
cust_003816,299,2,399.66999999999996,2,3,2,7,Potential Loyalists
cust_003818,262,2,324.51,2,3,2,7,Potential Loyalists
cust_003819,598,1,199.44,1,1,1,3,Needs Attention
cust_003822,312,1,229.55,2,1,1,4,Needs Attention
cust_003823,383,3,772.6700000000001,2,4,3,9,Loyal Customers
cust_003824,152,1,141.1,3,1,1,5,Needs Attention
cust_003825,403,1,180.51,2,1,1,4,Needs Attention
cust_003827,710,1,378.18,1,1,2,4,Needs Attention
cust_003828,73,2,1233.6999999999998,4,3,3,10,Champions
cust_003829,17,1,916.46,4,1,3,8,Loyal Customers
cust_003830,265,2,423.77000000000004,2,3,2,7,Potential Loyalists
cust_003831,5,2,497.76,4,3,2,9,Loyal Customers
cust_003832,87,3,2313.79,4,4,4,12,Champions
cust_003833,270,1,435.45,2,1,2,5,Needs Attention
cust_003835,27,2,402.16999999999996,4,3,2,9,Loyal Customers
cust_003837,194,1,22.34,3,1,1,5,Needs Attention
cust_003838,552,1,33.9,1,1,1,3,Needs Attention
cust_003839,477,2,411.81,1,3,2,6,Potential Loyalists
cust_003840,104,2,564.14,3,3,2,8,Loyal Customers
cust_003841,38,3,734.53,4,4,3,11,Champions
cust_003842,543,1,555.45,1,1,2,4,Needs Attention
cust_003843,196,1,254.94,3,1,2,6,Potential Loyalists
cust_003845,154,5,5238.22,3,4,4,11,Champions
cust_003847,649,1,1758.49,1,1,3,5,At Risk (high value)
cust_003849,162,3,1908.87,3,4,4,11,Champions
cust_003850,222,3,647.23,3,4,3,10,Champions
cust_003853,691,1,1806.08,1,1,4,6,Potential Loyalists
cust_003854,212,4,213.57,3,4,1,8,Loyal Customers
cust_003856,505,2,1066.7,1,3,3,7,Potential Loyalists
cust_003858,73,1,77.17,4,1,1,6,Potential Loyalists
cust_003859,601,1,89.89,1,1,1,3,Needs Attention
cust_003861,197,3,1238.78,3,4,3,10,Champions
cust_003862,68,3,514.35,4,4,2,10,Champions
cust_003863,192,2,878.89,3,3,3,9,Loyal Customers
cust_003864,689,1,93.95,1,1,1,3,Needs Attention
cust_003866,85,2,2083.48,4,3,4,11,Champions
cust_003867,96,3,1690.5500000000002,4,4,3,11,Champions
cust_003868,200,1,510.1,3,1,2,6,Potential Loyalists
cust_003869,455,1,1931.69,1,1,4,6,Potential Loyalists
cust_003870,166,1,306.69,3,1,2,6,Potential Loyalists
cust_003871,6,2,521.52,4,3,2,9,Loyal Customers
cust_003872,165,2,1759.52,3,3,3,9,Loyal Customers
cust_003873,516,1,31.46,1,1,1,3,Needs Attention
cust_003874,227,2,4083.41,3,3,4,10,Champions
cust_003875,73,2,2780.9000000000005,4,3,4,11,Champions
cust_003876,420,2,609.4,2,3,3,8,Loyal Customers
cust_003878,521,1,401.42,1,1,2,4,Needs Attention
cust_003879,472,1,104.38,1,1,1,3,Needs Attention
cust_003880,343,2,2042.97,2,3,4,9,Loyal Customers
cust_003881,601,1,588.4300000000001,1,1,3,5,At Risk (high value)
cust_003882,555,1,793.06,1,1,3,5,At Risk (high value)
cust_003883,109,2,1235.71,3,3,3,9,Loyal Customers
cust_003885,265,2,359.43,2,3,2,7,Potential Loyalists
cust_003888,223,1,221.01,3,1,1,5,Needs Attention
cust_003889,465,2,227.18,1,3,1,5,Needs Attention
cust_003890,245,2,461.48,2,3,2,7,Potential Loyalists
cust_003891,126,1,26.28,3,1,1,5,Needs Attention
cust_003892,580,2,1758.99,1,3,3,7,Potential Loyalists
cust_003893,236,2,2333.0,3,3,4,10,Champions
cust_003895,669,1,169.49,1,1,1,3,Needs Attention
cust_003896,587,1,455.7000000000001,1,1,2,4,Needs Attention
cust_003897,80,3,658.84,4,4,3,11,Champions
cust_003898,132,1,185.04,3,1,1,5,Needs Attention
cust_003899,334,1,113.33,2,1,1,4,Needs Attention
cust_003900,237,2,1022.1500000000001,3,3,3,9,Loyal Customers
cust_003901,251,1,1448.59,2,1,3,6,Potential Loyalists
cust_003902,646,1,309.86,1,1,2,4,Needs Attention
cust_003904,47,3,493.37,4,4,2,10,Champions
cust_003905,582,1,1091.46,1,1,3,5,At Risk (high value)
cust_003906,212,2,573.2400000000001,3,3,2,8,Loyal Customers
cust_003907,377,1,152.48000000000002,2,1,1,4,Needs Attention
cust_003908,349,1,224.21,2,1,1,4,Needs Attention
cust_003909,172,3,3268.76,3,4,4,11,Champions
cust_003911,352,1,75.71,2,1,1,4,Needs Attention
cust_003913,344,1,525.84,2,1,2,5,Needs Attention
cust_003915,476,1,3220.1600000000003,1,1,4,6,Potential Loyalists
cust_003916,569,1,29.85,1,1,1,3,Needs Attention
cust_003917,123,1,1277.14,3,1,3,7,Potential Loyalists
cust_003918,574,1,288.92,1,1,2,4,Needs Attention
cust_003920,61,1,136.22,4,1,1,6,Potential Loyalists
cust_003922,33,1,515.9399999999999,4,1,2,7,Potential Loyalists
cust_003923,338,2,325.6,2,3,2,7,Potential Loyalists
cust_003924,354,2,1575.41,2,3,3,8,Loyal Customers
cust_003925,45,3,1254.01,4,4,3,11,Champions
cust_003926,628,1,2070.71,1,1,4,6,Potential Loyalists
cust_003927,221,2,3330.2,3,3,4,10,Champions
cust_003928,398,2,455.09999999999997,2,3,2,7,Potential Loyalists
cust_003929,510,1,475.24,1,1,2,4,Needs Attention
cust_003930,552,1,2322.27,1,1,4,6,Potential Loyalists
cust_003932,42,6,6463.26,4,4,4,12,Champions
cust_003933,39,2,1838.52,4,3,4,11,Champions
cust_003935,451,2,2797.2799999999997,1,3,4,8,Loyal Customers
cust_003936,204,1,69.87,3,1,1,5,Needs Attention
cust_003937,405,1,138.61,2,1,1,4,Needs Attention
cust_003939,191,2,270.56,3,3,2,8,Loyal Customers
cust_003940,391,1,442.54,2,1,2,5,Needs Attention
cust_003943,700,1,239.58,1,1,1,3,Needs Attention
cust_003944,575,1,973.91,1,1,3,5,At Risk (high value)
cust_003945,153,1,78.55000000000001,3,1,1,5,Needs Attention
cust_003947,125,1,222.69,3,1,1,5,Needs Attention
cust_003949,443,1,204.68,1,1,1,3,Needs Attention
cust_003951,396,3,1210.62,2,4,3,9,Loyal Customers
cust_003952,114,1,61.12,3,1,1,5,Needs Attention
cust_003953,526,1,107.67,1,1,1,3,Needs Attention
cust_003954,217,1,534.0699999999999,3,1,2,6,Potential Loyalists
cust_003955,34,2,1758.8500000000001,4,3,3,10,Champions
cust_003956,220,2,4226.86,3,3,4,10,Champions
cust_003957,84,3,452.54,4,4,2,10,Champions
cust_003959,38,5,1404.2,4,4,3,11,Champions
cust_003960,315,2,184.58999999999997,2,3,1,6,Potential Loyalists
cust_003961,505,1,335.71000000000004,1,1,2,4,Needs Attention
cust_003962,459,1,342.42,1,1,2,4,Needs Attention
cust_003963,47,1,1775.43,4,1,4,9,Loyal Customers
cust_003965,11,1,431.0,4,1,2,7,Potential Loyalists
cust_003966,20,1,175.54,4,1,1,6,Potential Loyalists
cust_003967,288,2,302.72,2,3,2,7,Potential Loyalists
cust_003968,474,2,452.39,1,3,2,6,Potential Loyalists
cust_003969,155,2,1374.8399999999997,3,3,3,9,Loyal Customers
cust_003970,1,5,6747.67,4,4,4,12,Champions
cust_003972,286,1,37.06,2,1,1,4,Needs Attention
cust_003973,121,1,207.64,3,1,1,5,Needs Attention
cust_003974,414,1,151.22,2,1,1,4,Needs Attention
cust_003976,130,3,1783.71,3,4,4,11,Champions
cust_003977,207,1,2486.26,3,1,4,8,Loyal Customers
cust_003980,479,1,270.93,1,1,2,4,Needs Attention
cust_003981,120,3,3676.8,3,4,4,11,Champions
cust_003982,48,1,226.62,4,1,1,6,Potential Loyalists
cust_003983,84,4,2813.4900000000002,4,4,4,12,Champions
cust_003985,63,3,483.19000000000005,4,4,2,10,Champions
cust_003987,621,1,3121.18,1,1,4,6,Potential Loyalists
cust_003988,99,1,334.62,3,1,2,6,Potential Loyalists
cust_003990,103,1,135.42,3,1,1,5,Needs Attention
cust_003991,367,1,559.6899999999999,2,1,2,5,Needs Attention
cust_003992,103,2,447.98,3,3,2,8,Loyal Customers
cust_003993,390,1,743.14,2,1,3,6,Potential Loyalists
cust_003994,127,2,1025.19,3,3,3,9,Loyal Customers
cust_003996,637,1,192.77,1,1,1,3,Needs Attention
cust_003998,81,3,489.76,4,4,2,10,Champions
cust_004000,15,4,4089.1600000000008,4,4,4,12,Champions
cust_004001,281,3,935.77,2,4,3,9,Loyal Customers
cust_004002,519,1,1398.0200000000002,1,1,3,5,At Risk (high value)
cust_004004,81,1,69.55,4,1,1,6,Potential Loyalists
cust_004005,137,3,3372.41,3,4,4,11,Champions
cust_004006,42,2,1752.71,4,3,3,10,Champions
cust_004008,41,4,782.44,4,4,3,11,Champions
cust_004009,30,3,927.99,4,4,3,11,Champions
cust_004011,478,1,161.78,1,1,1,3,Needs Attention
cust_004014,58,2,334.13,4,3,2,9,Loyal Customers
cust_004016,288,3,3722.69,2,4,4,10,Champions
cust_004017,634,1,1463.48,1,1,3,5,At Risk (high value)
cust_004018,110,3,1014.15,3,4,3,10,Champions
cust_004019,82,3,692.56,4,4,3,11,Champions
cust_004020,388,1,1646.68,2,1,3,6,Potential Loyalists
cust_004021,504,1,78.57000000000001,1,1,1,3,Needs Attention
cust_004022,360,1,93.11,2,1,1,4,Needs Attention
cust_004023,89,2,297.10999999999996,4,3,2,9,Loyal Customers
cust_004025,370,3,415.36,2,4,2,8,Loyal Customers
cust_004027,61,2,2573.79,4,3,4,11,Champions
cust_004030,407,1,203.36,2,1,1,4,Needs Attention
cust_004033,34,4,2741.51,4,4,4,12,Champions
cust_004035,312,1,3709.77,2,1,4,7,Potential Loyalists
cust_004036,76,2,937.71,4,3,3,10,Champions
cust_004037,424,1,108.08,2,1,1,4,Needs Attention
cust_004038,154,1,220.92,3,1,1,5,Needs Attention
cust_004039,148,1,142.81,3,1,1,5,Needs Attention
cust_004040,149,1,313.14,3,1,2,6,Potential Loyalists
cust_004041,216,2,465.37,3,3,2,8,Loyal Customers
cust_004042,265,3,666.25,2,4,3,9,Loyal Customers
cust_004047,607,1,2202.78,1,1,4,6,Potential Loyalists
cust_004050,224,3,343.31,3,4,2,9,Loyal Customers
cust_004051,350,1,322.79999999999995,2,1,2,5,Needs Attention
cust_004052,4,2,2151.42,4,3,4,11,Champions
cust_004053,132,3,1417.2800000000002,3,4,3,10,Champions
cust_004054,409,1,174.5,2,1,1,4,Needs Attention
cust_004055,439,1,29.91,1,1,1,3,Needs Attention
cust_004056,38,1,1590.37,4,1,3,8,Loyal Customers
cust_004059,25,1,28.36,4,1,1,6,Potential Loyalists
cust_004060,85,2,410.21999999999997,4,3,2,9,Loyal Customers
cust_004061,15,1,76.58,4,1,1,6,Potential Loyalists
cust_004062,89,2,386.94,4,3,2,9,Loyal Customers
cust_004063,645,1,1357.66,1,1,3,5,At Risk (high value)
cust_004064,77,1,243.37,4,1,2,7,Potential Loyalists
cust_004065,599,1,202.47,1,1,1,3,Needs Attention
cust_004066,382,1,1424.99,2,1,3,6,Potential Loyalists
cust_004067,112,1,206.08,3,1,1,5,Needs Attention
cust_004068,567,1,251.45,1,1,2,4,Needs Attention
cust_004070,423,2,578.0999999999999,2,3,2,7,Potential Loyalists
cust_004071,13,2,737.4000000000001,4,3,3,10,Champions
cust_004072,593,1,342.15000000000003,1,1,2,4,Needs Attention
cust_004075,9,1,290.26,4,1,2,7,Potential Loyalists
cust_004076,230,3,2681.02,3,4,4,11,Champions
cust_004077,49,1,107.49,4,1,1,6,Potential Loyalists
cust_004078,191,2,617.2199999999999,3,3,3,9,Loyal Customers
cust_004079,500,2,2195.3,1,3,4,8,Loyal Customers
cust_004080,152,1,96.66,3,1,1,5,Needs Attention
cust_004081,581,1,425.94,1,1,2,4,Needs Attention
cust_004082,168,2,341.28000000000003,3,3,2,8,Loyal Customers
cust_004083,218,1,1014.36,3,1,3,7,Potential Loyalists
cust_004085,248,1,398.0,2,1,2,5,Needs Attention
cust_004086,83,4,5703.36,4,4,4,12,Champions
cust_004087,139,2,2030.7599999999998,3,3,4,10,Champions
cust_004088,45,2,4093.12,4,3,4,11,Champions
cust_004090,160,2,1829.37,3,3,4,10,Champions
cust_004091,290,1,2811.14,2,1,4,7,Potential Loyalists
cust_004092,548,1,268.2,1,1,2,4,Needs Attention
cust_004094,526,1,496.79,1,1,2,4,Needs Attention
cust_004095,384,1,2465.61,2,1,4,7,Potential Loyalists
cust_004096,627,1,378.33,1,1,2,4,Needs Attention
cust_004098,77,1,1163.03,4,1,3,8,Loyal Customers
cust_004099,599,1,1258.87,1,1,3,5,At Risk (high value)
cust_004100,637,1,517.59,1,1,2,4,Needs Attention
cust_004102,390,2,3415.64,2,3,4,9,Loyal Customers
cust_004103,91,2,298.1,4,3,2,9,Loyal Customers
cust_004107,271,4,2337.4,2,4,4,10,Champions
cust_004108,124,2,539.77,3,3,2,8,Loyal Customers
cust_004109,349,3,2710.66,2,4,4,10,Champions
cust_004112,375,1,71.28999999999999,2,1,1,4,Needs Attention
cust_004114,565,2,366.95000000000005,1,3,2,6,Potential Loyalists
cust_004116,147,1,494.88,3,1,2,6,Potential Loyalists
cust_004117,529,3,2463.71,1,4,4,9,Loyal Customers
cust_004118,327,2,735.7700000000001,2,3,3,8,Loyal Customers
cust_004120,130,2,806.6300000000001,3,3,3,9,Loyal Customers
cust_004121,124,1,622.13,3,1,3,7,Potential Loyalists
cust_004122,714,1,80.47,1,1,1,3,Needs Attention
cust_004123,423,1,64.82000000000001,2,1,1,4,Needs Attention
cust_004124,175,2,793.34,3,3,3,9,Loyal Customers
cust_004129,450,1,346.4,1,1,2,4,Needs Attention
cust_004130,311,2,373.08000000000004,2,3,2,7,Potential Loyalists
cust_004131,388,4,4552.95,2,4,4,10,Champions
cust_004133,32,3,2203.42,4,4,4,12,Champions
cust_004134,370,2,2446.77,2,3,4,9,Loyal Customers
cust_004135,372,3,1521.87,2,4,3,9,Loyal Customers
cust_004136,656,2,133.49,1,3,1,5,Needs Attention
cust_004137,503,1,625.97,1,1,3,5,At Risk (high value)
cust_004138,405,2,213.26,2,3,1,6,Potential Loyalists
cust_004141,663,1,754.24,1,1,3,5,At Risk (high value)
cust_004142,109,1,2046.0,3,1,4,8,Loyal Customers
cust_004143,208,2,975.9000000000001,3,3,3,9,Loyal Customers
cust_004144,383,2,257.71999999999997,2,3,2,7,Potential Loyalists
cust_004145,421,2,2878.61,2,3,4,9,Loyal Customers
cust_004146,150,3,3964.75,3,4,4,11,Champions
cust_004147,110,1,1317.52,3,1,3,7,Potential Loyalists
cust_004150,41,4,1049.22,4,4,3,11,Champions
cust_004151,151,3,2431.59,3,4,4,11,Champions
cust_004152,536,2,1113.8200000000002,1,3,3,7,Potential Loyalists
cust_004154,238,1,463.96,3,1,2,6,Potential Loyalists
cust_004155,149,3,6970.55,3,4,4,11,Champions
cust_004157,30,2,247.27,4,3,2,9,Loyal Customers
cust_004158,120,2,722.3,3,3,3,9,Loyal Customers
cust_004159,137,1,296.9,3,1,2,6,Potential Loyalists
cust_004160,547,1,308.35,1,1,2,4,Needs Attention
cust_004161,315,2,1522.24,2,3,3,8,Loyal Customers
cust_004162,534,1,146.31,1,1,1,3,Needs Attention
cust_004163,37,1,2766.33,4,1,4,9,Loyal Customers
cust_004164,256,2,968.21,2,3,3,8,Loyal Customers
cust_004167,423,1,164.56,2,1,1,4,Needs Attention
cust_004169,386,1,94.71,2,1,1,4,Needs Attention
cust_004171,180,1,676.23,3,1,3,7,Potential Loyalists
cust_004172,63,1,114.93,4,1,1,6,Potential Loyalists
cust_004173,174,2,1163.6100000000001,3,3,3,9,Loyal Customers
cust_004174,229,1,106.02,3,1,1,5,Needs Attention
cust_004175,102,3,4192.01,3,4,4,11,Champions
cust_004176,550,1,1988.4,1,1,4,6,Potential Loyalists
cust_004177,8,3,2124.46,4,4,4,12,Champions
cust_004178,108,2,2932.84,3,3,4,10,Champions
cust_004179,220,3,663.75,3,4,3,10,Champions
cust_004180,424,2,1292.6399999999999,2,3,3,8,Loyal Customers
cust_004181,203,1,3347.83,3,1,4,8,Loyal Customers
cust_004182,160,2,774.53,3,3,3,9,Loyal Customers
cust_004183,144,3,785.51,3,4,3,10,Champions
cust_004184,533,1,370.24,1,1,2,4,Needs Attention
cust_004185,110,2,556.6400000000001,3,3,2,8,Loyal Customers
cust_004186,26,1,50.2,4,1,1,6,Potential Loyalists
cust_004187,443,1,667.35,1,1,3,5,At Risk (high value)
cust_004188,366,2,3348.13,2,3,4,9,Loyal Customers
cust_004190,645,1,124.2,1,1,1,3,Needs Attention
cust_004195,154,2,586.13,3,3,3,9,Loyal Customers
cust_004196,540,2,237.02,1,3,1,5,Needs Attention
cust_004197,308,2,906.1600000000001,2,3,3,8,Loyal Customers
cust_004198,151,1,213.57,3,1,1,5,Needs Attention
cust_004199,411,2,474.52,2,3,2,7,Potential Loyalists
cust_004200,125,5,1073.16,3,4,3,10,Champions
cust_004203,393,1,763.06,2,1,3,6,Potential Loyalists
cust_004204,244,2,418.14000000000004,2,3,2,7,Potential Loyalists
cust_004206,353,2,2387.71,2,3,4,9,Loyal Customers
cust_004207,132,1,66.65,3,1,1,5,Needs Attention
cust_004208,526,2,3379.2799999999997,1,3,4,8,Loyal Customers
cust_004209,298,1,2741.3,2,1,4,7,Potential Loyalists
cust_004210,49,3,2587.67,4,4,4,12,Champions
cust_004211,486,2,3507.62,1,3,4,8,Loyal Customers
cust_004212,222,2,1823.4,3,3,4,10,Champions
cust_004213,9,4,2244.0,4,4,4,12,Champions
cust_004214,530,2,2427.8700000000003,1,3,4,8,Loyal Customers
cust_004215,381,2,993.98,2,3,3,8,Loyal Customers
cust_004216,534,1,150.42000000000002,1,1,1,3,Needs Attention
cust_004217,544,1,1774.64,1,1,4,6,Potential Loyalists
cust_004218,392,4,4170.58,2,4,4,10,Champions
cust_004221,367,1,1746.17,2,1,3,6,Potential Loyalists
cust_004222,251,1,3107.94,2,1,4,7,Potential Loyalists
cust_004223,49,2,1171.28,4,3,3,10,Champions
cust_004224,450,1,223.34,1,1,1,3,Needs Attention
cust_004225,385,4,3455.62,2,4,4,10,Champions
cust_004227,166,3,2609.26,3,4,4,11,Champions
cust_004228,183,4,3073.7799999999997,3,4,4,11,Champions
cust_004231,292,2,2617.0300000000007,2,3,4,9,Loyal Customers
cust_004232,116,4,1390.32,3,4,3,10,Champions
cust_004233,577,2,558.66,1,3,2,6,Potential Loyalists
cust_004234,170,3,1983.3600000000001,3,4,4,11,Champions
cust_004235,335,1,290.02,2,1,2,5,Needs Attention
cust_004236,173,2,218.84,3,3,1,7,Potential Loyalists
cust_004237,288,2,181.72,2,3,1,6,Potential Loyalists
cust_004238,505,2,146.11,1,3,1,5,Needs Attention
cust_004239,176,2,983.27,3,3,3,9,Loyal Customers
cust_004240,483,1,266.3,1,1,2,4,Needs Attention
cust_004241,652,1,198.6,1,1,1,3,Needs Attention
cust_004242,82,3,1144.79,4,4,3,11,Champions
cust_004243,96,3,200.92,4,4,1,9,Loyal Customers
cust_004247,597,1,1280.21,1,1,3,5,At Risk (high value)
cust_004248,542,1,443.0700000000001,1,1,2,4,Needs Attention
cust_004249,453,2,2526.97,1,3,4,8,Loyal Customers
cust_004250,621,2,503.0,1,3,2,6,Potential Loyalists
cust_004251,152,1,1896.83,3,1,4,8,Loyal Customers
cust_004253,526,2,576.9300000000001,1,3,2,6,Potential Loyalists
cust_004255,358,2,881.52,2,3,3,8,Loyal Customers
cust_004257,680,1,161.02,1,1,1,3,Needs Attention
cust_004258,709,1,314.15,1,1,2,4,Needs Attention
cust_004259,309,2,2046.39,2,3,4,9,Loyal Customers
cust_004260,55,3,600.2800000000001,4,4,3,11,Champions
cust_004261,150,4,2130.0499999999997,3,4,4,11,Champions
cust_004262,27,2,1825.46,4,3,4,11,Champions
cust_004263,97,2,285.87,3,3,2,8,Loyal Customers
cust_004264,445,2,514.55,1,3,2,6,Potential Loyalists
cust_004266,403,1,50.83,2,1,1,4,Needs Attention
cust_004267,316,2,2575.81,2,3,4,9,Loyal Customers
cust_004268,285,3,2176.59,2,4,4,10,Champions
cust_004270,113,4,795.1,3,4,3,10,Champions
cust_004271,83,1,1604.86,4,1,3,8,Loyal Customers
cust_004272,346,1,141.4,2,1,1,4,Needs Attention
cust_004273,77,1,254.67,4,1,2,7,Potential Loyalists
cust_004274,677,1,166.37,1,1,1,3,Needs Attention
cust_004275,557,1,3035.42,1,1,4,6,Potential Loyalists
cust_004276,116,2,917.18,3,3,3,9,Loyal Customers
cust_004277,165,2,455.83,3,3,2,8,Loyal Customers
cust_004278,246,2,3152.4700000000003,2,3,4,9,Loyal Customers
cust_004280,240,1,2020.96,3,1,4,8,Loyal Customers
cust_004282,222,2,3210.6900000000005,3,3,4,10,Champions
cust_004283,29,1,2716.05,4,1,4,9,Loyal Customers
cust_004284,59,3,2211.81,4,4,4,12,Champions
cust_004285,193,1,1193.6699999999998,3,1,3,7,Potential Loyalists
cust_004286,683,1,99.68,1,1,1,3,Needs Attention
cust_004287,12,4,908.51,4,4,3,11,Champions
cust_004288,635,1,89.89,1,1,1,3,Needs Attention
cust_004289,115,2,1350.52,3,3,3,9,Loyal Customers
cust_004290,162,2,1295.2800000000002,3,3,3,9,Loyal Customers
cust_004292,305,1,1940.1,2,1,4,7,Potential Loyalists
cust_004293,423,1,38.19,2,1,1,4,Needs Attention
cust_004295,388,1,162.22,2,1,1,4,Needs Attention
cust_004297,286,3,2417.7,2,4,4,10,Champions
cust_004298,91,3,608.95,4,4,3,11,Champions
cust_004299,115,2,564.71,3,3,2,8,Loyal Customers
cust_004300,30,3,721.55,4,4,3,11,Champions
cust_004301,173,1,490.4,3,1,2,6,Potential Loyalists
cust_004302,723,1,249.76,1,1,2,4,Needs Attention
cust_004305,376,1,190.65,2,1,1,4,Needs Attention
cust_004306,657,1,797.36,1,1,3,5,At Risk (high value)
cust_004307,424,1,160.85,2,1,1,4,Needs Attention
cust_004308,722,1,569.2700000000001,1,1,2,4,Needs Attention
cust_004310,100,2,289.7,3,3,2,8,Loyal Customers
cust_004311,147,4,4254.6900000000005,3,4,4,11,Champions
cust_004312,58,2,2342.91,4,3,4,11,Champions
cust_004313,456,1,150.55,1,1,1,3,Needs Attention
cust_004314,143,2,1188.69,3,3,3,9,Loyal Customers
cust_004316,120,3,1751.1299999999999,3,4,3,10,Champions
cust_004317,85,2,2504.98,4,3,4,11,Champions
cust_004318,58,1,228.01,4,1,1,6,Potential Loyalists
cust_004319,606,1,354.59000000000003,1,1,2,4,Needs Attention
cust_004320,280,2,1802.02,2,3,4,9,Loyal Customers
cust_004321,8,3,2384.08,4,4,4,12,Champions
cust_004322,6,1,346.54999999999995,4,1,2,7,Potential Loyalists
cust_004323,7,1,51.61,4,1,1,6,Potential Loyalists
cust_004324,394,1,52.2,2,1,1,4,Needs Attention
cust_004326,63,2,3050.6,4,3,4,11,Champions
cust_004327,232,2,3074.02,3,3,4,10,Champions
cust_004329,40,2,2952.6100000000006,4,3,4,11,Champions
cust_004330,20,3,2268.75,4,4,4,12,Champions
cust_004331,239,2,370.87,3,3,2,8,Loyal Customers
cust_004332,147,2,133.3,3,3,1,7,Potential Loyalists
cust_004334,298,1,664.04,2,1,3,6,Potential Loyalists
cust_004335,189,2,2533.6200000000003,3,3,4,10,Champions
cust_004340,18,2,633.98,4,3,3,10,Champions
cust_004341,382,1,238.56,2,1,1,4,Needs Attention
cust_004346,309,1,2872.14,2,1,4,7,Potential Loyalists
cust_004348,29,3,771.25,4,4,3,11,Champions
cust_004349,79,3,382.03,4,4,2,10,Champions
cust_004350,14,2,1677.85,4,3,3,10,Champions
cust_004354,70,4,648.66,4,4,3,11,Champions
cust_004355,606,1,1082.5,1,1,3,5,At Risk (high value)
cust_004356,497,1,110.96,1,1,1,3,Needs Attention
cust_004357,39,2,874.11,4,3,3,10,Champions
cust_004358,77,1,471.27,4,1,2,7,Potential Loyalists
cust_004359,224,1,821.65,3,1,3,7,Potential Loyalists
cust_004360,118,1,545.01,3,1,2,6,Potential Loyalists
cust_004361,669,1,316.28000000000003,1,1,2,4,Needs Attention
cust_004362,108,2,730.1,3,3,3,9,Loyal Customers
cust_004363,526,1,1506.92,1,1,3,5,At Risk (high value)
cust_004364,313,2,342.07,2,3,2,7,Potential Loyalists
cust_004365,33,1,85.75,4,1,1,6,Potential Loyalists
cust_004366,510,2,2880.85,1,3,4,8,Loyal Customers
cust_004367,123,1,2190.05,3,1,4,8,Loyal Customers
cust_004368,9,3,654.39,4,4,3,11,Champions
cust_004369,377,2,1667.22,2,3,3,8,Loyal Customers
cust_004370,289,3,2900.7799999999997,2,4,4,10,Champions
cust_004372,10,1,76.3,4,1,1,6,Potential Loyalists
cust_004374,235,2,910.0999999999999,3,3,3,9,Loyal Customers
cust_004376,570,1,148.53,1,1,1,3,Needs Attention
cust_004377,721,1,63.11,1,1,1,3,Needs Attention
cust_004378,370,3,1003.51,2,4,3,9,Loyal Customers
cust_004379,441,2,2408.49,1,3,4,8,Loyal Customers
cust_004380,487,2,368.52,1,3,2,6,Potential Loyalists
cust_004381,26,2,2500.3,4,3,4,11,Champions
cust_004382,34,2,571.99,4,3,2,9,Loyal Customers
cust_004383,106,1,196.47,3,1,1,5,Needs Attention
cust_004384,422,1,909.53,2,1,3,6,Potential Loyalists
cust_004386,391,1,72.33999999999999,2,1,1,4,Needs Attention
cust_004388,27,1,3275.48,4,1,4,9,Loyal Customers
cust_004389,61,1,321.34,4,1,2,7,Potential Loyalists
cust_004390,155,2,2852.53,3,3,4,10,Champions
cust_004392,375,1,2000.62,2,1,4,7,Potential Loyalists
cust_004394,630,2,473.59000000000003,1,3,2,6,Potential Loyalists
cust_004395,275,1,117.8,2,1,1,4,Needs Attention
cust_004396,656,1,946.08,1,1,3,5,At Risk (high value)
cust_004399,121,2,832.42,3,3,3,9,Loyal Customers
cust_004402,218,4,1428.31,3,4,3,10,Champions
cust_004403,221,1,218.08,3,1,1,5,Needs Attention
cust_004405,12,1,512.3199999999999,4,1,2,7,Potential Loyalists
cust_004406,1,2,844.4599999999999,4,3,3,10,Champions
cust_004407,546,1,1200.84,1,1,3,5,At Risk (high value)
cust_004408,288,2,318.02,2,3,2,7,Potential Loyalists
cust_004409,11,2,1035.71,4,3,3,10,Champions
cust_004412,162,2,494.6,3,3,2,8,Loyal Customers
cust_004413,561,1,1222.13,1,1,3,5,At Risk (high value)
cust_004414,36,1,935.63,4,1,3,8,Loyal Customers
cust_004415,205,1,79.78,3,1,1,5,Needs Attention
cust_004416,622,1,170.29999999999998,1,1,1,3,Needs Attention
cust_004418,538,1,674.46,1,1,3,5,At Risk (high value)
cust_004419,244,2,431.07000000000005,2,3,2,7,Potential Loyalists
cust_004421,455,1,166.16,1,1,1,3,Needs Attention
cust_004422,4,3,1198.96,4,4,3,11,Champions
cust_004423,619,1,1684.79,1,1,3,5,At Risk (high value)
cust_004424,364,1,2285.75,2,1,4,7,Potential Loyalists
cust_004425,726,1,142.63000000000002,1,1,1,3,Needs Attention
cust_004426,329,3,1048.02,2,4,3,9,Loyal Customers
cust_004427,220,2,342.65999999999997,3,3,2,8,Loyal Customers
cust_004428,12,2,941.3700000000001,4,3,3,10,Champions
cust_004429,701,1,596.17,1,1,3,5,At Risk (high value)
cust_004430,657,1,2177.19,1,1,4,6,Potential Loyalists
cust_004431,97,5,3749.94,3,4,4,11,Champions
cust_004432,445,1,523.21,1,1,2,4,Needs Attention
cust_004433,301,2,689.4300000000001,2,3,3,8,Loyal Customers
cust_004434,275,1,113.01,2,1,1,4,Needs Attention
cust_004435,533,2,3127.46,1,3,4,8,Loyal Customers
cust_004437,420,1,1469.81,2,1,3,6,Potential Loyalists
cust_004439,253,2,2911.62,2,3,4,9,Loyal Customers
cust_004440,32,2,371.44,4,3,2,9,Loyal Customers
cust_004443,91,4,551.01,4,4,2,10,Champions
cust_004444,239,1,133.76,3,1,1,5,Needs Attention
cust_004445,205,1,1201.8300000000002,3,1,3,7,Potential Loyalists
cust_004451,704,1,224.65,1,1,1,3,Needs Attention
cust_004452,399,2,2171.2400000000002,2,3,4,9,Loyal Customers
cust_004453,256,1,42.27,2,1,1,4,Needs Attention
cust_004454,469,1,297.98,1,1,2,4,Needs Attention
cust_004456,550,1,1440.99,1,1,3,5,At Risk (high value)
cust_004457,226,1,155.42999999999998,3,1,1,5,Needs Attention
cust_004458,270,3,3375.8500000000004,2,4,4,10,Champions
cust_004459,269,1,1384.09,2,1,3,6,Potential Loyalists
cust_004460,7,3,3197.25,4,4,4,12,Champions
cust_004465,371,1,168.07,2,1,1,4,Needs Attention
cust_004466,271,1,2440.52,2,1,4,7,Potential Loyalists
cust_004468,205,2,769.31,3,3,3,9,Loyal Customers
cust_004470,652,1,124.36,1,1,1,3,Needs Attention
cust_004471,497,2,181.48000000000002,1,3,1,5,Needs Attention
cust_004473,27,2,399.45,4,3,2,9,Loyal Customers
cust_004474,627,1,265.7,1,1,2,4,Needs Attention
cust_004476,7,1,33.27,4,1,1,6,Potential Loyalists
cust_004477,314,3,2089.9300000000003,2,4,4,10,Champions
cust_004478,152,3,569.28,3,4,2,9,Loyal Customers
cust_004479,671,1,278.33,1,1,2,4,Needs Attention
cust_004480,541,1,2568.91,1,1,4,6,Potential Loyalists
cust_004481,687,2,414.53000000000003,1,3,2,6,Potential Loyalists
cust_004482,157,3,405.41,3,4,2,9,Loyal Customers
cust_004483,650,1,275.59000000000003,1,1,2,4,Needs Attention
cust_004485,374,2,976.5,2,3,3,8,Loyal Customers
cust_004486,603,1,56.72,1,1,1,3,Needs Attention
cust_004487,700,1,146.59,1,1,1,3,Needs Attention
cust_004488,328,1,1613.33,2,1,3,6,Potential Loyalists
cust_004490,557,1,49.25,1,1,1,3,Needs Attention
cust_004491,29,6,4828.89,4,4,4,12,Champions
cust_004492,320,4,2879.8,2,4,4,10,Champions
cust_004493,55,4,795.04,4,4,3,11,Champions
cust_004494,666,2,1823.3,1,3,4,8,Loyal Customers
cust_004495,436,1,328.29,1,1,2,4,Needs Attention
cust_004496,563,1,95.03,1,1,1,3,Needs Attention
cust_004497,190,2,2741.1200000000003,3,3,4,10,Champions
cust_004498,130,1,105.94,3,1,1,5,Needs Attention
cust_004499,326,1,71.04,2,1,1,4,Needs Attention
cust_004500,97,3,1785.48,3,4,4,11,Champions
cust_004502,147,1,114.27,3,1,1,5,Needs Attention
cust_004503,57,1,216.06,4,1,1,6,Potential Loyalists
cust_004506,615,1,2771.26,1,1,4,6,Potential Loyalists
cust_004507,55,3,903.06,4,4,3,11,Champions
cust_004508,100,1,129.96,3,1,1,5,Needs Attention
cust_004511,700,1,234.92,1,1,1,3,Needs Attention
cust_004512,307,4,1019.5899999999999,2,4,3,9,Loyal Customers
cust_004513,270,1,151.17,2,1,1,4,Needs Attention
cust_004515,549,1,84.95,1,1,1,3,Needs Attention
cust_004516,159,2,444.71000000000004,3,3,2,8,Loyal Customers
cust_004517,33,2,357.87,4,3,2,9,Loyal Customers
cust_004521,453,1,178.33,1,1,1,3,Needs Attention
cust_004522,382,2,3015.65,2,3,4,9,Loyal Customers
cust_004523,147,1,261.59,3,1,2,6,Potential Loyalists
cust_004524,33,5,2696.43,4,4,4,12,Champions
cust_004526,588,1,157.48000000000002,1,1,1,3,Needs Attention
cust_004529,96,3,2688.18,4,4,4,12,Champions
cust_004530,399,3,602.2099999999999,2,4,3,9,Loyal Customers
cust_004531,486,1,24.23,1,1,1,3,Needs Attention
cust_004532,289,1,279.62,2,1,2,5,Needs Attention
cust_004534,399,2,323.9,2,3,2,7,Potential Loyalists
cust_004535,260,2,3395.0699999999997,2,3,4,9,Loyal Customers
cust_004536,451,1,87.21000000000001,1,1,1,3,Needs Attention
cust_004537,81,3,1750.77,4,4,3,11,Champions
cust_004538,103,3,3302.87,3,4,4,11,Champions
cust_004539,231,1,355.83,3,1,2,6,Potential Loyalists
cust_004541,130,3,1423.92,3,4,3,10,Champions
cust_004542,223,1,209.37,3,1,1,5,Needs Attention
cust_004543,70,3,1827.07,4,4,4,12,Champions
cust_004544,169,1,150.49,3,1,1,5,Needs Attention
cust_004545,300,1,46.07,2,1,1,4,Needs Attention
cust_004547,490,1,1568.3000000000002,1,1,3,5,At Risk (high value)
cust_004548,163,1,366.48,3,1,2,6,Potential Loyalists
cust_004549,41,2,257.51,4,3,2,9,Loyal Customers
cust_004550,31,1,1688.28,4,1,3,8,Loyal Customers
cust_004551,572,1,101.07,1,1,1,3,Needs Attention
cust_004552,21,2,539.26,4,3,2,9,Loyal Customers
cust_004553,117,1,122.44,3,1,1,5,Needs Attention
cust_004554,369,1,266.5,2,1,2,5,Needs Attention
cust_004555,77,5,7607.77,4,4,4,12,Champions
cust_004557,8,1,36.84,4,1,1,6,Potential Loyalists
cust_004558,286,2,580.86,2,3,3,8,Loyal Customers
cust_004559,138,3,940.34,3,4,3,10,Champions
cust_004561,519,1,91.43,1,1,1,3,Needs Attention
cust_004562,199,1,1480.75,3,1,3,7,Potential Loyalists
cust_004563,657,1,105.65,1,1,1,3,Needs Attention
cust_004565,480,1,286.49,1,1,2,4,Needs Attention
cust_004566,27,4,2872.36,4,4,4,12,Champions
cust_004567,5,4,1263.2499999999998,4,4,3,11,Champions
cust_004568,446,1,329.37,1,1,2,4,Needs Attention
cust_004569,40,2,1587.3500000000001,4,3,3,10,Champions
cust_004570,99,3,189.26999999999998,3,4,1,8,Loyal Customers
cust_004571,684,1,248.17,1,1,2,4,Needs Attention
cust_004573,126,1,1058.09,3,1,3,7,Potential Loyalists
cust_004575,634,1,2392.59,1,1,4,6,Potential Loyalists
cust_004576,301,3,317.29,2,4,2,8,Loyal Customers
cust_004577,581,1,70.49,1,1,1,3,Needs Attention
cust_004578,54,2,632.3199999999999,4,3,3,10,Champions
cust_004579,610,1,1087.99,1,1,3,5,At Risk (high value)
cust_004581,311,1,224.4,2,1,1,4,Needs Attention
cust_004582,386,1,440.75,2,1,2,5,Needs Attention
cust_004583,225,1,1124.84,3,1,3,7,Potential Loyalists
cust_004584,647,2,1316.4499999999998,1,3,3,7,Potential Loyalists
cust_004585,438,1,1064.36,1,2,3,6,Potential Loyalists
cust_004586,376,1,1107.54,2,2,3,7,Potential Loyalists
cust_004587,377,1,344.67,2,2,2,6,Potential Loyalists
cust_004588,36,2,868.03,4,3,3,10,Champions
cust_004589,565,2,411.08000000000004,1,3,2,6,Potential Loyalists
cust_004591,70,2,444.65,4,3,2,9,Loyal Customers
cust_004592,15,2,416.24,4,3,2,9,Loyal Customers
cust_004593,238,2,388.69000000000005,3,3,2,8,Loyal Customers
cust_004594,331,1,256.93,2,2,2,6,Potential Loyalists
cust_004595,490,2,267.17999999999995,1,3,2,6,Potential Loyalists
cust_004596,215,1,3155.84,3,2,4,9,Loyal Customers
cust_004597,40,2,2690.4300000000003,4,3,4,11,Champions
cust_004598,82,2,499.87,4,3,2,9,Loyal Customers
cust_004599,337,3,1335.27,2,4,3,9,Loyal Customers
cust_004601,338,1,260.19,2,2,2,6,Potential Loyalists
cust_004603,145,2,384.70000000000005,3,3,2,8,Loyal Customers
cust_004604,668,1,163.23,1,2,1,4,Needs Attention
cust_004606,569,2,697.3400000000001,1,3,3,7,Potential Loyalists
cust_004607,315,2,281.3,2,3,2,7,Potential Loyalists
cust_004608,75,1,1311.25,4,2,3,9,Loyal Customers
cust_004611,422,3,910.2599999999999,2,4,3,9,Loyal Customers
cust_004612,411,2,328.53,2,3,2,7,Potential Loyalists
cust_004613,146,1,892.5699999999999,3,2,3,8,Loyal Customers
cust_004615,72,3,650.76,4,4,3,11,Champions
cust_004616,9,3,4916.68,4,4,4,12,Champions
cust_004617,224,1,1534.87,3,2,3,8,Loyal Customers
cust_004619,643,1,38.17,1,2,1,4,Needs Attention
cust_004620,266,3,2712.6099999999997,2,4,4,10,Champions
cust_004621,190,3,1418.17,3,4,3,10,Champions
cust_004623,13,1,2622.11,4,2,4,10,Champions
cust_004624,383,2,588.81,2,3,3,8,Loyal Customers
cust_004626,676,1,1584.84,1,2,3,6,Potential Loyalists
cust_004627,8,1,137.32000000000002,4,2,1,7,Potential Loyalists
cust_004628,90,1,55.41,4,2,1,7,Potential Loyalists
cust_004631,74,2,3191.33,4,3,4,11,Champions
cust_004632,98,1,1448.69,3,2,3,8,Loyal Customers
cust_004633,534,2,301.25,1,3,2,6,Potential Loyalists
cust_004635,714,1,2660.29,1,2,4,7,Potential Loyalists
cust_004636,6,3,698.23,4,4,3,11,Champions
cust_004637,265,3,2422.48,2,4,4,10,Champions
cust_004638,73,1,135.05,4,2,1,7,Potential Loyalists
cust_004640,145,1,318.07,3,2,2,7,Potential Loyalists
cust_004642,397,1,669.0999999999999,2,2,3,7,Potential Loyalists
cust_004643,552,1,146.16,1,2,1,4,Needs Attention
cust_004644,283,2,1649.73,2,3,3,8,Loyal Customers
cust_004645,465,1,295.85,1,2,2,5,Needs Attention
cust_004646,8,2,726.95,4,3,3,10,Champions
cust_004647,501,2,285.17,1,3,2,6,Potential Loyalists
cust_004648,55,4,5958.01,4,4,4,12,Champions
cust_004649,110,1,145.66,3,2,1,6,Potential Loyalists
cust_004650,105,2,390.62,3,3,2,8,Loyal Customers
cust_004651,3,2,1261.24,4,3,3,10,Champions
cust_004652,414,2,931.3499999999999,2,3,3,8,Loyal Customers
cust_004654,289,6,2343.95,2,4,4,10,Champions
cust_004655,595,1,93.01,1,2,1,4,Needs Attention
cust_004656,81,3,2121.38,4,4,4,12,Champions
cust_004657,189,1,1978.49,3,2,4,9,Loyal Customers
cust_004658,15,3,672.71,4,4,3,11,Champions
cust_004659,128,1,1450.98,3,2,3,8,Loyal Customers
cust_004661,221,2,3404.81,3,3,4,10,Champions
cust_004662,39,2,454.83000000000004,4,3,2,9,Loyal Customers
cust_004663,192,2,574.21,3,3,2,8,Loyal Customers
cust_004664,702,1,28.09,1,2,1,4,Needs Attention
cust_004665,470,1,1935.97,1,2,4,7,Potential Loyalists
cust_004666,224,3,1627.58,3,4,3,10,Champions
cust_004668,200,2,560.38,3,3,2,8,Loyal Customers
cust_004669,730,1,174.87,1,2,1,4,Needs Attention
cust_004670,64,4,3108.46,4,4,4,12,Champions
cust_004673,426,3,615.76,2,4,3,9,Loyal Customers
cust_004674,322,2,2038.36,2,3,4,9,Loyal Customers
cust_004675,46,6,4110.860000000001,4,4,4,12,Champions
cust_004676,629,1,1375.89,1,2,3,6,Potential Loyalists
cust_004677,138,3,680.24,3,4,3,10,Champions
cust_004678,192,1,2941.73,3,2,4,9,Loyal Customers
cust_004681,105,1,1736.05,3,2,3,8,Loyal Customers
cust_004682,37,2,516.3900000000001,4,3,2,9,Loyal Customers
cust_004683,60,2,145.02,4,3,1,8,Loyal Customers
cust_004684,659,1,522.45,1,2,2,5,Needs Attention
cust_004686,258,1,171.17000000000002,2,2,1,5,Needs Attention
cust_004687,43,2,1569.8100000000002,4,3,3,10,Champions
cust_004689,585,1,119.02,1,2,1,4,Needs Attention
cust_004690,56,2,208.92,4,3,1,8,Loyal Customers
cust_004692,554,1,1085.2,1,2,3,6,Potential Loyalists
cust_004694,674,1,363.11,1,2,2,5,Needs Attention
cust_004695,328,1,1035.64,2,2,3,7,Potential Loyalists
cust_004697,291,1,81.11,2,2,1,5,Needs Attention
cust_004698,672,1,214.95,1,2,1,4,Needs Attention
cust_004699,606,1,269.81,1,2,2,5,Needs Attention
cust_004700,80,1,73.67,4,2,1,7,Potential Loyalists
cust_004701,188,1,92.36,3,2,1,6,Potential Loyalists
cust_004703,212,4,1176.4,3,4,3,10,Champions
cust_004704,198,1,1150.9,3,2,3,8,Loyal Customers
cust_004708,294,1,46.7,2,2,1,5,Needs Attention
cust_004709,548,1,114.71,1,2,1,4,Needs Attention
cust_004710,104,2,173.51999999999998,3,3,1,7,Potential Loyalists
cust_004711,446,2,224.07,1,3,1,5,Needs Attention
cust_004712,221,2,511.94000000000005,3,3,2,8,Loyal Customers
cust_004713,9,3,3327.55,4,4,4,12,Champions
cust_004716,633,1,27.04,1,2,1,4,Needs Attention
cust_004717,507,2,1852.55,1,3,4,8,Loyal Customers
cust_004718,615,1,2004.15,1,2,4,7,Potential Loyalists
cust_004719,313,3,2739.86,2,4,4,10,Champions
cust_004721,182,2,716.5300000000001,3,3,3,9,Loyal Customers
cust_004722,651,2,2033.43,1,3,4,8,Loyal Customers
cust_004723,455,1,362.8,1,2,2,5,Needs Attention
cust_004725,21,3,524.25,4,4,2,10,Champions
cust_004726,417,1,153.92000000000002,2,2,1,5,Needs Attention
cust_004727,308,3,3060.52,2,4,4,10,Champions
cust_004728,503,1,1231.81,1,2,3,6,Potential Loyalists
cust_004729,511,4,618.53,1,4,3,8,Loyal Customers
cust_004732,365,3,708.7,2,4,3,9,Loyal Customers
cust_004733,586,1,1595.17,1,2,3,6,Potential Loyalists
cust_004734,443,1,82.98,1,2,1,4,Needs Attention
cust_004735,117,3,2797.9500000000003,3,4,4,11,Champions
cust_004736,67,2,266.02,4,3,2,9,Loyal Customers
cust_004737,91,2,3205.93,4,3,4,11,Champions
cust_004741,106,1,233.12,3,2,1,6,Potential Loyalists
cust_004744,472,1,2044.59,1,2,4,7,Potential Loyalists
cust_004746,113,1,95.49,3,2,1,6,Potential Loyalists
cust_004747,379,2,3464.78,2,3,4,9,Loyal Customers
cust_004748,35,2,2857.83,4,3,4,11,Champions
cust_004749,242,2,405.78,2,3,2,7,Potential Loyalists
cust_004752,69,2,92.75,4,3,1,8,Loyal Customers
cust_004753,173,2,448.85,3,3,2,8,Loyal Customers
cust_004754,507,1,155.03,1,2,1,4,Needs Attention
cust_004756,210,1,2107.04,3,2,4,9,Loyal Customers
cust_004757,275,4,4401.09,2,4,4,10,Champions
cust_004758,169,2,250.31,3,3,2,8,Loyal Customers
cust_004759,317,2,2797.3500000000004,2,3,4,9,Loyal Customers
cust_004760,2,3,3460.78,4,4,4,12,Champions
cust_004761,296,2,121.06,2,3,1,6,Potential Loyalists
cust_004762,341,1,1548.51,2,2,3,7,Potential Loyalists
cust_004763,207,3,864.12,3,4,3,10,Champions
cust_004764,138,1,472.43,3,2,2,7,Potential Loyalists
cust_004765,113,2,135.73,3,3,1,7,Potential Loyalists
cust_004766,269,1,125.47,2,2,1,5,Needs Attention
cust_004769,76,2,2509.9,4,3,4,11,Champions
cust_004773,481,1,389.69000000000005,1,2,2,5,Needs Attention
cust_004774,643,1,345.69,1,2,2,5,Needs Attention
cust_004775,218,1,247.03,3,2,2,7,Potential Loyalists
cust_004776,420,2,158.97,2,3,1,6,Potential Loyalists
cust_004777,299,3,595.77,2,4,3,9,Loyal Customers
cust_004778,340,2,2857.61,2,3,4,9,Loyal Customers
cust_004780,32,6,6955.17,4,4,4,12,Champions
cust_004781,132,2,977.9199999999998,3,3,3,9,Loyal Customers
cust_004782,104,2,1821.74,3,3,4,10,Champions
cust_004784,96,5,4874.67,4,4,4,12,Champions
cust_004786,550,1,98.07,1,2,1,4,Needs Attention
cust_004788,632,1,116.68,1,2,1,4,Needs Attention
cust_004789,694,1,335.25,1,2,2,5,Needs Attention
cust_004790,40,2,177.55,4,3,1,8,Loyal Customers
cust_004791,89,2,597.71,4,3,3,10,Champions
cust_004792,443,1,165.73000000000002,1,2,1,4,Needs Attention
cust_004793,25,1,466.66,4,2,2,8,Loyal Customers
cust_004795,92,3,4091.24,4,4,4,12,Champions
cust_004796,418,3,4307.56,2,4,4,10,Champions
cust_004797,9,1,3014.88,4,2,4,10,Champions
cust_004798,233,4,3235.08,3,4,4,11,Champions
cust_004799,94,2,1664.17,4,3,3,10,Champions
cust_004801,331,1,347.95,2,2,2,6,Potential Loyalists
cust_004802,14,1,70.24000000000001,4,2,1,7,Potential Loyalists
cust_004803,650,1,239.2,1,2,1,4,Needs Attention
cust_004804,401,2,1887.37,2,3,4,9,Loyal Customers
cust_004805,541,1,270.21,1,2,2,5,Needs Attention
cust_004806,642,2,284.03,1,3,2,6,Potential Loyalists
cust_004808,357,1,293.91,2,2,2,6,Potential Loyalists
cust_004809,540,1,130.34,1,2,1,4,Needs Attention
cust_004810,78,1,221.17,4,2,1,7,Potential Loyalists
cust_004811,30,2,213.68,4,3,1,8,Loyal Customers
cust_004812,488,1,1695.23,1,2,3,6,Potential Loyalists
cust_004813,444,1,218.08,1,2,1,4,Needs Attention
cust_004814,395,1,126.2,2,2,1,5,Needs Attention
cust_004815,64,3,2063.69,4,4,4,12,Champions
cust_004817,671,1,131.56,1,2,1,4,Needs Attention
cust_004818,292,1,121.18,2,2,1,5,Needs Attention
cust_004820,261,3,2882.62,2,4,4,10,Champions
cust_004821,248,1,180.42,2,2,1,5,Needs Attention
cust_004823,446,1,32.13,1,2,1,4,Needs Attention
cust_004825,192,2,3209.5600000000004,3,3,4,10,Champions
cust_004826,393,1,815.06,2,2,3,7,Potential Loyalists
cust_004827,502,1,139.59,1,2,1,4,Needs Attention
cust_004829,27,1,1508.51,4,2,3,9,Loyal Customers
cust_004830,614,2,361.31,1,3,2,6,Potential Loyalists
cust_004831,631,1,231.13,1,2,1,4,Needs Attention
cust_004833,45,2,429.34,4,3,2,9,Loyal Customers
cust_004835,77,2,415.05,4,3,2,9,Loyal Customers
cust_004837,394,2,943.8,2,3,3,8,Loyal Customers
cust_004838,526,1,215.46,1,2,1,4,Needs Attention
cust_004839,492,2,218.51,1,3,1,5,Needs Attention
cust_004840,726,1,134.2,1,2,1,4,Needs Attention
cust_004841,218,4,3608.3500000000004,3,4,4,11,Champions
cust_004845,472,1,101.11,1,2,1,4,Needs Attention
cust_004846,96,5,3681.2799999999997,4,4,4,12,Champions
cust_004849,227,2,2202.85,3,3,4,10,Champions
cust_004853,114,2,502.48,3,3,2,8,Loyal Customers
cust_004854,633,1,149.29,1,2,1,4,Needs Attention
cust_004855,551,1,3136.58,1,2,4,7,Potential Loyalists
cust_004856,391,1,294.99,2,2,2,6,Potential Loyalists
cust_004857,150,2,1702.62,3,3,3,9,Loyal Customers
cust_004858,82,2,1803.7,4,3,4,11,Champions
cust_004859,42,2,2034.76,4,3,4,11,Champions
cust_004860,712,1,97.16,1,2,1,4,Needs Attention
cust_004861,102,2,336.9,3,3,2,8,Loyal Customers
cust_004862,536,1,1085.29,1,2,3,6,Potential Loyalists
cust_004864,473,2,563.8299999999999,1,3,2,6,Potential Loyalists
cust_004865,203,2,1107.69,3,3,3,9,Loyal Customers
cust_004866,304,2,1774.8200000000002,2,3,4,9,Loyal Customers
cust_004867,696,1,278.11,1,2,2,5,Needs Attention
cust_004868,117,2,392.51,3,3,2,8,Loyal Customers
cust_004869,115,4,2028.6600000000003,3,4,4,11,Champions
cust_004870,255,1,386.49,2,2,2,6,Potential Loyalists
cust_004872,43,1,18.53,4,2,1,7,Potential Loyalists
cust_004873,21,3,811.3499999999999,4,4,3,11,Champions
cust_004875,186,4,2605.1,3,4,4,11,Champions
cust_004876,379,3,979.96,2,4,3,9,Loyal Customers
cust_004878,378,1,401.99,2,2,2,6,Potential Loyalists
cust_004879,473,1,207.41,1,2,1,4,Needs Attention
cust_004882,126,1,2047.34,3,2,4,9,Loyal Customers
cust_004883,286,2,613.67,2,3,3,8,Loyal Customers
cust_004886,61,3,710.84,4,4,3,11,Champions
cust_004887,173,4,946.84,3,4,3,10,Champions
cust_004888,430,2,431.55,2,3,2,7,Potential Loyalists
cust_004889,404,2,182.39000000000001,2,3,1,6,Potential Loyalists
cust_004890,628,2,2137.54,1,3,4,8,Loyal Customers
cust_004891,517,1,1498.9,1,2,3,6,Potential Loyalists
cust_004892,14,1,180.27,4,2,1,7,Potential Loyalists
cust_004893,101,4,778.77,3,4,3,10,Champions
cust_004895,631,2,807.21,1,3,3,7,Potential Loyalists
cust_004897,55,3,2105.79,4,4,4,12,Champions
cust_004898,383,2,2629.81,2,3,4,9,Loyal Customers
cust_004899,168,1,157.76,3,2,1,6,Potential Loyalists
cust_004904,101,1,752.84,3,2,3,8,Loyal Customers
cust_004905,602,1,284.78,1,2,2,5,Needs Attention
cust_004906,465,1,23.89,1,2,1,4,Needs Attention
cust_004907,480,1,1965.08,1,2,4,7,Potential Loyalists
cust_004908,311,2,280.59000000000003,2,3,2,7,Potential Loyalists
cust_004909,619,1,268.25,1,2,2,5,Needs Attention
cust_004910,204,1,268.28,3,2,2,7,Potential Loyalists
cust_004911,198,3,1356.3600000000001,3,4,3,10,Champions
cust_004912,724,1,734.11,1,2,3,6,Potential Loyalists
cust_004916,203,4,2917.25,3,4,4,11,Champions
cust_004917,175,4,1367.77,3,4,3,10,Champions
cust_004919,20,2,902.6800000000001,4,3,3,10,Champions
cust_004920,33,5,3178.4,4,4,4,12,Champions
cust_004922,65,3,2425.46,4,4,4,12,Champions
cust_004923,174,1,500.19,3,2,2,7,Potential Loyalists
cust_004924,488,1,130.19,1,2,1,4,Needs Attention
cust_004925,134,2,330.63,3,3,2,8,Loyal Customers
cust_004926,451,3,956.77,1,4,3,8,Loyal Customers
cust_004927,505,3,3349.6099999999997,1,4,4,9,Loyal Customers
cust_004928,45,2,485.15999999999997,4,3,2,9,Loyal Customers
cust_004929,529,2,2091.4100000000003,1,3,4,8,Loyal Customers
cust_004931,85,4,3016.71,4,4,4,12,Champions
cust_004932,71,1,315.76,4,2,2,8,Loyal Customers
cust_004933,407,2,2118.49,2,3,4,9,Loyal Customers
cust_004934,332,1,73.02,2,2,1,5,Needs Attention
cust_004937,594,1,2396.41,1,2,4,7,Potential Loyalists
cust_004938,6,3,663.56,4,4,3,11,Champions
cust_004939,12,4,2878.25,4,4,4,12,Champions
cust_004940,664,1,282.56,1,2,2,5,Needs Attention
cust_004941,597,1,84.14,1,2,1,4,Needs Attention
cust_004942,248,5,640.64,2,4,3,9,Loyal Customers
cust_004943,2,3,1792.88,4,4,4,12,Champions
cust_004944,105,2,396.99,3,3,2,8,Loyal Customers
cust_004945,438,3,1544.68,1,4,3,8,Loyal Customers
cust_004946,36,3,547.59,4,4,2,10,Champions
cust_004947,618,1,217.03,1,2,1,4,Needs Attention
cust_004948,317,1,556.5,2,2,2,6,Potential Loyalists
cust_004951,282,2,3498.3900000000003,2,3,4,9,Loyal Customers
cust_004952,378,1,184.77,2,2,1,5,Needs Attention
cust_004953,111,1,310.14,3,2,2,7,Potential Loyalists
cust_004956,718,1,136.93,1,2,1,4,Needs Attention
cust_004957,131,1,91.05,3,2,1,6,Potential Loyalists
cust_004958,563,3,949.3400000000001,1,4,3,8,Loyal Customers
cust_004959,120,3,640.71,3,4,3,10,Champions
cust_004960,668,1,568.39,1,2,2,5,Needs Attention
cust_004961,141,1,89.89,3,2,1,6,Potential Loyalists
cust_004962,381,2,363.59000000000003,2,3,2,7,Potential Loyalists
cust_004964,354,2,322.14,2,3,2,7,Potential Loyalists
cust_004966,703,1,1249.4299999999998,1,2,3,6,Potential Loyalists
cust_004967,155,2,408.05,3,3,2,8,Loyal Customers
cust_004968,29,4,1624.94,4,4,3,11,Champions
cust_004969,627,1,309.94,1,2,2,5,Needs Attention
cust_004970,50,2,345.33000000000004,4,3,2,9,Loyal Customers
cust_004971,7,3,4140.58,4,4,4,12,Champions
cust_004973,432,1,113.93,1,2,1,4,Needs Attention
cust_004975,59,2,4009.7400000000002,4,3,4,11,Champions
cust_004976,173,4,5481.030000000001,3,4,4,11,Champions
cust_004979,66,2,623.23,4,3,3,10,Champions
cust_004980,82,1,1054.6,4,2,3,9,Loyal Customers
cust_004986,3,1,76.54,4,2,1,7,Potential Loyalists
cust_004987,253,3,2222.81,2,4,4,10,Champions
cust_004988,473,1,287.82,1,2,2,5,Needs Attention
cust_004992,295,3,499.16,2,4,2,8,Loyal Customers
cust_004993,390,1,1473.43,2,2,3,7,Potential Loyalists
cust_004994,154,4,1234.6799999999998,3,4,3,10,Champions
cust_004995,462,1,1932.34,1,2,4,7,Potential Loyalists
cust_004996,481,2,2554.8300000000004,1,3,4,8,Loyal Customers
cust_004997,388,3,4753.98,2,4,4,10,Champions
cust_004998,537,1,355.41,1,2,2,5,Needs Attention
cust_005000,362,1,220.14,2,2,1,5,Needs Attention
cust_005002,58,4,1209.94,4,4,3,11,Champions
cust_005003,298,1,870.05,2,2,3,7,Potential Loyalists
cust_005004,218,2,1862.6899999999998,3,3,4,10,Champions
cust_005005,174,1,77.03,3,2,1,6,Potential Loyalists
cust_005006,100,2,607.1300000000001,3,3,3,9,Loyal Customers
cust_005008,509,4,2168.7400000000002,1,4,4,9,Loyal Customers
cust_005009,709,1,149.91000000000005,1,2,1,4,Needs Attention
cust_005010,364,1,391.56,2,2,2,6,Potential Loyalists
cust_005011,194,2,4341.02,3,3,4,10,Champions
cust_005012,439,1,2613.82,1,2,4,7,Potential Loyalists
cust_005013,3,1,100.04,4,2,1,7,Potential Loyalists
cust_005014,470,2,554.21,1,3,2,6,Potential Loyalists
cust_005016,33,3,2877.3999999999996,4,4,4,12,Champions
cust_005017,295,1,1999.03,2,2,4,8,Loyal Customers
cust_005021,353,2,518.26,2,3,2,7,Potential Loyalists
cust_005024,315,4,5303.2300000000005,2,4,4,10,Champions
cust_005025,578,1,2084.92,1,2,4,7,Potential Loyalists
cust_005027,636,1,1452.9899999999998,1,2,3,6,Potential Loyalists
cust_005028,370,1,206.55,2,2,1,5,Needs Attention
cust_005029,598,1,107.37,1,2,1,4,Needs Attention
cust_005030,624,1,201.09,1,2,1,4,Needs Attention
cust_005031,371,1,69.96,2,2,1,5,Needs Attention
cust_005032,504,1,300.85,1,2,2,5,Needs Attention
cust_005033,466,1,237.46,1,2,1,4,Needs Attention
cust_005036,146,2,2506.94,3,3,4,10,Champions
cust_005037,1,3,2037.59,4,4,4,12,Champions
cust_005039,34,2,370.33,4,3,2,9,Loyal Customers
cust_005040,476,1,376.9,1,2,2,5,Needs Attention
cust_005041,443,2,461.27,1,3,2,6,Potential Loyalists
cust_005043,516,2,388.65,1,3,2,6,Potential Loyalists
cust_005044,193,1,202.69,3,2,1,6,Potential Loyalists
cust_005047,40,2,2883.6400000000003,4,3,4,11,Champions
cust_005048,467,1,45.53,1,2,1,4,Needs Attention
cust_005051,22,4,2146.73,4,4,4,12,Champions
cust_005052,97,2,1072.65,3,3,3,9,Loyal Customers
cust_005053,416,1,34.45,2,2,1,5,Needs Attention
cust_005054,142,3,1962.71,3,4,4,11,Champions
cust_005055,4,2,360.2,4,3,2,9,Loyal Customers
cust_005056,322,2,230.77,2,3,1,6,Potential Loyalists
cust_005057,279,3,2804.9,2,4,4,10,Champions
cust_005058,266,1,1658.0300000000002,2,2,3,7,Potential Loyalists
cust_005059,54,1,352.77,4,2,2,8,Loyal Customers
cust_005060,426,1,46.17,2,2,1,5,Needs Attention
cust_005061,87,1,232.89,4,2,1,7,Potential Loyalists
cust_005062,133,4,1298.92,3,4,3,10,Champions
cust_005063,160,3,522.23,3,4,2,9,Loyal Customers
cust_005064,464,1,993.8,1,2,3,6,Potential Loyalists
cust_005065,41,2,1873.78,4,3,4,11,Champions
cust_005066,179,1,274.57,3,2,2,7,Potential Loyalists
cust_005067,110,3,2205.48,3,4,4,11,Champions
cust_005068,13,3,4267.57,4,4,4,12,Champions
cust_005069,217,1,1745.14,3,2,3,8,Loyal Customers
cust_005072,201,1,851.15,3,2,3,8,Loyal Customers
cust_005073,330,3,153.54000000000002,2,4,1,7,Potential Loyalists
cust_005074,19,2,847.25,4,3,3,10,Champions
cust_005075,16,1,227.07,4,2,1,7,Potential Loyalists
cust_005077,150,2,1042.1599999999999,3,3,3,9,Loyal Customers
cust_005078,289,1,52.78,2,2,1,5,Needs Attention
cust_005079,14,1,592.9300000000001,4,2,3,9,Loyal Customers
cust_005080,728,1,186.49,1,2,1,4,Needs Attention
cust_005083,620,1,235.53,1,2,1,4,Needs Attention
cust_005084,177,2,441.65,3,3,2,8,Loyal Customers
cust_005085,328,3,806.45,2,4,3,9,Loyal Customers
cust_005086,410,3,1698.69,2,4,3,9,Loyal Customers
cust_005087,299,1,237.52,2,2,1,5,Needs Attention
cust_005088,225,3,608.33,3,4,3,10,Champions
cust_005089,31,2,1519.86,4,3,3,10,Champions
cust_005091,186,1,871.06,3,2,3,8,Loyal Customers
cust_005092,226,1,142.01,3,2,1,6,Potential Loyalists
cust_005093,43,2,1417.87,4,3,3,10,Champions
cust_005095,281,2,592.6800000000001,2,3,3,8,Loyal Customers
cust_005097,100,2,2700.09,3,3,4,10,Champions
cust_005101,88,2,1560.6399999999999,4,3,3,10,Champions
cust_005102,56,1,430.8,4,2,2,8,Loyal Customers
cust_005103,274,1,96.54,2,2,1,5,Needs Attention
cust_005104,622,1,164.69,1,2,1,4,Needs Attention
cust_005105,55,3,2154.9799999999996,4,4,4,12,Champions
cust_005108,203,2,1602.84,3,3,3,9,Loyal Customers
cust_005109,247,4,981.26,2,4,3,9,Loyal Customers
cust_005110,67,3,490.69,4,4,2,10,Champions
cust_005111,18,1,349.73,4,2,2,8,Loyal Customers
cust_005113,217,1,2132.67,3,2,4,9,Loyal Customers
cust_005114,722,1,202.29,1,2,1,4,Needs Attention
cust_005115,87,1,42.5,4,2,1,7,Potential Loyalists
cust_005116,382,1,403.96,2,2,2,6,Potential Loyalists
cust_005118,168,1,90.42,3,2,1,6,Potential Loyalists
cust_005119,697,1,189.89,1,2,1,4,Needs Attention
cust_005120,420,1,87.28999999999999,2,2,1,5,Needs Attention
cust_005121,88,1,1462.5600000000002,4,2,3,9,Loyal Customers
cust_005122,221,3,1839.1299999999999,3,4,4,11,Champions
cust_005123,365,1,2130.7200000000003,2,2,4,8,Loyal Customers
cust_005124,341,2,1364.31,2,3,3,8,Loyal Customers
cust_005125,66,1,1474.81,4,2,3,9,Loyal Customers
cust_005126,290,3,2605.94,2,4,4,10,Champions
cust_005127,123,3,2426.16,3,4,4,11,Champions
cust_005130,18,1,266.21,4,2,2,8,Loyal Customers
cust_005131,239,2,295.55,3,3,2,8,Loyal Customers
cust_005132,216,2,2160.86,3,3,4,10,Champions
cust_005133,305,1,1201.9,2,2,3,7,Potential Loyalists
cust_005134,134,2,625.58,3,3,3,9,Loyal Customers
cust_005136,147,2,526.47,3,3,2,8,Loyal Customers
cust_005137,85,1,546.43,4,2,2,8,Loyal Customers
cust_005138,596,1,916.05,1,2,3,6,Potential Loyalists
cust_005141,69,4,8318.960000000001,4,4,4,12,Champions
cust_005142,59,2,306.35,4,3,2,9,Loyal Customers
cust_005145,583,1,498.5,1,2,2,5,Needs Attention
cust_005147,509,1,156.57,1,2,1,4,Needs Attention
cust_005150,49,3,359.65,4,4,2,10,Champions
cust_005152,486,1,204.23,1,2,1,4,Needs Attention
cust_005153,7,4,2727.1400000000003,4,4,4,12,Champions
cust_005154,78,2,351.33000000000004,4,3,2,9,Loyal Customers
cust_005156,71,1,299.28000000000003,4,2,2,8,Loyal Customers
cust_005158,293,2,1436.4600000000003,2,3,3,8,Loyal Customers
cust_005159,663,1,167.21,1,2,1,4,Needs Attention
cust_005160,389,1,157.58,2,2,1,5,Needs Attention
cust_005161,14,2,745.23,4,3,3,10,Champions
cust_005162,249,3,445.76,2,4,2,8,Loyal Customers
cust_005164,63,2,1943.0900000000001,4,3,4,11,Champions
cust_005166,168,2,2934.1000000000004,3,3,4,10,Champions
cust_005167,16,2,408.64,4,3,2,9,Loyal Customers
cust_005171,159,2,244.5,3,3,2,8,Loyal Customers
cust_005172,228,2,406.78999999999996,3,3,2,8,Loyal Customers
cust_005173,20,1,224.76,4,2,1,7,Potential Loyalists
cust_005175,127,2,831.53,3,3,3,9,Loyal Customers
cust_005176,165,1,624.09,3,2,3,8,Loyal Customers
cust_005177,14,1,184.47,4,2,1,7,Potential Loyalists
cust_005178,76,3,5335.820000000001,4,4,4,12,Champions
cust_005179,214,4,2739.1,3,4,4,11,Champions
cust_005181,171,2,459.46000000000004,3,3,2,8,Loyal Customers
cust_005182,664,1,103.83,1,2,1,4,Needs Attention
cust_005184,136,2,383.13,3,3,2,8,Loyal Customers
cust_005185,169,3,445.26,3,4,2,9,Loyal Customers
cust_005187,16,1,592.0400000000001,4,2,3,9,Loyal Customers
cust_005188,63,3,2795.0899999999997,4,4,4,12,Champions
cust_005189,106,3,1984.01,3,4,4,11,Champions
cust_005190,151,5,4347.34,3,4,4,11,Champions
cust_005191,57,2,473.83000000000004,4,3,2,9,Loyal Customers
cust_005192,286,3,857.54,2,4,3,9,Loyal Customers
cust_005193,473,2,334.4,1,3,2,6,Potential Loyalists
cust_005196,300,2,381.58,2,3,2,7,Potential Loyalists
cust_005197,677,1,315.25,1,2,2,5,Needs Attention
cust_005200,155,1,72.74,3,2,1,6,Potential Loyalists
cust_005201,361,1,179.37,2,2,1,5,Needs Attention
cust_005202,191,2,368.76,3,3,2,8,Loyal Customers
cust_005203,500,1,3033.04,1,2,4,7,Potential Loyalists
cust_005204,296,1,615.49,2,2,3,7,Potential Loyalists
cust_005205,393,1,322.13,2,2,2,6,Potential Loyalists
cust_005206,63,2,1836.55,4,3,4,11,Champions
cust_005207,42,1,116.45,4,2,1,7,Potential Loyalists
cust_005208,394,2,291.55,2,3,2,7,Potential Loyalists
cust_005209,596,1,2180.42,1,2,4,7,Potential Loyalists
cust_005210,390,1,61.48,2,2,1,5,Needs Attention
cust_005212,341,2,361.21,2,3,2,7,Potential Loyalists
cust_005213,121,2,3097.39,3,3,4,10,Champions
cust_005214,671,1,616.9300000000001,1,2,3,6,Potential Loyalists
cust_005218,632,1,1155.22,1,2,3,6,Potential Loyalists
cust_005220,156,1,173.56,3,2,1,6,Potential Loyalists
cust_005221,577,1,244.39,1,2,2,5,Needs Attention
cust_005222,686,1,29.4,1,2,1,4,Needs Attention
cust_005223,11,2,2744.79,4,3,4,11,Champions
cust_005228,180,2,4174.9400000000005,3,3,4,10,Champions
cust_005229,240,4,2334.0299999999997,3,4,4,11,Champions
cust_005231,287,2,518.0400000000001,2,3,2,7,Potential Loyalists
cust_005232,211,3,573.09,3,4,2,9,Loyal Customers
cust_005233,34,2,238.79,4,3,1,8,Loyal Customers
cust_005234,256,1,1794.0,2,2,4,8,Loyal Customers
cust_005235,531,1,85.22,1,2,1,4,Needs Attention
cust_005237,211,2,821.6300000000001,3,3,3,9,Loyal Customers
cust_005238,712,1,85.46000000000001,1,2,1,4,Needs Attention
cust_005239,544,1,1509.19,1,2,3,6,Potential Loyalists
cust_005240,111,1,82.07,3,2,1,6,Potential Loyalists
cust_005241,39,2,2617.67,4,3,4,11,Champions
cust_005242,40,1,241.46,4,2,2,8,Loyal Customers
cust_005243,235,2,2296.5699999999997,3,3,4,10,Champions
cust_005244,544,1,107.43,1,2,1,4,Needs Attention
cust_005246,424,2,429.71,2,3,2,7,Potential Loyalists
cust_005247,87,4,466.57,4,4,2,10,Champions
cust_005248,60,2,85.41,4,3,1,8,Loyal Customers
cust_005249,33,4,753.38,4,4,3,11,Champions
cust_005251,284,1,461.64,2,2,2,6,Potential Loyalists
cust_005252,287,1,168.22,2,2,1,5,Needs Attention
cust_005253,29,1,2051.06,4,2,4,10,Champions
cust_005254,225,1,115.67,3,2,1,6,Potential Loyalists
cust_005255,199,4,872.7,3,4,3,10,Champions
cust_005256,323,1,265.9,2,2,2,6,Potential Loyalists
cust_005257,625,1,152.17,1,2,1,4,Needs Attention
cust_005258,22,2,165.14,4,3,1,8,Loyal Customers
cust_005260,221,2,399.46000000000004,3,3,2,8,Loyal Customers
cust_005261,239,1,206.02,3,2,1,6,Potential Loyalists
cust_005262,726,1,284.1,1,2,2,5,Needs Attention
cust_005263,324,2,1016.01,2,3,3,8,Loyal Customers
cust_005264,430,1,76.75,2,2,1,5,Needs Attention
cust_005265,149,2,377.63,3,3,2,8,Loyal Customers
cust_005266,95,3,507.48,4,4,2,10,Champions
cust_005267,561,1,1260.74,1,2,3,6,Potential Loyalists
cust_005269,112,1,632.3000000000001,3,2,3,8,Loyal Customers
cust_005270,260,1,2355.1600000000003,2,2,4,8,Loyal Customers
cust_005271,71,1,240.99,4,2,1,7,Potential Loyalists
cust_005273,687,2,2003.69,1,3,4,8,Loyal Customers
cust_005275,41,2,2128.03,4,3,4,11,Champions
cust_005276,400,2,2709.37,2,3,4,9,Loyal Customers
cust_005278,17,2,3048.71,4,3,4,11,Champions
cust_005279,283,1,1774.13,2,2,4,8,Loyal Customers
cust_005280,392,2,1235.66,2,3,3,8,Loyal Customers
cust_005281,276,2,555.01,2,3,2,7,Potential Loyalists
cust_005283,112,4,1528.2900000000002,3,4,3,10,Champions
cust_005285,32,4,1069.32,4,4,3,11,Champions
cust_005287,108,4,870.95,3,4,3,10,Champions
cust_005288,487,1,218.73,1,2,1,4,Needs Attention
cust_005289,537,3,1753.63,1,4,3,8,Loyal Customers
cust_005291,143,4,3186.1800000000003,3,4,4,11,Champions
cust_005292,194,1,460.45,3,2,2,7,Potential Loyalists
cust_005293,399,1,71.76,2,2,1,5,Needs Attention
cust_005294,439,1,839.38,1,2,3,6,Potential Loyalists
cust_005295,459,2,1910.9299999999998,1,3,4,8,Loyal Customers
cust_005296,32,1,305.64000000000004,4,2,2,8,Loyal Customers
cust_005298,169,2,3815.5600000000004,3,3,4,10,Champions
cust_005299,366,3,4900.11,2,4,4,10,Champions
cust_005300,140,1,117.64,3,2,1,6,Potential Loyalists
cust_005301,406,2,2855.25,2,3,4,9,Loyal Customers
cust_005302,89,4,1080.92,4,4,3,11,Champions
cust_005303,508,1,159.83999999999995,1,2,1,4,Needs Attention
cust_005305,117,2,2154.48,3,3,4,10,Champions
cust_005307,363,2,4304.08,2,3,4,9,Loyal Customers
cust_005308,146,3,2530.4,3,4,4,11,Champions
cust_005309,367,1,536.17,2,2,2,6,Potential Loyalists
cust_005310,64,3,667.98,4,4,3,11,Champions
cust_005311,74,3,478.29999999999995,4,4,2,10,Champions
cust_005313,427,1,2813.84,2,2,4,8,Loyal Customers
cust_005314,419,1,57.74,2,2,1,5,Needs Attention
cust_005315,30,4,1170.8899999999999,4,4,3,11,Champions
cust_005316,207,2,219.45,3,3,1,7,Potential Loyalists
cust_005317,293,1,137.71,2,2,1,5,Needs Attention
cust_005318,100,1,116.53,3,2,1,6,Potential Loyalists
cust_005319,109,3,1055.1100000000001,3,4,3,10,Champions
cust_005320,581,1,376.1,1,2,2,5,Needs Attention
cust_005322,85,3,4309.72,4,4,4,12,Champions
cust_005323,461,1,1736.51,1,2,3,6,Potential Loyalists
cust_005324,305,1,478.0,2,2,2,6,Potential Loyalists
cust_005325,373,1,344.63,2,2,2,6,Potential Loyalists
cust_005326,216,1,433.84,3,2,2,7,Potential Loyalists
cust_005327,171,3,864.75,3,4,3,10,Champions
cust_005328,292,1,300.7,2,2,2,6,Potential Loyalists
cust_005329,489,1,184.15,1,2,1,4,Needs Attention
cust_005330,198,3,2446.14,3,4,4,11,Champions
cust_005334,380,1,28.26,2,2,1,5,Needs Attention
cust_005335,469,1,181.34,1,2,1,4,Needs Attention
cust_005336,616,1,2495.29,1,2,4,7,Potential Loyalists
cust_005338,51,1,177.5,4,2,1,7,Potential Loyalists
cust_005340,364,1,3139.25,2,2,4,8,Loyal Customers
cust_005341,510,2,625.3,1,3,3,7,Potential Loyalists
cust_005342,10,2,3945.07,4,3,4,11,Champions
cust_005343,28,2,517.49,4,3,2,9,Loyal Customers
cust_005344,684,1,409.25,1,2,2,5,Needs Attention
cust_005345,380,1,1801.29,2,2,4,8,Loyal Customers
cust_005346,57,2,844.8499999999999,4,3,3,10,Champions
cust_005347,35,4,2573.0,4,4,4,12,Champions
cust_005348,659,1,2410.61,1,2,4,7,Potential Loyalists
cust_005349,704,1,408.67,1,2,2,5,Needs Attention
cust_005352,123,1,398.15,3,2,2,7,Potential Loyalists
cust_005353,457,2,246.81,1,3,2,6,Potential Loyalists
cust_005355,620,2,3292.75,1,3,4,8,Loyal Customers
cust_005356,36,3,431.98,4,4,2,10,Champions
cust_005358,136,1,258.63,3,2,2,7,Potential Loyalists
cust_005360,158,1,250.15,3,2,2,7,Potential Loyalists
cust_005361,523,1,182.19,1,2,1,4,Needs Attention
cust_005362,54,1,1250.73,4,2,3,9,Loyal Customers
cust_005365,564,1,479.44,1,2,2,5,Needs Attention
cust_005366,145,3,802.89,3,4,3,10,Champions
cust_005367,130,2,429.82000000000005,3,3,2,8,Loyal Customers
cust_005368,48,1,540.8100000000001,4,2,2,8,Loyal Customers
cust_005369,588,1,110.64,1,2,1,4,Needs Attention
cust_005370,554,3,2199.81,1,4,4,9,Loyal Customers
cust_005372,245,1,94.74,2,2,1,5,Needs Attention
cust_005373,44,3,4203.69,4,4,4,12,Champions
cust_005374,153,4,3945.45,3,4,4,11,Champions
cust_005375,41,1,2780.86,4,2,4,10,Champions
cust_005378,54,2,2789.52,4,3,4,11,Champions
cust_005383,250,2,3854.86,2,3,4,9,Loyal Customers
cust_005386,582,1,223.85,1,2,1,4,Needs Attention
cust_005387,81,3,3271.9599999999996,4,4,4,12,Champions
cust_005388,467,1,144.22,1,2,1,4,Needs Attention
cust_005389,299,1,164.48999999999998,2,2,1,5,Needs Attention
cust_005390,310,3,445.2,2,4,2,8,Loyal Customers
cust_005392,157,3,769.81,3,4,3,10,Champions
cust_005393,582,2,855.26,1,3,3,7,Potential Loyalists
cust_005394,46,1,407.02,4,2,2,8,Loyal Customers
cust_005395,40,1,404.74,4,2,2,8,Loyal Customers
cust_005396,129,2,259.91999999999996,3,3,2,8,Loyal Customers
cust_005397,370,2,1988.9099999999999,2,3,4,9,Loyal Customers
cust_005398,396,2,311.42999999999995,2,3,2,7,Potential Loyalists
cust_005399,241,1,95.99,3,2,1,6,Potential Loyalists
cust_005400,138,2,1985.98,3,3,4,10,Champions
cust_005401,355,2,429.03,2,3,2,7,Potential Loyalists
cust_005402,182,2,2031.0099999999998,3,3,4,10,Champions
cust_005403,467,1,533.2,1,2,2,5,Needs Attention
cust_005404,473,1,2069.37,1,2,4,7,Potential Loyalists
cust_005406,443,2,373.09000000000003,1,3,2,6,Potential Loyalists
cust_005408,127,3,2776.6,3,4,4,11,Champions
cust_005409,126,5,3525.5499999999997,3,4,4,11,Champions
cust_005410,454,1,341.72,1,2,2,5,Needs Attention
cust_005411,354,2,358.26,2,3,2,7,Potential Loyalists
cust_005413,8,4,899.13,4,4,3,11,Champions
cust_005415,102,5,4443.24,3,4,4,11,Champions
cust_005416,273,1,78.74,2,2,1,5,Needs Attention
cust_005417,200,2,459.76,3,3,2,8,Loyal Customers
cust_005419,148,2,268.5,3,3,2,8,Loyal Customers
cust_005420,92,2,852.8,4,3,3,10,Champions
cust_005422,532,1,127.2,1,2,1,4,Needs Attention
cust_005423,143,5,4203.55,3,4,4,11,Champions
cust_005424,234,2,2812.5,3,3,4,10,Champions
cust_005425,194,1,109.0,3,2,1,6,Potential Loyalists
cust_005427,412,1,61.86,2,2,1,5,Needs Attention
cust_005428,637,1,400.0,1,2,2,5,Needs Attention
cust_005429,305,2,2878.76,2,3,4,9,Loyal Customers
cust_005430,575,2,1323.32,1,3,3,7,Potential Loyalists
cust_005431,220,1,25.35,3,2,1,6,Potential Loyalists
cust_005432,320,2,314.32,2,3,2,7,Potential Loyalists
cust_005433,173,2,1008.6700000000001,3,3,3,9,Loyal Customers
cust_005434,687,1,1896.8,1,2,4,7,Potential Loyalists
cust_005435,356,3,2937.4700000000003,2,4,4,10,Champions
cust_005439,57,2,1594.78,4,3,3,10,Champions
cust_005440,488,1,1838.18,1,2,4,7,Potential Loyalists
cust_005441,145,1,232.51,3,2,1,6,Potential Loyalists
cust_005442,68,3,694.59,4,4,3,11,Champions
cust_005443,24,3,2234.79,4,4,4,12,Champions
cust_005444,453,1,2404.52,1,2,4,7,Potential Loyalists
cust_005445,2,4,1387.19,4,4,3,11,Champions
cust_005447,106,1,26.52,3,2,1,6,Potential Loyalists
cust_005448,183,3,484.39,3,4,2,9,Loyal Customers
cust_005449,15,1,228.37,4,2,1,7,Potential Loyalists
cust_005450,538,3,1013.1399999999999,1,4,3,8,Loyal Customers
cust_005451,314,1,70.99000000000001,2,2,1,5,Needs Attention
cust_005452,197,3,3557.02,3,4,4,11,Champions
cust_005454,235,2,417.01,3,3,2,8,Loyal Customers
cust_005455,419,2,1296.3,2,3,3,8,Loyal Customers
cust_005457,315,1,101.43,2,2,1,5,Needs Attention
cust_005461,595,1,367.36,1,2,2,5,Needs Attention
cust_005462,700,1,241.33,1,2,2,5,Needs Attention
cust_005463,5,5,6598.88,4,4,4,12,Champions
cust_005465,172,1,199.7,3,2,1,6,Potential Loyalists
cust_005467,73,2,1879.4,4,3,4,11,Champions
cust_005468,2,2,3194.0,4,3,4,11,Champions
cust_005469,601,1,407.54,1,2,2,5,Needs Attention
cust_005470,19,1,94.0,4,2,1,7,Potential Loyalists
cust_005471,186,1,49.71,3,2,1,6,Potential Loyalists
cust_005472,350,1,1766.4399999999998,2,2,4,8,Loyal Customers
cust_005475,303,1,251.42,2,2,2,6,Potential Loyalists
cust_005476,69,3,818.1800000000001,4,4,3,11,Champions
cust_005479,510,1,372.79,1,2,2,5,Needs Attention
cust_005480,423,1,1623.92,2,2,3,7,Potential Loyalists
cust_005481,97,2,396.71000000000004,3,3,2,8,Loyal Customers
cust_005482,445,1,2958.12,1,2,4,7,Potential Loyalists
cust_005484,289,1,118.05,2,2,1,5,Needs Attention
cust_005485,190,1,35.59,3,2,1,6,Potential Loyalists
cust_005486,357,3,3537.02,2,4,4,10,Champions
cust_005487,637,3,2407.47,1,4,4,9,Loyal Customers
cust_005488,140,1,107.67,3,2,1,6,Potential Loyalists
cust_005490,109,3,2691.7799999999997,3,4,4,11,Champions
cust_005491,19,3,2442.59,4,4,4,12,Champions
cust_005492,185,4,4016.9600000000005,3,4,4,11,Champions
cust_005493,615,1,290.09,1,2,2,5,Needs Attention
cust_005494,85,2,1347.02,4,3,3,10,Champions
cust_005495,68,2,351.90000000000003,4,3,2,9,Loyal Customers
cust_005497,113,4,2433.76,3,4,4,11,Champions
cust_005498,517,1,75.80000000000001,1,2,1,4,Needs Attention
cust_005499,115,2,1689.17,3,3,3,9,Loyal Customers
cust_005501,475,1,179.03,1,2,1,4,Needs Attention
cust_005505,620,1,124.26,1,2,1,4,Needs Attention
cust_005506,15,2,432.32,4,3,2,9,Loyal Customers
cust_005507,667,1,161.47,1,2,1,4,Needs Attention
cust_005509,186,1,485.77,3,2,2,7,Potential Loyalists
cust_005510,144,4,2210.79,3,4,4,11,Champions
cust_005515,375,2,158.76999999999998,2,3,1,6,Potential Loyalists
cust_005517,399,1,250.6,2,2,2,6,Potential Loyalists
cust_005518,41,1,495.4500000000001,4,2,2,8,Loyal Customers
cust_005519,312,1,119.55,2,2,1,5,Needs Attention
cust_005520,361,3,583.8900000000001,2,4,3,9,Loyal Customers
cust_005521,512,2,391.91999999999996,1,3,2,6,Potential Loyalists
cust_005522,94,1,110.72,4,2,1,7,Potential Loyalists
cust_005523,371,1,598.05,2,2,3,7,Potential Loyalists
cust_005524,134,1,292.98,3,2,2,7,Potential Loyalists
cust_005525,525,1,680.8000000000001,1,2,3,6,Potential Loyalists
cust_005526,19,2,1362.41,4,3,3,10,Champions
cust_005529,105,1,2624.49,3,2,4,9,Loyal Customers
cust_005530,32,1,19.13,4,2,1,7,Potential Loyalists
cust_005531,414,1,210.56,2,2,1,5,Needs Attention
cust_005533,82,1,230.88,4,2,1,7,Potential Loyalists
cust_005534,411,2,1437.77,2,3,3,8,Loyal Customers
cust_005535,279,1,292.68,2,2,2,6,Potential Loyalists
cust_005536,137,1,2252.48,3,2,4,9,Loyal Customers
cust_005538,127,2,677.36,3,3,3,9,Loyal Customers
cust_005539,121,5,2819.42,3,4,4,11,Champions
cust_005540,593,2,588.35,1,3,3,7,Potential Loyalists
cust_005541,293,2,145.14000000000001,2,3,1,6,Potential Loyalists
cust_005542,469,1,1855.89,1,2,4,7,Potential Loyalists
cust_005543,98,4,722.86,3,4,3,10,Champions
cust_005544,537,1,78.41,1,2,1,4,Needs Attention
cust_005546,110,4,671.21,3,4,3,10,Champions
cust_005548,30,1,407.13,4,2,2,8,Loyal Customers
cust_005551,666,1,114.77,1,2,1,4,Needs Attention
cust_005552,59,2,221.1,4,3,1,8,Loyal Customers
cust_005555,25,3,3461.42,4,4,4,12,Champions
cust_005556,119,1,60.58,3,2,1,6,Potential Loyalists
cust_005558,178,4,2830.5299999999997,3,4,4,11,Champions
cust_005559,555,2,611.08,1,3,3,7,Potential Loyalists
cust_005560,36,5,2402.35,4,4,4,12,Champions
cust_005562,555,1,28.71,1,2,1,4,Needs Attention
cust_005563,349,2,242.71,2,3,2,7,Potential Loyalists
cust_005565,267,5,4298.82,2,4,4,10,Champions
cust_005567,552,1,196.84,1,2,1,4,Needs Attention
cust_005569,208,2,545.85,3,3,2,8,Loyal Customers
cust_005570,698,1,559.72,1,2,2,5,Needs Attention
cust_005571,141,2,767.65,3,3,3,9,Loyal Customers
cust_005573,87,2,1320.2,4,3,3,10,Champions
cust_005574,264,2,3334.4900000000002,2,3,4,9,Loyal Customers
cust_005575,37,2,298.02,4,3,2,9,Loyal Customers
cust_005577,284,1,194.45,2,2,1,5,Needs Attention
cust_005578,21,3,3025.3199999999997,4,4,4,12,Champions
cust_005579,272,1,105.84,2,2,1,5,Needs Attention
cust_005580,431,2,2232.49,2,3,4,9,Loyal Customers
cust_005581,89,1,2085.86,4,2,4,10,Champions
cust_005582,342,1,1588.11,2,2,3,7,Potential Loyalists
cust_005583,116,1,761.2099999999999,3,2,3,8,Loyal Customers
cust_005585,342,4,965.71,2,4,3,9,Loyal Customers
cust_005586,380,1,989.7,2,2,3,7,Potential Loyalists
cust_005588,29,5,3233.87,4,4,4,12,Champions
cust_005590,445,2,388.85,1,3,2,6,Potential Loyalists
cust_005591,187,3,168.0,3,4,1,8,Loyal Customers
cust_005592,98,5,900.63,3,4,3,10,Champions
cust_005593,244,1,1155.28,2,2,3,7,Potential Loyalists
cust_005594,174,3,1176.09,3,4,3,10,Champions
cust_005595,594,1,691.23,1,2,3,6,Potential Loyalists
cust_005596,464,2,496.29,1,3,2,6,Potential Loyalists
cust_005599,37,4,4463.92,4,4,4,12,Champions
cust_005600,52,2,3923.6800000000003,4,3,4,11,Champions
cust_005602,420,1,89.98,2,2,1,5,Needs Attention
cust_005603,648,1,402.89,1,2,2,5,Needs Attention
cust_005604,311,2,379.49,2,3,2,7,Potential Loyalists
cust_005606,169,3,228.44,3,4,1,8,Loyal Customers
cust_005607,308,3,5498.55,2,4,4,10,Champions
cust_005608,214,2,2504.18,3,3,4,10,Champions
cust_005609,233,1,327.91,3,2,2,7,Potential Loyalists
cust_005611,374,3,1428.66,2,4,3,9,Loyal Customers
cust_005612,610,1,225.43,1,2,1,4,Needs Attention
cust_005613,387,1,266.57,2,2,2,6,Potential Loyalists
cust_005614,411,1,253.61,2,2,2,6,Potential Loyalists
cust_005615,34,2,237.02,4,3,1,8,Loyal Customers
cust_005616,420,2,888.27,2,3,3,8,Loyal Customers
cust_005618,31,3,3017.31,4,4,4,12,Champions
cust_005619,142,3,1781.99,3,4,4,11,Champions
cust_005620,344,1,296.05,2,2,2,6,Potential Loyalists
cust_005621,403,1,99.94,2,2,1,5,Needs Attention
cust_005622,43,5,2040.21,4,4,4,12,Champions
cust_005623,201,1,33.93,3,2,1,6,Potential Loyalists
cust_005624,231,3,549.51,3,4,2,9,Loyal Customers
cust_005625,693,1,828.59,1,2,3,6,Potential Loyalists
cust_005626,196,3,3694.02,3,4,4,11,Champions
cust_005628,644,1,115.79,1,2,1,4,Needs Attention
cust_005629,5,2,239.29,4,3,1,8,Loyal Customers
cust_005630,123,1,442.05,3,2,2,7,Potential Loyalists
cust_005631,403,1,83.24,2,2,1,5,Needs Attention
cust_005632,451,1,211.43,1,2,1,4,Needs Attention
cust_005633,503,2,457.65000000000003,1,3,2,6,Potential Loyalists
cust_005634,56,2,397.62,4,3,2,9,Loyal Customers
cust_005636,264,1,182.26,2,2,1,5,Needs Attention
cust_005637,373,1,55.4,2,2,1,5,Needs Attention
cust_005639,689,1,271.72,1,2,2,5,Needs Attention
cust_005640,292,1,137.07,2,2,1,5,Needs Attention
cust_005641,109,2,715.69,3,3,3,9,Loyal Customers
cust_005643,235,2,449.24,3,3,2,8,Loyal Customers
cust_005644,24,4,873.13,4,4,3,11,Champions
cust_005645,72,4,2126.29,4,4,4,12,Champions
cust_005646,234,1,253.83,3,2,2,7,Potential Loyalists
cust_005647,87,1,243.7,4,2,2,8,Loyal Customers
cust_005648,105,2,424.48,3,3,2,8,Loyal Customers
cust_005649,31,2,590.65,4,3,3,10,Champions
cust_005650,383,1,126.29,2,2,1,5,Needs Attention
cust_005651,245,2,1698.65,2,3,3,8,Loyal Customers
cust_005655,376,1,364.98,2,2,2,6,Potential Loyalists
cust_005656,1,1,1148.5400000000002,4,2,3,9,Loyal Customers
cust_005658,210,1,754.1299999999999,3,2,3,8,Loyal Customers
cust_005659,601,1,2049.49,1,2,4,7,Potential Loyalists
cust_005660,182,4,1312.75,3,4,3,10,Champions
cust_005661,181,1,33.91,3,2,1,6,Potential Loyalists
cust_005663,265,1,281.22,2,2,2,6,Potential Loyalists
cust_005664,111,3,2061.15,3,4,4,11,Champions
cust_005666,386,1,214.4,2,2,1,5,Needs Attention
cust_005668,11,3,1210.54,4,4,3,11,Champions
cust_005669,546,1,1720.14,1,2,3,6,Potential Loyalists
cust_005670,42,2,1102.5100000000002,4,3,3,10,Champions
cust_005671,25,1,360.99,4,2,2,8,Loyal Customers
cust_005672,30,5,2256.43,4,4,4,12,Champions
cust_005673,52,1,712.91,4,2,3,9,Loyal Customers
cust_005674,327,3,787.55,2,4,3,9,Loyal Customers
cust_005675,155,3,2493.06,3,4,4,11,Champions
cust_005676,430,1,594.29,2,2,3,7,Potential Loyalists
cust_005677,175,1,1167.3,3,2,3,8,Loyal Customers
cust_005679,609,2,205.5,1,3,1,5,Needs Attention
cust_005680,562,1,181.07,1,2,1,4,Needs Attention
cust_005681,704,1,201.1,1,2,1,4,Needs Attention
cust_005682,494,2,1519.2400000000002,1,3,3,7,Potential Loyalists
cust_005684,353,1,112.94,2,2,1,5,Needs Attention
cust_005685,486,1,202.69,1,2,1,4,Needs Attention
cust_005686,146,1,209.43,3,2,1,6,Potential Loyalists
cust_005688,28,2,350.91999999999996,4,3,2,9,Loyal Customers
cust_005690,473,2,246.82999999999998,1,3,2,6,Potential Loyalists
cust_005691,47,3,4738.87,4,4,4,12,Champions
cust_005692,213,3,3335.15,3,4,4,11,Champions
cust_005693,377,2,388.94000000000005,2,3,2,7,Potential Loyalists
cust_005694,8,3,838.29,4,4,3,11,Champions
cust_005695,150,3,3586.09,3,4,4,11,Champions
cust_005696,63,2,476.02,4,3,2,9,Loyal Customers
cust_005697,326,1,759.01,2,2,3,7,Potential Loyalists
cust_005698,294,3,1325.3600000000001,2,4,3,9,Loyal Customers
cust_005699,236,3,865.56,3,4,3,10,Champions
cust_005700,199,1,1389.24,3,2,3,8,Loyal Customers
cust_005703,117,1,2913.19,3,2,4,9,Loyal Customers
cust_005704,327,2,411.13,2,3,2,7,Potential Loyalists
cust_005705,119,1,106.99,3,2,1,6,Potential Loyalists
cust_005707,402,1,356.85,2,2,2,6,Potential Loyalists
cust_005708,372,1,2953.03,2,2,4,8,Loyal Customers
cust_005710,553,2,270.12,1,3,2,6,Potential Loyalists
cust_005712,524,1,369.6,1,2,2,5,Needs Attention
cust_005713,715,1,964.92,1,2,3,6,Potential Loyalists
cust_005715,79,2,3012.67,4,3,4,11,Champions
cust_005717,628,2,511.26,1,3,2,6,Potential Loyalists
cust_005718,301,2,294.06,2,3,2,7,Potential Loyalists
cust_005720,411,3,3332.21,2,4,4,10,Champions
cust_005722,14,2,1622.9199999999998,4,3,3,10,Champions
cust_005724,138,3,2600.8,3,4,4,11,Champions
cust_005725,226,1,173.53,3,2,1,6,Potential Loyalists
cust_005726,83,1,130.39,4,2,1,7,Potential Loyalists
cust_005728,358,1,230.59,2,2,1,5,Needs Attention
cust_005729,600,1,173.69,1,2,1,4,Needs Attention
cust_005730,600,2,222.79000000000002,1,3,1,5,Needs Attention
cust_005731,343,2,1931.6299999999999,2,3,4,9,Loyal Customers
cust_005732,108,2,672.87,3,3,3,9,Loyal Customers
cust_005733,203,2,1540.1799999999998,3,3,3,9,Loyal Customers
cust_005734,353,2,274.61,2,3,2,7,Potential Loyalists
cust_005737,431,1,446.25,2,2,2,6,Potential Loyalists
cust_005738,527,4,2465.93,1,4,4,9,Loyal Customers
cust_005739,279,2,347.47999999999996,2,3,2,7,Potential Loyalists
cust_005740,235,2,350.15999999999997,3,3,2,8,Loyal Customers
cust_005741,33,2,297.32,4,3,2,9,Loyal Customers
cust_005742,533,1,686.25,1,2,3,6,Potential Loyalists
cust_005744,12,1,345.97,4,2,2,8,Loyal Customers
cust_005745,273,2,239.01999999999998,2,3,1,6,Potential Loyalists
cust_005747,169,1,131.70999999999998,3,2,1,6,Potential Loyalists
cust_005750,4,2,838.44,4,3,3,10,Champions
cust_005752,628,2,492.01000000000005,1,3,2,6,Potential Loyalists
cust_005753,670,1,554.09,1,2,2,5,Needs Attention
cust_005754,532,1,60.47,1,2,1,4,Needs Attention
cust_005755,38,4,3364.1300000000006,4,4,4,12,Champions
cust_005756,528,2,2625.1800000000003,1,3,4,8,Loyal Customers
cust_005757,39,1,58.37,4,2,1,7,Potential Loyalists
cust_005758,388,1,265.46,2,2,2,6,Potential Loyalists
cust_005759,211,3,1588.5,3,4,3,10,Champions
cust_005760,663,1,89.36,1,2,1,4,Needs Attention
cust_005761,508,1,41.22,1,2,1,4,Needs Attention
cust_005765,105,4,4671.19,3,4,4,11,Champions
cust_005766,453,1,110.95,1,2,1,4,Needs Attention
cust_005767,337,2,1521.71,2,3,3,8,Loyal Customers
cust_005768,612,1,186.39,1,2,1,4,Needs Attention
cust_005769,123,2,369.0300000000001,3,3,2,8,Loyal Customers
cust_005772,584,2,511.37,1,3,2,6,Potential Loyalists
cust_005773,538,2,256.54,1,3,2,6,Potential Loyalists
cust_005774,506,2,118.71,1,3,1,5,Needs Attention
cust_005775,103,2,2475.63,3,3,4,10,Champions
cust_005776,127,2,2832.34,3,3,4,10,Champions
cust_005777,210,3,652.34,3,4,3,10,Champions
cust_005778,279,1,196.25,2,2,1,5,Needs Attention
cust_005779,92,2,330.07,4,3,2,9,Loyal Customers
cust_005780,530,2,422.65,1,3,2,6,Potential Loyalists
cust_005781,141,2,465.65000000000003,3,3,2,8,Loyal Customers
cust_005782,51,3,4023.64,4,4,4,12,Champions
cust_005783,7,3,1189.27,4,4,3,11,Champions
cust_005784,454,1,1516.1799999999998,1,2,3,6,Potential Loyalists
cust_005785,663,1,237.09,1,2,1,4,Needs Attention
cust_005786,431,1,478.31,2,2,2,6,Potential Loyalists
cust_005788,62,2,2840.9900000000002,4,3,4,11,Champions
cust_005789,591,2,1468.22,1,3,3,7,Potential Loyalists
cust_005790,582,3,515.49,1,4,2,7,Potential Loyalists
cust_005791,6,4,6080.29,4,4,4,12,Champions
cust_005793,15,1,143.92,4,2,1,7,Potential Loyalists
cust_005794,25,1,432.21,4,2,2,8,Loyal Customers
cust_005795,671,1,174.75,1,2,1,4,Needs Attention
cust_005796,62,2,542.9,4,3,2,9,Loyal Customers
cust_005797,12,2,953.21,4,3,3,10,Champions
cust_005798,582,1,173.54000000000002,1,2,1,4,Needs Attention
cust_005799,188,1,317.82,3,2,2,7,Potential Loyalists
cust_005801,517,3,2361.64,1,4,4,9,Loyal Customers
cust_005803,152,1,44.02,3,2,1,6,Potential Loyalists
cust_005805,611,1,404.73,1,2,2,5,Needs Attention
cust_005806,6,4,1642.6100000000001,4,4,3,11,Champions
cust_005807,30,3,452.46000000000004,4,4,2,10,Champions
cust_005808,73,2,550.36,4,3,2,9,Loyal Customers
cust_005810,515,2,3925.42,1,3,4,8,Loyal Customers
cust_005811,375,2,263.31,2,3,2,7,Potential Loyalists
cust_005812,305,1,191.8,2,2,1,5,Needs Attention
cust_005813,604,1,1039.51,1,2,3,6,Potential Loyalists
cust_005816,223,1,271.24,3,2,2,7,Potential Loyalists
cust_005818,390,3,254.67000000000002,2,4,2,8,Loyal Customers
cust_005819,42,2,462.53,4,3,2,9,Loyal Customers
cust_005820,526,1,62.57,1,2,1,4,Needs Attention
cust_005821,158,1,616.47,3,2,3,8,Loyal Customers
cust_005822,589,1,34.84,1,2,1,4,Needs Attention
cust_005823,183,2,3672.1899999999996,3,3,4,10,Champions
cust_005824,557,1,20.78,1,2,1,4,Needs Attention
cust_005825,628,1,196.88,1,2,1,4,Needs Attention
cust_005827,142,3,4533.66,3,4,4,11,Champions
cust_005828,193,3,371.1,3,4,2,9,Loyal Customers
cust_005829,190,1,232.96,3,2,1,6,Potential Loyalists
cust_005830,674,1,764.25,1,2,3,6,Potential Loyalists
cust_005831,242,2,303.77,2,3,2,7,Potential Loyalists
cust_005832,275,1,283.5,2,2,2,6,Potential Loyalists
cust_005834,615,1,112.54,1,2,1,4,Needs Attention
cust_005835,78,1,24.43,4,2,1,7,Potential Loyalists
cust_005837,672,1,63.63,1,2,1,4,Needs Attention
cust_005838,421,1,1141.89,2,2,3,7,Potential Loyalists
cust_005839,483,2,450.58,1,3,2,6,Potential Loyalists
cust_005840,491,1,934.91,1,2,3,6,Potential Loyalists
cust_005842,107,1,247.79,3,2,2,7,Potential Loyalists
cust_005844,181,1,179.67,3,2,1,6,Potential Loyalists
cust_005845,108,2,409.15,3,3,2,8,Loyal Customers
cust_005850,380,1,1591.25,2,2,3,7,Potential Loyalists
cust_005851,112,2,128.60000000000002,3,3,1,7,Potential Loyalists
cust_005854,231,3,592.4200000000001,3,4,3,10,Champions
cust_005855,374,1,234.04,2,2,1,5,Needs Attention
cust_005856,112,1,438.19,3,2,2,7,Potential Loyalists
cust_005858,31,1,1757.9499999999998,4,2,3,9,Loyal Customers
cust_005860,305,1,35.8,2,2,1,5,Needs Attention
cust_005864,511,1,983.27,1,2,3,6,Potential Loyalists
cust_005866,196,1,254.25,3,2,2,7,Potential Loyalists
cust_005867,219,2,421.7,3,3,2,8,Loyal Customers
cust_005868,695,1,96.93,1,2,1,4,Needs Attention
cust_005869,438,2,1223.1000000000001,1,3,3,7,Potential Loyalists
cust_005870,467,1,268.09000000000003,1,2,2,5,Needs Attention
cust_005872,536,1,81.28,1,2,1,4,Needs Attention
cust_005873,484,3,1845.56,1,4,4,9,Loyal Customers
cust_005874,116,3,988.2,3,4,3,10,Champions
cust_005875,302,1,1444.63,2,2,3,7,Potential Loyalists
cust_005876,119,2,541.51,3,3,2,8,Loyal Customers
cust_005877,577,2,226.93,1,3,1,5,Needs Attention
cust_005878,26,2,176.51999999999998,4,3,1,8,Loyal Customers
cust_005879,225,2,1556.65,3,3,3,9,Loyal Customers
cust_005880,420,1,235.49,2,2,1,5,Needs Attention
cust_005881,203,1,88.09,3,2,1,6,Potential Loyalists
cust_005882,10,3,4701.4,4,4,4,12,Champions
cust_005884,431,1,1447.38,2,2,3,7,Potential Loyalists
cust_005886,683,1,152.41,1,2,1,4,Needs Attention
cust_005887,290,1,555.69,2,2,2,6,Potential Loyalists
cust_005889,535,2,408.43,1,3,2,6,Potential Loyalists
cust_005890,98,1,57.35,3,2,1,6,Potential Loyalists
cust_005891,566,1,263.02,1,2,2,5,Needs Attention
cust_005892,60,3,3493.22,4,4,4,12,Champions
cust_005894,233,1,732.35,3,2,3,8,Loyal Customers
cust_005895,237,3,460.84000000000003,3,4,2,9,Loyal Customers
cust_005896,689,1,76.33,1,2,1,4,Needs Attention
cust_005897,128,3,2623.2200000000003,3,4,4,11,Champions
cust_005898,404,1,1556.91,2,2,3,7,Potential Loyalists
cust_005899,119,1,230.24,3,2,1,6,Potential Loyalists
cust_005901,9,5,5058.09,4,4,4,12,Champions
cust_005902,335,1,2786.6400000000003,2,2,4,8,Loyal Customers
cust_005903,108,1,1843.48,3,2,4,9,Loyal Customers
cust_005904,38,3,851.6,4,4,3,11,Champions
cust_005906,124,4,756.25,3,4,3,10,Champions
cust_005907,43,2,2330.7900000000004,4,3,4,11,Champions
cust_005909,170,1,2093.22,3,2,4,9,Loyal Customers
cust_005911,391,3,1357.22,2,4,3,9,Loyal Customers
cust_005912,58,2,780.69,4,3,3,10,Champions
cust_005913,3,3,247.39000000000001,4,4,2,10,Champions
cust_005914,381,2,778.8900000000001,2,3,3,8,Loyal Customers
cust_005915,390,1,174.19,2,2,1,5,Needs Attention
cust_005917,95,2,430.12,4,3,2,9,Loyal Customers
cust_005918,220,2,748.29,3,3,3,9,Loyal Customers
cust_005919,373,2,1120.38,2,3,3,8,Loyal Customers
cust_005920,41,2,359.91999999999996,4,3,2,9,Loyal Customers
cust_005922,571,1,121.04,1,2,1,4,Needs Attention
cust_005924,26,1,233.11,4,2,1,7,Potential Loyalists
cust_005925,585,1,114.74,1,2,1,4,Needs Attention
cust_005926,256,1,412.43,2,2,2,6,Potential Loyalists
cust_005929,80,2,3580.18,4,3,4,11,Champions
cust_005930,216,3,508.01,3,4,2,9,Loyal Customers
cust_005931,116,1,1992.3,3,2,4,9,Loyal Customers
cust_005932,194,1,134.72,3,2,1,6,Potential Loyalists
cust_005934,373,1,363.47,2,2,2,6,Potential Loyalists
cust_005935,224,3,448.96000000000004,3,4,2,9,Loyal Customers
cust_005936,244,1,592.26,2,2,3,7,Potential Loyalists
cust_005938,57,3,1169.47,4,4,3,11,Champions
cust_005939,199,2,1916.13,3,3,4,10,Champions
cust_005941,266,2,1505.1200000000001,2,3,3,8,Loyal Customers
cust_005944,372,3,2358.93,2,4,4,10,Champions
cust_005946,610,1,254.17,1,2,2,5,Needs Attention
cust_005947,59,3,3532.0699999999997,4,4,4,12,Champions
cust_005949,165,2,3594.6,3,3,4,10,Champions
cust_005950,181,1,248.0,3,2,2,7,Potential Loyalists
cust_005951,16,4,2610.94,4,4,4,12,Champions
cust_005953,68,2,399.05,4,3,2,9,Loyal Customers
cust_005954,257,1,67.78,2,2,1,5,Needs Attention
cust_005955,633,1,318.73,1,2,2,5,Needs Attention
cust_005956,68,4,1843.8200000000002,4,4,4,12,Champions
cust_005957,234,1,336.4,3,2,2,7,Potential Loyalists
cust_005958,117,1,112.06,3,2,1,6,Potential Loyalists
cust_005959,324,2,659.98,2,3,3,8,Loyal Customers
cust_005961,532,1,373.71,1,2,2,5,Needs Attention
cust_005962,15,2,426.78,4,3,2,9,Loyal Customers
cust_005965,647,1,160.0,1,2,1,4,Needs Attention
cust_005966,89,2,277.25000000000006,4,3,2,9,Loyal Customers
cust_005967,32,2,2284.62,4,3,4,11,Champions
cust_005968,241,2,848.9799999999999,3,3,3,9,Loyal Customers
cust_005969,22,4,888.53,4,4,3,11,Champions
cust_005971,38,1,173.2,4,2,1,7,Potential Loyalists
cust_005972,70,2,154.92,4,3,1,8,Loyal Customers
cust_005973,253,2,308.68,2,3,2,7,Potential Loyalists
cust_005974,662,2,897.96,1,3,3,7,Potential Loyalists
cust_005975,401,1,1015.54,2,2,3,7,Potential Loyalists
cust_005976,72,2,546.06,4,3,2,9,Loyal Customers
cust_005977,60,4,1673.84,4,4,3,11,Champions
cust_005978,274,1,135.01,2,2,1,5,Needs Attention
cust_005979,730,1,144.14,1,2,1,4,Needs Attention
cust_005981,244,1,143.7,2,2,1,5,Needs Attention
cust_005982,259,1,210.83,2,2,1,5,Needs Attention
cust_005983,69,1,78.35000000000001,4,2,1,7,Potential Loyalists
cust_005984,384,3,582.6700000000001,2,4,3,9,Loyal Customers
cust_005985,323,1,74.95,2,2,1,5,Needs Attention
cust_005986,157,2,327.85,3,3,2,8,Loyal Customers
cust_005987,35,1,244.99,4,2,2,8,Loyal Customers
cust_005988,178,5,5837.14,3,4,4,11,Champions
cust_005989,350,2,758.02,2,3,3,8,Loyal Customers
cust_005991,546,2,355.01,1,3,2,6,Potential Loyalists
cust_005993,372,2,1668.17,2,3,3,8,Loyal Customers
cust_005994,7,1,116.5,4,2,1,7,Potential Loyalists
cust_005995,339,1,1408.04,2,2,3,7,Potential Loyalists
cust_005997,292,3,347.67,2,4,2,8,Loyal Customers
cust_006000,218,2,312.52,3,3,2,8,Loyal Customers
cust_006001,6,1,181.54,4,2,1,7,Potential Loyalists
cust_006002,348,1,119.98,2,2,1,5,Needs Attention
cust_006003,647,1,124.7,1,2,1,4,Needs Attention
cust_006004,256,3,700.85,2,4,3,9,Loyal Customers
cust_006005,135,1,93.34,3,2,1,6,Potential Loyalists
cust_006007,296,3,1111.22,2,4,3,9,Loyal Customers
cust_006008,34,1,56.3,4,2,1,7,Potential Loyalists
cust_006009,151,3,4688.12,3,4,4,11,Champions
cust_006010,111,3,809.11,3,4,3,10,Champions
cust_006012,324,2,2821.09,2,3,4,9,Loyal Customers
cust_006014,125,1,297.42,3,2,2,7,Potential Loyalists
cust_006015,47,1,193.21,4,2,1,7,Potential Loyalists
cust_006016,389,2,2458.43,2,3,4,9,Loyal Customers
cust_006017,33,1,205.0,4,2,1,7,Potential Loyalists
cust_006018,513,1,314.57,1,2,2,5,Needs Attention
cust_006019,136,3,1258.17,3,4,3,10,Champions
cust_006021,409,1,419.3,2,2,2,6,Potential Loyalists
cust_006022,97,1,2670.38,3,2,4,9,Loyal Customers
cust_006024,176,1,1153.81,3,2,3,8,Loyal Customers
cust_006025,174,1,993.43,3,2,3,8,Loyal Customers
cust_006026,303,3,3350.2,2,4,4,10,Champions
cust_006028,26,4,2514.46,4,4,4,12,Champions
cust_006030,31,3,887.8399999999999,4,4,3,11,Champions
cust_006031,243,3,799.13,2,4,3,9,Loyal Customers
cust_006032,362,2,257.8,2,3,2,7,Potential Loyalists
cust_006033,404,3,711.7,2,4,3,9,Loyal Customers
cust_006034,398,3,3033.54,2,4,4,10,Champions
cust_006035,197,3,2394.74,3,4,4,11,Champions
cust_006036,358,1,272.91,2,2,2,6,Potential Loyalists
cust_006037,373,1,23.1,2,2,1,5,Needs Attention
cust_006038,391,3,1940.14,2,4,4,10,Champions
cust_006039,323,1,1819.46,2,2,4,8,Loyal Customers
cust_006040,29,3,2956.88,4,4,4,12,Champions
cust_006041,50,2,147.8,4,3,1,8,Loyal Customers
cust_006042,307,2,480.26,2,3,2,7,Potential Loyalists
cust_006043,129,1,182.89,3,2,1,6,Potential Loyalists
cust_006044,437,1,409.99,1,2,2,5,Needs Attention
cust_006046,18,1,1000.75,4,2,3,9,Loyal Customers
cust_006047,11,3,465.05,4,4,2,10,Champions
cust_006048,55,4,2546.3599999999997,4,4,4,12,Champions
cust_006049,13,2,2493.97,4,3,4,11,Champions
cust_006050,446,1,592.17,1,2,3,6,Potential Loyalists
cust_006052,42,2,728.0500000000001,4,3,3,10,Champions
cust_006054,52,2,385.52,4,3,2,9,Loyal Customers
cust_006055,170,2,1183.33,3,3,3,9,Loyal Customers
cust_006056,25,1,115.43,4,2,1,7,Potential Loyalists
cust_006057,322,2,437.05,2,3,2,7,Potential Loyalists
cust_006058,5,1,254.94,4,2,2,8,Loyal Customers
cust_006059,188,3,5009.4400000000005,3,4,4,11,Champions
cust_006060,377,3,3133.0600000000004,2,4,4,10,Champions
cust_006063,311,1,134.31,2,2,1,5,Needs Attention
cust_006065,388,3,2211.13,2,4,4,10,Champions
cust_006066,648,1,308.43,1,2,2,5,Needs Attention
cust_006068,404,1,188.26,2,2,1,5,Needs Attention
cust_006071,239,2,3526.49,3,3,4,10,Champions
cust_006073,373,1,672.39,2,2,3,7,Potential Loyalists
cust_006078,39,3,1327.23,4,4,3,11,Champions
cust_006079,75,4,2327.3599999999997,4,4,4,12,Champions
cust_006080,395,1,83.0,2,2,1,5,Needs Attention
cust_006081,77,2,309.07,4,3,2,9,Loyal Customers
cust_006082,76,2,308.56,4,3,2,9,Loyal Customers
cust_006083,416,3,275.95,2,4,2,8,Loyal Customers
cust_006085,524,2,2939.0000000000005,1,3,4,8,Loyal Customers
cust_006086,308,1,2163.31,2,2,4,8,Loyal Customers
cust_006088,41,1,219.39,4,2,1,7,Potential Loyalists
cust_006089,55,2,746.61,4,3,3,10,Champions
cust_006090,117,2,321.44000000000005,3,3,2,8,Loyal Customers
cust_006091,425,2,397.02,2,3,2,7,Potential Loyalists
cust_006092,671,1,51.36,1,2,1,4,Needs Attention
cust_006093,84,2,3229.01,4,3,4,11,Champions
cust_006094,26,2,1093.84,4,3,3,10,Champions
cust_006096,308,2,1395.81,2,3,3,8,Loyal Customers
cust_006097,642,1,82.7,1,2,1,4,Needs Attention
cust_006099,3,4,1526.4,4,4,3,11,Champions
cust_006100,193,1,260.45,3,2,2,7,Potential Loyalists
cust_006101,62,2,471.25,4,3,2,9,Loyal Customers
cust_006102,391,3,2486.7400000000002,2,4,4,10,Champions
cust_006103,91,3,851.67,4,4,3,11,Champions
cust_006104,207,1,3015.64,3,2,4,9,Loyal Customers
cust_006106,508,1,36.34,1,2,1,4,Needs Attention
cust_006107,113,2,395.5,3,3,2,8,Loyal Customers
cust_006109,67,1,57.99,4,2,1,7,Potential Loyalists
cust_006110,24,1,1431.6799999999998,4,2,3,9,Loyal Customers
cust_006111,4,2,358.35,4,3,2,9,Loyal Customers
cust_006112,194,1,330.21000000000004,3,2,2,7,Potential Loyalists
cust_006113,258,1,347.34000000000003,2,2,2,6,Potential Loyalists
cust_006115,208,2,3150.84,3,3,4,10,Champions
cust_006116,389,2,473.90000000000003,2,3,2,7,Potential Loyalists
cust_006117,601,1,249.96,1,2,2,5,Needs Attention
cust_006118,229,2,617.99,3,3,3,9,Loyal Customers
cust_006120,192,1,408.34,3,2,2,7,Potential Loyalists
cust_006121,625,3,903.8599999999999,1,4,3,8,Loyal Customers
cust_006122,374,1,97.74,2,2,1,5,Needs Attention
cust_006123,152,1,293.88,3,2,2,7,Potential Loyalists
cust_006124,58,2,2897.79,4,3,4,11,Champions
cust_006125,109,2,1540.13,3,3,3,9,Loyal Customers
cust_006127,77,2,3079.8500000000004,4,3,4,11,Champions
cust_006129,62,2,430.79999999999995,4,3,2,9,Loyal Customers
cust_006130,46,1,285.07000000000005,4,2,2,8,Loyal Customers
cust_006131,188,3,686.9399999999999,3,4,3,10,Champions
cust_006132,131,2,1485.6999999999998,3,3,3,9,Loyal Customers
cust_006135,524,1,50.33,1,2,1,4,Needs Attention
cust_006136,1,2,868.6700000000001,4,3,3,10,Champions
cust_006139,99,3,2071.82,3,4,4,11,Champions
cust_006140,200,1,308.77,3,2,2,7,Potential Loyalists
cust_006142,106,3,477.41,3,4,2,9,Loyal Customers
cust_006144,171,3,876.34,3,4,3,10,Champions
cust_006146,713,1,33.78,1,2,1,4,Needs Attention
cust_006147,232,1,2287.03,3,2,4,9,Loyal Customers
cust_006150,126,2,944.4300000000001,3,3,3,9,Loyal Customers
cust_006152,262,2,1855.65,2,3,4,9,Loyal Customers
cust_006154,150,3,559.04,3,4,2,9,Loyal Customers
cust_006155,575,2,1298.19,1,3,3,7,Potential Loyalists
cust_006156,248,2,2299.14,2,3,4,9,Loyal Customers
cust_006157,328,2,3610.3,2,3,4,9,Loyal Customers
cust_006158,108,2,385.54,3,3,2,8,Loyal Customers
cust_006159,46,3,489.95,4,4,2,10,Champions
cust_006160,76,2,3096.32,4,3,4,11,Champions
cust_006163,241,3,4260.15,3,4,4,11,Champions
cust_006164,409,2,1652.34,2,3,3,8,Loyal Customers
cust_006166,382,2,3140.61,2,3,4,9,Loyal Customers
cust_006167,440,2,323.6,1,3,2,6,Potential Loyalists
cust_006168,253,1,1011.78,2,2,3,7,Potential Loyalists
cust_006169,33,3,1021.43,4,4,3,11,Champions
cust_006170,249,2,1020.76,2,3,3,8,Loyal Customers
cust_006171,40,1,1915.36,4,2,4,10,Champions
cust_006172,205,3,1081.56,3,4,3,10,Champions
cust_006174,123,1,413.35,3,2,2,7,Potential Loyalists
cust_006175,650,1,42.62,1,2,1,4,Needs Attention
cust_006176,413,2,467.45,2,3,2,7,Potential Loyalists
cust_006177,532,1,1666.11,1,2,3,6,Potential Loyalists
cust_006180,189,1,188.27,3,2,1,6,Potential Loyalists
cust_006182,87,2,4086.0699999999997,4,3,4,11,Champions
cust_006183,54,2,2579.45,4,3,4,11,Champions
cust_006184,33,2,2522.2100000000005,4,3,4,11,Champions
cust_006185,388,2,312.56,2,3,2,7,Potential Loyalists
cust_006189,444,1,77.32000000000001,1,2,1,4,Needs Attention
cust_006190,379,3,549.61,2,4,2,8,Loyal Customers
cust_006191,390,1,106.91,2,2,1,5,Needs Attention
cust_006192,38,1,222.93,4,2,1,7,Potential Loyalists
cust_006194,549,2,242.31,1,3,2,6,Potential Loyalists
cust_006196,2,2,1060.73,4,3,3,10,Champions
cust_006197,241,2,2604.2200000000003,3,3,4,10,Champions
cust_006198,103,1,253.14,3,2,2,7,Potential Loyalists
cust_006199,385,1,72.06,2,2,1,5,Needs Attention
cust_006200,11,4,1077.72,4,4,3,11,Champions
cust_006201,615,1,407.04,1,2,2,5,Needs Attention
cust_006203,649,1,191.74,1,2,1,4,Needs Attention
cust_006204,13,2,423.78,4,3,2,9,Loyal Customers
cust_006205,715,1,190.44,1,2,1,4,Needs Attention
cust_006207,29,3,800.22,4,4,3,11,Champions
cust_006208,197,2,1859.6100000000001,3,3,4,10,Champions
cust_006211,485,1,151.77,1,2,1,4,Needs Attention
cust_006212,276,2,229.93,2,3,1,6,Potential Loyalists
cust_006213,43,2,174.14,4,3,1,8,Loyal Customers
cust_006214,566,1,297.98,1,2,2,5,Needs Attention
cust_006217,112,2,2444.92,3,3,4,10,Champions
cust_006218,297,1,106.5,2,2,1,5,Needs Attention
cust_006219,175,3,2731.4100000000003,3,4,4,11,Champions
cust_006221,186,2,1951.72,3,3,4,10,Champions
cust_006222,8,2,632.0,4,3,3,10,Champions
cust_006226,378,1,654.21,2,2,3,7,Potential Loyalists
cust_006227,274,3,599.15,2,4,3,9,Loyal Customers
cust_006228,439,1,121.08,1,2,1,4,Needs Attention
cust_006229,63,4,3278.5200000000004,4,4,4,12,Champions
cust_006230,55,2,336.53,4,3,2,9,Loyal Customers
cust_006231,512,1,295.49,1,2,2,5,Needs Attention
cust_006232,41,1,375.81,4,2,2,8,Loyal Customers
cust_006233,131,2,1559.63,3,3,3,9,Loyal Customers
cust_006235,400,1,1747.61,2,2,3,7,Potential Loyalists
cust_006236,179,3,2609.67,3,4,4,11,Champions
cust_006238,91,3,2778.5099999999998,4,4,4,12,Champions
cust_006239,497,1,2730.83,1,2,4,7,Potential Loyalists
cust_006240,240,2,255.09,3,3,2,8,Loyal Customers
cust_006241,67,2,740.01,4,3,3,10,Champions
cust_006242,249,1,2202.98,2,2,4,8,Loyal Customers
cust_006246,224,1,54.93,3,2,1,6,Potential Loyalists
cust_006247,415,1,763.72,2,2,3,7,Potential Loyalists
cust_006249,77,2,937.1199999999999,4,3,3,10,Champions
cust_006250,519,2,1112.54,1,3,3,7,Potential Loyalists
cust_006251,287,2,627.33,2,3,3,8,Loyal Customers
cust_006254,398,1,177.01,2,2,1,5,Needs Attention
cust_006255,341,2,275.62,2,3,2,7,Potential Loyalists
cust_006256,387,4,2980.27,2,4,4,10,Champions
cust_006257,145,3,2336.38,3,4,4,11,Champions
cust_006260,550,1,1169.63,1,2,3,6,Potential Loyalists
cust_006261,5,3,567.96,4,4,2,10,Champions
cust_006262,480,1,1381.73,1,2,3,6,Potential Loyalists
cust_006263,4,2,350.24,4,3,2,9,Loyal Customers
cust_006264,675,1,60.5,1,2,1,4,Needs Attention
cust_006265,144,3,959.96,3,4,3,10,Champions
cust_006266,480,1,539.11,1,2,2,5,Needs Attention
cust_006267,11,1,77.97999999999999,4,2,1,7,Potential Loyalists
cust_006268,68,2,275.13,4,3,2,9,Loyal Customers
cust_006269,6,3,973.46,4,4,3,11,Champions
cust_006272,168,2,879.7299999999999,3,3,3,9,Loyal Customers
cust_006273,25,2,3482.72,4,3,4,11,Champions
cust_006274,434,2,2623.45,1,3,4,8,Loyal Customers
cust_006276,85,2,801.1600000000001,4,3,3,10,Champions
cust_006277,579,1,294.5,1,2,2,5,Needs Attention
cust_006278,36,3,2193.8700000000003,4,4,4,12,Champions
cust_006279,613,1,1133.5,1,2,3,6,Potential Loyalists
cust_006280,370,1,955.4,2,2,3,7,Potential Loyalists
cust_006282,400,1,2820.62,2,2,4,8,Loyal Customers
cust_006283,78,2,100.88,4,3,1,8,Loyal Customers
cust_006284,513,2,161.14,1,3,1,5,Needs Attention
cust_006285,642,1,2871.51,1,2,4,7,Potential Loyalists
cust_006287,349,3,1752.39,2,4,3,9,Loyal Customers
cust_006288,43,1,84.18,4,2,1,7,Potential Loyalists
cust_006289,700,1,1951.41,1,2,4,7,Potential Loyalists
cust_006291,162,1,142.06,3,2,1,6,Potential Loyalists
cust_006293,576,1,297.9,1,2,2,5,Needs Attention
cust_006294,349,1,199.98,2,2,1,5,Needs Attention
cust_006295,1,3,1784.05,4,4,4,12,Champions
cust_006296,207,1,1510.8100000000002,3,2,3,8,Loyal Customers
cust_006297,149,3,1989.14,3,4,4,11,Champions
cust_006299,240,2,862.59,3,3,3,9,Loyal Customers
cust_006300,240,1,298.67,3,2,2,7,Potential Loyalists
cust_006302,486,2,1761.2600000000002,1,3,3,7,Potential Loyalists
cust_006303,78,2,1091.15,4,3,3,10,Champions
cust_006304,338,1,2890.4700000000003,2,2,4,8,Loyal Customers
cust_006305,501,3,4552.219999999999,1,4,4,9,Loyal Customers
cust_006308,717,1,40.59,1,2,1,4,Needs Attention
cust_006309,209,1,60.48,3,2,1,6,Potential Loyalists
cust_006310,207,2,121.69,3,3,1,7,Potential Loyalists
cust_006312,41,1,168.07999999999998,4,2,1,7,Potential Loyalists
cust_006313,329,2,320.37,2,3,2,7,Potential Loyalists
cust_006314,122,1,263.89,3,2,2,7,Potential Loyalists
cust_006316,97,3,2447.36,3,4,4,11,Champions
cust_006317,432,1,760.8,1,2,3,6,Potential Loyalists
cust_006318,314,3,1087.51,2,4,3,9,Loyal Customers
cust_006319,572,1,81.25,1,2,1,4,Needs Attention
cust_006320,611,2,738.6,1,3,3,7,Potential Loyalists
cust_006321,57,2,147.32999999999998,4,3,1,8,Loyal Customers
cust_006322,161,2,512.33,3,3,2,8,Loyal Customers
cust_006324,356,2,2462.5,2,3,4,9,Loyal Customers
cust_006326,148,1,3650.14,3,2,4,9,Loyal Customers
cust_006327,164,3,2158.79,3,4,4,11,Champions
cust_006328,373,1,323.52,2,2,2,6,Potential Loyalists
cust_006330,346,1,252.85,2,2,2,6,Potential Loyalists
cust_006331,24,3,409.4,4,4,2,10,Champions
cust_006333,556,1,114.6,1,2,1,4,Needs Attention
cust_006334,706,1,82.03,1,2,1,4,Needs Attention
cust_006336,303,2,1831.97,2,3,4,9,Loyal Customers
cust_006337,101,4,3835.55,3,4,4,11,Champions
cust_006338,143,2,470.03,3,3,2,8,Loyal Customers
cust_006339,298,2,794.75,2,3,3,8,Loyal Customers
cust_006340,689,1,256.42,1,2,2,5,Needs Attention
cust_006341,97,1,219.3,3,2,1,6,Potential Loyalists
cust_006342,17,3,516.59,4,4,2,10,Champions
cust_006343,10,2,279.04999999999995,4,3,2,9,Loyal Customers
cust_006344,118,3,2726.2200000000003,3,4,4,11,Champions
cust_006347,338,2,2293.51,2,3,4,9,Loyal Customers
cust_006349,349,2,146.63,2,3,1,6,Potential Loyalists
cust_006351,4,1,272.21,4,2,2,8,Loyal Customers
cust_006352,556,1,22.78,1,2,1,4,Needs Attention
cust_006353,331,3,762.6500000000001,2,4,3,9,Loyal Customers
cust_006354,222,2,505.46999999999997,3,3,2,8,Loyal Customers
cust_006356,438,1,218.08,1,2,1,4,Needs Attention
cust_006358,231,2,773.75,3,3,3,9,Loyal Customers
cust_006359,369,1,36.2,2,2,1,5,Needs Attention
cust_006360,379,1,327.36,2,2,2,6,Potential Loyalists
cust_006361,51,4,3387.1000000000004,4,4,4,12,Champions
cust_006362,256,2,2785.8,2,3,4,9,Loyal Customers
cust_006363,650,1,302.34000000000003,1,2,2,5,Needs Attention
cust_006364,41,3,945.2900000000001,4,4,3,11,Champions
cust_006365,125,1,1141.13,3,2,3,8,Loyal Customers
cust_006367,612,1,39.27,1,2,1,4,Needs Attention
cust_006368,284,2,3594.33,2,3,4,9,Loyal Customers
cust_006370,53,3,3064.02,4,4,4,12,Champions
cust_006371,242,3,3130.29,2,4,4,10,Champions
cust_006372,255,1,234.42,2,2,1,5,Needs Attention
cust_006374,161,3,3156.13,3,4,4,11,Champions
cust_006375,50,1,271.1,4,2,2,8,Loyal Customers
cust_006376,214,3,442.43000000000006,3,4,2,9,Loyal Customers
cust_006378,229,1,146.38000000000002,3,2,1,6,Potential Loyalists
cust_006379,419,1,485.46,2,2,2,6,Potential Loyalists
cust_006380,295,2,631.95,2,3,3,8,Loyal Customers
cust_006381,269,2,211.69,2,3,1,6,Potential Loyalists
cust_006382,325,3,621.38,2,4,3,9,Loyal Customers
cust_006383,262,1,285.7,2,2,2,6,Potential Loyalists
cust_006386,721,1,84.19,1,2,1,4,Needs Attention
cust_006387,516,1,308.77,1,2,2,5,Needs Attention
cust_006391,70,4,1222.1200000000001,4,4,3,11,Champions
cust_006393,352,1,182.28,2,2,1,5,Needs Attention
cust_006394,449,1,2326.98,1,2,4,7,Potential Loyalists
cust_006395,479,1,271.6,1,2,2,5,Needs Attention
cust_006396,259,3,1059.54,2,4,3,9,Loyal Customers
cust_006397,517,1,80.16999999999999,1,2,1,4,Needs Attention
cust_006398,190,1,326.32,3,2,2,7,Potential Loyalists
cust_006400,106,1,98.29,3,2,1,6,Potential Loyalists
cust_006401,24,4,1223.95,4,4,3,11,Champions
cust_006402,414,1,169.57999999999998,2,2,1,5,Needs Attention
cust_006403,267,2,606.6,2,3,3,8,Loyal Customers
cust_006404,293,2,2827.68,2,3,4,9,Loyal Customers
cust_006406,232,3,4861.44,3,4,4,11,Champions
cust_006408,639,1,2972.83,1,2,4,7,Potential Loyalists
cust_006409,514,1,132.29000000000002,1,2,1,4,Needs Attention
cust_006410,74,2,3323.29,4,3,4,11,Champions
cust_006411,414,3,3457.31,2,4,4,10,Champions
cust_006412,302,2,1254.0,2,3,3,8,Loyal Customers
cust_006413,208,4,1723.5,3,4,3,10,Champions
cust_006414,325,2,675.96,2,3,3,8,Loyal Customers
cust_006416,6,4,4913.19,4,4,4,12,Champions
cust_006419,391,1,925.4,2,2,3,7,Potential Loyalists
cust_006420,648,3,3319.16,1,4,4,9,Loyal Customers
cust_006426,84,1,1333.87,4,2,3,9,Loyal Customers
cust_006429,386,2,1393.28,2,3,3,8,Loyal Customers
cust_006430,302,3,2362.77,2,4,4,10,Champions
cust_006431,203,1,229.67,3,2,1,6,Potential Loyalists
cust_006432,204,1,83.65,3,2,1,6,Potential Loyalists
cust_006435,231,1,64.77,3,2,1,6,Potential Loyalists
cust_006436,345,1,213.58,2,2,1,5,Needs Attention
cust_006437,96,4,2735.9399999999996,4,4,4,12,Champions
cust_006439,14,3,598.13,4,4,3,11,Champions
cust_006441,153,1,1756.64,3,2,3,8,Loyal Customers
cust_006445,364,2,419.12,2,3,2,7,Potential Loyalists
cust_006446,324,3,1645.8100000000002,2,4,3,9,Loyal Customers
cust_006447,174,2,264.16,3,3,2,8,Loyal Customers
cust_006448,290,1,46.7,2,2,1,5,Needs Attention
cust_006449,261,2,2090.1,2,3,4,9,Loyal Customers
cust_006450,158,3,583.64,3,4,3,10,Champions
cust_006452,622,2,527.89,1,3,2,6,Potential Loyalists
cust_006453,617,1,2438.4300000000003,1,2,4,7,Potential Loyalists
cust_006454,477,2,124.9,1,3,1,5,Needs Attention
cust_006456,473,1,1940.94,1,2,4,7,Potential Loyalists
cust_006457,19,5,1618.7,4,4,3,11,Champions
cust_006458,587,1,23.1,1,2,1,4,Needs Attention
cust_006459,713,1,1884.3,1,2,4,7,Potential Loyalists
cust_006460,118,2,284.84000000000003,3,3,2,8,Loyal Customers
cust_006461,23,2,413.37,4,3,2,9,Loyal Customers
cust_006464,1,1,399.83,4,2,2,8,Loyal Customers
cust_006465,288,1,245.71,2,2,2,6,Potential Loyalists
cust_006467,434,1,1851.46,1,2,4,7,Potential Loyalists
cust_006468,268,5,3510.49,2,4,4,10,Champions
cust_006469,27,2,3716.7,4,3,4,11,Champions
cust_006470,189,1,253.36,3,2,2,7,Potential Loyalists
cust_006471,21,2,194.19,4,3,1,8,Loyal Customers
cust_006472,61,1,468.55,4,2,2,8,Loyal Customers
cust_006474,64,3,5909.07,4,4,4,12,Champions
cust_006475,140,2,652.1500000000001,3,3,3,9,Loyal Customers
cust_006476,178,2,631.74,3,3,3,9,Loyal Customers
cust_006477,5,2,2017.9299999999998,4,3,4,11,Champions
cust_006479,656,1,1336.0400000000002,1,2,3,6,Potential Loyalists
cust_006481,4,2,2283.11,4,3,4,11,Champions
cust_006483,5,1,60.14,4,2,1,7,Potential Loyalists
cust_006484,576,1,232.96,1,2,1,4,Needs Attention
cust_006485,417,1,494.22,2,2,2,6,Potential Loyalists
cust_006486,488,1,158.97,1,2,1,4,Needs Attention
cust_006487,34,3,2442.65,4,4,4,12,Champions
cust_006488,519,1,66.28,1,2,1,4,Needs Attention
cust_006489,318,1,33.01,2,2,1,5,Needs Attention
cust_006490,287,1,1485.04,2,2,3,7,Potential Loyalists
cust_006493,502,2,379.17999999999995,1,3,2,6,Potential Loyalists
cust_006495,301,1,1535.72,2,2,3,7,Potential Loyalists
cust_006496,23,2,494.70000000000005,4,3,2,9,Loyal Customers
cust_006499,114,2,730.4200000000001,3,3,3,9,Loyal Customers
cust_006500,483,1,308.75,1,2,2,5,Needs Attention
cust_006502,244,2,1824.3400000000001,2,3,4,9,Loyal Customers
cust_006505,543,1,203.21,1,2,1,4,Needs Attention
cust_006506,39,2,415.03999999999996,4,3,2,9,Loyal Customers
cust_006507,124,2,3200.98,3,3,4,10,Champions
cust_006509,60,2,695.27,4,3,3,10,Champions
cust_006511,185,2,1332.38,3,3,3,9,Loyal Customers
cust_006512,491,1,199.27,1,2,1,4,Needs Attention
cust_006513,10,2,221.13,4,3,1,8,Loyal Customers
cust_006514,131,1,1716.41,3,2,3,8,Loyal Customers
cust_006516,383,2,691.5,2,3,3,8,Loyal Customers
cust_006519,224,3,3797.4300000000003,3,4,4,11,Champions
cust_006520,319,1,396.49,2,2,2,6,Potential Loyalists
cust_006521,447,1,139.36,1,2,1,4,Needs Attention
cust_006522,394,1,172.37,2,2,1,5,Needs Attention
cust_006523,2,3,1300.23,4,4,3,11,Champions
cust_006524,172,2,4884.97,3,3,4,10,Champions
cust_006525,220,2,2532.8100000000004,3,3,4,10,Champions
cust_006527,324,1,101.36,2,2,1,5,Needs Attention
cust_006528,120,2,288.73,3,3,2,8,Loyal Customers
cust_006530,40,2,242.75,4,3,2,9,Loyal Customers
cust_006531,413,2,320.0,2,3,2,7,Potential Loyalists
cust_006533,51,4,2647.76,4,4,4,12,Champions
cust_006534,356,1,306.22,2,2,2,6,Potential Loyalists
cust_006537,389,1,245.82,2,2,2,6,Potential Loyalists
cust_006538,43,1,433.35,4,2,2,8,Loyal Customers
cust_006539,32,4,1745.43,4,4,3,11,Champions
cust_006540,274,2,2528.97,2,3,4,9,Loyal Customers
cust_006541,266,2,1168.27,2,3,3,8,Loyal Customers
cust_006542,332,1,1224.71,2,2,3,7,Potential Loyalists
cust_006543,512,1,98.02,1,2,1,4,Needs Attention
cust_006544,544,1,189.19,1,2,1,4,Needs Attention
cust_006546,40,2,403.2,4,3,2,9,Loyal Customers
cust_006547,715,1,200.76,1,2,1,4,Needs Attention
cust_006548,134,2,1372.45,3,3,3,9,Loyal Customers
cust_006549,505,1,1920.83,1,2,4,7,Potential Loyalists
cust_006552,495,1,163.76999999999998,1,2,1,4,Needs Attention
cust_006553,22,5,1894.8,4,4,4,12,Champions
cust_006554,118,2,191.0,3,3,1,7,Potential Loyalists
cust_006555,383,1,113.08,2,2,1,5,Needs Attention
cust_006556,316,1,56.14,2,2,1,5,Needs Attention
cust_006558,205,2,954.5500000000001,3,3,3,9,Loyal Customers
cust_006559,617,2,1293.13,1,3,3,7,Potential Loyalists
cust_006560,11,2,1380.0,4,3,3,10,Champions
cust_006563,215,2,483.72,3,3,2,8,Loyal Customers
cust_006564,367,2,1605.85,2,3,3,8,Loyal Customers
cust_006565,154,2,459.49,3,3,2,8,Loyal Customers
cust_006566,75,2,456.39,4,3,2,9,Loyal Customers
cust_006567,20,1,74.75,4,2,1,7,Potential Loyalists
cust_006568,384,1,125.92,2,2,1,5,Needs Attention
cust_006569,106,1,241.44,3,2,2,7,Potential Loyalists
cust_006570,8,2,1105.37,4,3,3,10,Champions
cust_006571,25,3,1475.58,4,4,3,11,Champions
cust_006572,412,1,91.84,2,2,1,5,Needs Attention
cust_006573,178,1,850.22,3,2,3,8,Loyal Customers
cust_006574,44,3,241.61999999999998,4,4,2,10,Champions
cust_006575,33,2,1659.5,4,3,3,10,Champions
cust_006576,53,1,1801.58,4,2,4,10,Champions
cust_006578,8,2,414.72,4,3,2,9,Loyal Customers
cust_006579,598,3,1195.4,1,4,3,8,Loyal Customers
cust_006581,437,2,3410.04,1,3,4,8,Loyal Customers
cust_006582,219,2,775.98,3,3,3,9,Loyal Customers
cust_006583,182,3,2798.95,3,4,4,11,Champions
cust_006584,451,1,385.12,1,2,2,5,Needs Attention
cust_006585,46,1,1371.96,4,2,3,9,Loyal Customers
cust_006587,595,2,271.72,1,3,2,6,Potential Loyalists
cust_006588,148,3,2603.7400000000002,3,4,4,11,Champions
cust_006589,94,2,226.3,4,3,1,8,Loyal Customers
cust_006591,406,1,279.05,2,2,2,6,Potential Loyalists
cust_006592,461,1,24.37,1,2,1,4,Needs Attention
cust_006593,411,1,3564.97,2,2,4,8,Loyal Customers
cust_006594,184,2,3120.36,3,3,4,10,Champions
cust_006596,126,2,2750.12,3,3,4,10,Champions
cust_006597,686,1,509.12,1,2,2,5,Needs Attention
cust_006598,345,1,242.64,2,2,2,6,Potential Loyalists
cust_006599,252,1,741.75,2,2,3,7,Potential Loyalists
cust_006600,145,1,52.08,3,2,1,6,Potential Loyalists
cust_006601,295,1,306.17,2,2,2,6,Potential Loyalists
cust_006602,528,1,52.47,1,2,1,4,Needs Attention
cust_006603,319,1,2276.91,2,2,4,8,Loyal Customers
cust_006604,121,2,1782.12,3,3,4,10,Champions
cust_006605,199,2,1374.48,3,3,3,9,Loyal Customers
cust_006606,450,1,2374.72,1,2,4,7,Potential Loyalists
cust_006608,273,1,430.21,2,2,2,6,Potential Loyalists
cust_006609,335,4,5134.070000000001,2,4,4,10,Champions
cust_006610,79,2,3565.55,4,3,4,11,Champions
cust_006611,379,3,593.05,2,4,3,9,Loyal Customers
cust_006612,91,1,484.46,4,2,2,8,Loyal Customers
cust_006614,10,4,1008.7699999999999,4,4,3,11,Champions
cust_006615,119,2,2204.73,3,3,4,10,Champions
cust_006616,375,2,400.3,2,3,2,7,Potential Loyalists
cust_006617,7,4,1479.82,4,4,3,11,Champions
cust_006618,233,3,816.51,3,4,3,10,Champions
cust_006619,10,1,93.05,4,2,1,7,Potential Loyalists
cust_006620,293,2,484.95,2,3,2,7,Potential Loyalists
cust_006621,254,1,90.73,2,2,1,5,Needs Attention
cust_006622,373,2,1885.94,2,3,4,9,Loyal Customers
cust_006623,288,1,440.3,2,2,2,6,Potential Loyalists
cust_006626,703,1,279.04,1,2,2,5,Needs Attention
cust_006627,343,1,125.05,2,2,1,5,Needs Attention
cust_006628,298,2,276.03999999999996,2,3,2,7,Potential Loyalists
cust_006629,129,3,2312.1800000000003,3,4,4,11,Champions
cust_006630,574,1,2840.57,1,2,4,7,Potential Loyalists
cust_006632,510,2,733.57,1,3,3,7,Potential Loyalists
cust_006633,15,2,556.71,4,3,2,9,Loyal Customers
cust_006634,643,1,255.45,1,2,2,5,Needs Attention
cust_006635,316,3,697.26,2,4,3,9,Loyal Customers
cust_006636,483,2,601.04,1,3,3,7,Potential Loyalists
cust_006637,556,1,134.15,1,2,1,4,Needs Attention
cust_006638,600,2,627.48,1,3,3,7,Potential Loyalists
cust_006639,31,2,664.99,4,3,3,10,Champions
cust_006640,643,1,443.97,1,2,2,5,Needs Attention
cust_006641,351,1,104.48,2,2,1,5,Needs Attention
cust_006642,111,2,2385.01,3,3,4,10,Champions
cust_006643,440,2,500.62,1,3,2,6,Potential Loyalists
cust_006644,108,3,437.21000000000004,3,4,2,9,Loyal Customers
cust_006645,195,3,810.49,3,4,3,10,Champions
cust_006646,166,2,511.84000000000003,3,3,2,8,Loyal Customers
cust_006651,130,2,2677.71,3,3,4,10,Champions
cust_006652,178,3,1291.2,3,4,3,10,Champions
cust_006653,54,1,86.72999999999999,4,2,1,7,Potential Loyalists
cust_006654,49,1,2486.48,4,2,4,10,Champions
cust_006655,214,4,1462.46,3,4,3,10,Champions
cust_006656,116,2,742.08,3,3,3,9,Loyal Customers
cust_006657,497,1,164.74,1,2,1,4,Needs Attention
cust_006658,124,2,760.81,3,3,3,9,Loyal Customers
cust_006659,654,1,489.14,1,2,2,5,Needs Attention
cust_006661,1,1,79.29,4,2,1,7,Potential Loyalists
cust_006663,409,1,203.48,2,2,1,5,Needs Attention
cust_006665,183,3,2524.7400000000002,3,4,4,11,Champions
cust_006666,32,1,678.89,4,2,3,9,Loyal Customers
cust_006667,700,1,1037.13,1,2,3,6,Potential Loyalists
cust_006668,359,3,2830.67,2,4,4,10,Champions
cust_006671,276,2,2297.55,2,3,4,9,Loyal Customers
cust_006673,397,2,1145.8,2,3,3,8,Loyal Customers
cust_006674,483,1,231.92,1,2,1,4,Needs Attention
cust_006675,385,1,280.23,2,2,2,6,Potential Loyalists
cust_006676,669,1,81.02000000000001,1,2,1,4,Needs Attention
cust_006677,427,1,179.37,2,2,1,5,Needs Attention
cust_006678,372,1,87.38,2,2,1,5,Needs Attention
cust_006679,548,1,272.39,1,2,2,5,Needs Attention
cust_006680,276,2,1076.17,2,3,3,8,Loyal Customers
cust_006681,183,3,3123.08,3,4,4,11,Champions
cust_006683,220,5,5762.07,3,4,4,11,Champions
cust_006684,686,1,57.99,1,2,1,4,Needs Attention
cust_006686,63,2,395.55,4,3,2,9,Loyal Customers
cust_006687,541,1,2788.21,1,2,4,7,Potential Loyalists
cust_006689,392,1,457.06,2,2,2,6,Potential Loyalists
cust_006690,678,1,179.21,1,2,1,4,Needs Attention
cust_006691,218,2,773.4,3,3,3,9,Loyal Customers
cust_006693,548,1,357.17,1,2,2,5,Needs Attention
cust_006694,497,3,2192.32,1,4,4,9,Loyal Customers
cust_006695,115,1,52.44,3,2,1,6,Potential Loyalists
cust_006696,21,2,2441.45,4,3,4,11,Champions
cust_006697,22,2,5941.370000000001,4,3,4,11,Champions
cust_006701,46,2,3019.7599999999998,4,3,4,11,Champions
cust_006702,251,2,254.38,2,3,2,7,Potential Loyalists
cust_006704,11,6,5748.570000000001,4,4,4,12,Champions
cust_006707,4,1,3342.6,4,2,4,10,Champions
cust_006708,77,2,2561.72,4,3,4,11,Champions
cust_006709,57,2,193.05,4,3,1,8,Loyal Customers
cust_006710,510,1,371.11,1,2,2,5,Needs Attention
cust_006711,111,2,1937.69,3,3,4,10,Champions
cust_006713,122,1,208.25,3,2,1,6,Potential Loyalists
cust_006715,390,1,164.36,2,2,1,5,Needs Attention
cust_006716,552,1,2442.86,1,2,4,7,Potential Loyalists
cust_006718,218,2,212.8,3,3,1,7,Potential Loyalists
cust_006719,50,2,1543.1299999999999,4,3,3,10,Champions
cust_006720,364,2,2932.51,2,3,4,9,Loyal Customers
cust_006721,215,2,3371.41,3,3,4,10,Champions
cust_006722,294,2,4502.92,2,3,4,9,Loyal Customers
cust_006724,486,1,246.38,1,2,2,5,Needs Attention
cust_006726,602,2,335.74,1,3,2,6,Potential Loyalists
cust_006727,160,1,64.28,3,2,1,6,Potential Loyalists
cust_006728,645,1,1709.12,1,2,3,6,Potential Loyalists
cust_006731,61,3,4078.26,4,4,4,12,Champions
cust_006732,253,2,104.78,2,3,1,6,Potential Loyalists
cust_006733,284,1,642.01,2,2,3,7,Potential Loyalists
cust_006736,342,1,341.67,2,2,2,6,Potential Loyalists
cust_006737,416,2,3091.45,2,3,4,9,Loyal Customers
cust_006738,594,2,513.24,1,3,2,6,Potential Loyalists
cust_006739,625,1,99.13,1,2,1,4,Needs Attention
cust_006742,383,2,542.0899999999999,2,3,2,7,Potential Loyalists
cust_006743,36,1,612.15,4,2,3,9,Loyal Customers
cust_006744,464,2,2709.7,1,3,4,8,Loyal Customers
cust_006745,442,1,1720.65,1,2,3,6,Potential Loyalists
cust_006746,226,1,277.81,3,2,2,7,Potential Loyalists
cust_006747,224,2,720.2,3,3,3,9,Loyal Customers
cust_006748,42,4,4023.27,4,4,4,12,Champions
cust_006749,3,2,1804.1600000000003,4,3,4,11,Champions
cust_006751,597,1,1400.75,1,2,3,6,Potential Loyalists
cust_006752,207,3,2464.29,3,4,4,11,Champions
cust_006754,169,1,802.91,3,2,3,8,Loyal Customers
cust_006755,278,1,312.3,2,2,2,6,Potential Loyalists
cust_006758,178,1,511.82,3,2,2,7,Potential Loyalists
cust_006761,302,2,419.48,2,3,2,7,Potential Loyalists
cust_006762,387,1,88.52,2,2,1,5,Needs Attention
cust_006763,25,5,2055.48,4,4,4,12,Champions
cust_006764,266,3,3230.19,2,4,4,10,Champions
cust_006765,537,1,139.4,1,2,1,4,Needs Attention
cust_006766,18,5,5889.969999999999,4,4,4,12,Champions
cust_006767,129,1,270.07,3,2,2,7,Potential Loyalists
cust_006768,117,2,1227.6100000000001,3,3,3,9,Loyal Customers
cust_006770,13,2,550.04,4,3,2,9,Loyal Customers
cust_006771,26,2,2092.01,4,3,4,11,Champions
cust_006772,45,2,1218.5200000000002,4,3,3,10,Champions
cust_006773,593,1,107.87,1,2,1,4,Needs Attention
cust_006774,74,1,126.65,4,2,1,7,Potential Loyalists
cust_006776,398,1,254.53,2,2,2,6,Potential Loyalists
cust_006777,173,3,684.2800000000001,3,4,3,10,Champions
cust_006780,180,2,265.54,3,3,2,8,Loyal Customers
cust_006781,337,1,221.63,2,2,1,5,Needs Attention
cust_006782,180,2,491.09000000000003,3,3,2,8,Loyal Customers
cust_006783,385,2,1004.3399999999999,2,3,3,8,Loyal Customers
cust_006784,376,1,262.1,2,2,2,6,Potential Loyalists
cust_006785,39,1,1795.51,4,2,4,10,Champions
cust_006786,94,2,957.73,4,3,3,10,Champions
cust_006787,367,2,82.04,2,3,1,6,Potential Loyalists
cust_006788,272,1,2339.28,2,2,4,8,Loyal Customers
cust_006789,28,2,2524.53,4,3,4,11,Champions
cust_006791,714,1,376.87,1,2,2,5,Needs Attention
cust_006792,165,3,2938.04,3,4,4,11,Champions
cust_006793,552,2,534.03,1,3,2,6,Potential Loyalists
cust_006794,182,2,2878.1200000000003,3,3,4,10,Champions
cust_006795,506,1,207.26,1,2,1,4,Needs Attention
cust_006796,688,1,2808.48,1,2,4,7,Potential Loyalists
cust_006797,59,1,955.59,4,2,3,9,Loyal Customers
cust_006799,30,3,2146.77,4,4,4,12,Champions
cust_006800,625,1,356.03000000000003,1,2,2,5,Needs Attention
cust_006801,214,3,796.65,3,4,3,10,Champions
cust_006802,2,1,105.78,4,2,1,7,Potential Loyalists
cust_006804,225,1,377.02,3,2,2,7,Potential Loyalists
cust_006805,607,1,130.32,1,2,1,4,Needs Attention
cust_006806,190,3,1973.83,3,4,4,11,Champions
cust_006807,337,1,1274.4,2,2,3,7,Potential Loyalists
cust_006809,116,2,378.8,3,3,2,8,Loyal Customers
cust_006811,44,3,1284.75,4,4,3,11,Champions
cust_006812,485,1,150.68,1,2,1,4,Needs Attention
cust_006813,519,2,1946.6399999999999,1,3,4,8,Loyal Customers
cust_006815,131,1,303.81,3,2,2,7,Potential Loyalists
cust_006816,129,1,306.63,3,2,2,7,Potential Loyalists
cust_006818,403,2,597.73,2,3,3,8,Loyal Customers
cust_006819,513,2,198.16,1,3,1,5,Needs Attention
cust_006820,280,1,3190.92,2,2,4,8,Loyal Customers
cust_006821,592,2,2353.18,1,3,4,8,Loyal Customers
cust_006822,603,1,376.09,1,2,2,5,Needs Attention
cust_006823,21,2,2230.83,4,3,4,11,Champions
cust_006825,384,2,347.37,2,3,2,7,Potential Loyalists
cust_006827,273,1,45.26,2,2,1,5,Needs Attention
cust_006828,159,2,2911.03,3,3,4,10,Champions
cust_006829,497,1,1187.47,1,2,3,6,Potential Loyalists
cust_006830,517,1,301.02,1,2,2,5,Needs Attention
cust_006831,654,1,150.75,1,2,1,4,Needs Attention
cust_006833,287,2,441.53000000000003,2,3,2,7,Potential Loyalists
cust_006834,233,1,230.2,3,2,1,6,Potential Loyalists
cust_006837,35,4,4229.16,4,4,4,12,Champions
cust_006838,682,1,2032.45,1,2,4,7,Potential Loyalists
cust_006839,48,2,3454.83,4,3,4,11,Champions
cust_006840,47,1,431.53,4,2,2,8,Loyal Customers
cust_006841,37,2,364.86,4,3,2,9,Loyal Customers
cust_006843,24,2,466.1,4,3,2,9,Loyal Customers
cust_006845,716,1,46.39,1,2,1,4,Needs Attention
cust_006846,28,1,188.01,4,2,1,7,Potential Loyalists
cust_006849,232,2,56.67,3,3,1,7,Potential Loyalists
cust_006850,320,1,368.65,2,2,2,6,Potential Loyalists
cust_006851,120,2,1823.8999999999999,3,3,4,10,Champions
cust_006852,168,6,2473.8900000000003,3,4,4,11,Champions
cust_006853,232,1,138.58,3,2,1,6,Potential Loyalists
cust_006854,79,3,3816.96,4,4,4,12,Champions
cust_006855,208,2,3274.09,3,3,4,10,Champions
cust_006856,142,2,1010.8199999999999,3,3,3,9,Loyal Customers
cust_006857,452,1,1041.77,1,2,3,6,Potential Loyalists
cust_006858,208,2,2746.69,3,3,4,10,Champions
cust_006859,221,2,2367.33,3,3,4,10,Champions
cust_006860,146,2,2580.33,3,3,4,10,Champions
cust_006861,230,1,229.24,3,2,1,6,Potential Loyalists
cust_006862,242,4,2896.6500000000005,2,4,4,10,Champions
cust_006863,174,1,49.87,3,2,1,6,Potential Loyalists
cust_006864,401,1,1234.69,2,2,3,7,Potential Loyalists
cust_006865,326,1,2541.8,2,2,4,8,Loyal Customers
cust_006867,665,1,83.80000000000001,1,2,1,4,Needs Attention
cust_006868,23,1,101.12,4,2,1,7,Potential Loyalists
cust_006869,122,4,538.8399999999999,3,4,2,9,Loyal Customers
cust_006870,153,1,30.37,3,2,1,6,Potential Loyalists
cust_006871,567,1,117.36,1,2,1,4,Needs Attention
cust_006873,501,1,1366.02,1,2,3,6,Potential Loyalists
cust_006875,176,3,2523.1099999999997,3,4,4,11,Champions
cust_006877,595,1,1784.33,1,2,4,7,Potential Loyalists
cust_006878,566,1,81.47,1,2,1,4,Needs Attention
cust_006881,67,3,2694.8,4,4,4,12,Champions
cust_006882,256,1,977.6,2,2,3,7,Potential Loyalists
cust_006883,652,1,535.9499999999999,1,2,2,5,Needs Attention
cust_006884,245,1,1093.52,2,2,3,7,Potential Loyalists
cust_006886,696,1,76.92,1,2,1,4,Needs Attention
cust_006889,503,1,1204.58,1,2,3,6,Potential Loyalists
cust_006890,288,1,391.94,2,2,2,6,Potential Loyalists
cust_006891,137,1,282.5,3,2,2,7,Potential Loyalists
cust_006892,586,2,330.37,1,3,2,6,Potential Loyalists
cust_006893,154,2,927.1700000000001,3,3,3,9,Loyal Customers
cust_006894,195,1,79.27,3,2,1,6,Potential Loyalists
cust_006895,281,3,771.67,2,4,3,9,Loyal Customers
cust_006897,27,2,2856.27,4,3,4,11,Champions
cust_006898,601,1,247.22,1,2,2,5,Needs Attention
cust_006899,273,1,188.53,2,2,1,5,Needs Attention
cust_006900,27,2,360.90999999999997,4,3,2,9,Loyal Customers
cust_006901,341,2,1171.64,2,3,3,8,Loyal Customers
cust_006902,692,1,201.46,1,2,1,4,Needs Attention
cust_006905,274,3,402.84999999999997,2,4,2,8,Loyal Customers
cust_006906,376,2,1355.76,2,3,3,8,Loyal Customers
cust_006907,545,2,754.84,1,3,3,7,Potential Loyalists
cust_006908,227,1,71.49,3,2,1,6,Potential Loyalists
cust_006910,394,2,2683.12,2,3,4,9,Loyal Customers
cust_006911,263,2,1671.97,2,3,3,8,Loyal Customers
cust_006912,634,1,316.95,1,2,2,5,Needs Attention
cust_006915,37,2,667.42,4,3,3,10,Champions
cust_006917,30,2,1932.41,4,3,4,11,Champions
cust_006919,60,2,808.6600000000001,4,3,3,10,Champions
cust_006922,389,1,239.66,2,2,1,5,Needs Attention
cust_006923,404,1,666.4499999999999,2,2,3,7,Potential Loyalists
cust_006924,222,3,726.01,3,4,3,10,Champions
cust_006927,205,1,374.29,3,2,2,7,Potential Loyalists
cust_006928,119,3,973.59,3,4,3,10,Champions
cust_006929,387,2,3001.44,2,3,4,9,Loyal Customers
cust_006931,404,1,475.61,2,2,2,6,Potential Loyalists
cust_006935,553,1,107.45,1,2,1,4,Needs Attention
cust_006936,397,1,683.29,2,2,3,7,Potential Loyalists
cust_006937,413,2,3152.42,2,3,4,9,Loyal Customers
cust_006938,141,3,4250.87,3,4,4,11,Champions
cust_006939,401,1,129.86,2,2,1,5,Needs Attention
cust_006940,424,1,326.16,2,2,2,6,Potential Loyalists
cust_006941,32,3,1076.0,4,4,3,11,Champions
cust_006942,297,2,450.86,2,3,2,7,Potential Loyalists
cust_006943,160,3,6555.39,3,4,4,11,Champions
cust_006944,23,2,720.7700000000001,4,3,3,10,Champions
cust_006945,342,1,99.19,2,2,1,5,Needs Attention
cust_006947,334,2,2183.55,2,3,4,9,Loyal Customers
cust_006948,173,1,2157.03,3,2,4,9,Loyal Customers
cust_006949,53,3,506.36,4,4,2,10,Champions
cust_006952,307,1,253.64,2,2,2,6,Potential Loyalists
cust_006953,454,1,146.24,1,2,1,4,Needs Attention
cust_006955,168,1,201.03,3,2,1,6,Potential Loyalists
cust_006957,412,3,1587.5,2,4,3,9,Loyal Customers
cust_006960,322,2,1116.91,2,3,3,8,Loyal Customers
cust_006961,209,2,978.4100000000001,3,3,3,9,Loyal Customers
cust_006962,319,1,86.24,2,2,1,5,Needs Attention
cust_006963,124,3,835.85,3,4,3,10,Champions
cust_006964,588,1,186.11,1,2,1,4,Needs Attention
cust_006965,411,1,426.89,2,2,2,6,Potential Loyalists
cust_006966,44,2,404.84000000000003,4,3,2,9,Loyal Customers
cust_006967,414,1,1995.45,2,2,4,8,Loyal Customers
cust_006968,170,2,512.54,3,3,2,8,Loyal Customers
cust_006970,28,1,218.31,4,2,1,7,Potential Loyalists
cust_006971,314,2,390.27,2,3,2,7,Potential Loyalists
cust_006972,467,1,1838.59,1,2,4,7,Potential Loyalists
cust_006973,722,1,152.89,1,2,1,4,Needs Attention
cust_006974,677,1,2619.65,1,2,4,7,Potential Loyalists
cust_006975,208,1,1669.77,3,2,3,8,Loyal Customers
cust_006976,211,2,896.94,3,3,3,9,Loyal Customers
cust_006979,640,2,286.86,1,3,2,6,Potential Loyalists
cust_006980,19,6,1201.6100000000001,4,4,3,11,Champions
cust_006981,43,5,8278.91,4,4,4,12,Champions
cust_006982,79,2,213.87,4,3,1,8,Loyal Customers
cust_006984,471,2,1568.78,1,3,3,7,Potential Loyalists
cust_006985,84,3,980.02,4,4,3,11,Champions
cust_006986,229,2,719.0699999999999,3,3,3,9,Loyal Customers
cust_006988,94,1,110.4,4,2,1,7,Potential Loyalists
cust_006989,49,2,470.85,4,3,2,9,Loyal Customers
cust_006990,128,1,1526.16,3,2,3,8,Loyal Customers
cust_006991,602,1,231.72,1,2,1,4,Needs Attention
cust_006992,537,1,521.43,1,2,2,5,Needs Attention
cust_006993,29,2,2010.19,4,3,4,11,Champions
cust_006994,590,1,139.98000000000002,1,2,1,4,Needs Attention
cust_006995,481,1,1753.47,1,2,3,6,Potential Loyalists
cust_006996,29,3,829.86,4,4,3,11,Champions
cust_006997,172,2,2788.05,3,3,4,10,Champions
cust_006998,244,5,1459.5,2,4,3,9,Loyal Customers
cust_006999,84,5,1069.99,4,4,3,11,Champions
cust_007000,317,3,968.7600000000001,2,4,3,9,Loyal Customers
cust_007001,183,1,221.2,3,2,1,6,Potential Loyalists
cust_007002,13,5,3006.24,4,4,4,12,Champions
cust_007003,265,1,2718.56,2,2,4,8,Loyal Customers
cust_007004,125,2,200.60000000000002,3,3,1,7,Potential Loyalists
cust_007005,454,1,249.34,1,2,2,5,Needs Attention
cust_007006,453,1,45.19,1,2,1,4,Needs Attention
cust_007008,74,3,176.48000000000002,4,4,1,9,Loyal Customers
cust_007009,485,2,1064.68,1,3,3,7,Potential Loyalists
cust_007010,671,1,571.12,1,2,2,5,Needs Attention
cust_007011,34,4,501.47,4,4,2,10,Champions
cust_007012,411,1,1826.72,2,2,4,8,Loyal Customers
cust_007013,60,3,1138.4899999999998,4,4,3,11,Champions
cust_007014,20,1,77.24000000000001,4,2,1,7,Potential Loyalists
cust_007016,263,2,2375.8100000000004,2,3,4,9,Loyal Customers
cust_007017,455,1,222.76,1,2,1,4,Needs Attention
cust_007018,69,2,3030.9399999999996,4,3,4,11,Champions
cust_007021,20,1,161.81,4,2,1,7,Potential Loyalists
cust_007022,380,2,465.4,2,3,2,7,Potential Loyalists
cust_007023,202,1,113.74,3,2,1,6,Potential Loyalists
cust_007024,41,2,697.49,4,3,3,10,Champions
cust_007025,198,1,70.89,3,2,1,6,Potential Loyalists
cust_007026,620,1,126.76,1,2,1,4,Needs Attention
cust_007027,460,3,1171.79,1,4,3,8,Loyal Customers
cust_007028,470,1,204.23,1,2,1,4,Needs Attention
cust_007029,687,1,208.03,1,2,1,4,Needs Attention
cust_007031,415,2,575.69,2,3,2,7,Potential Loyalists
cust_007032,53,3,1306.29,4,4,3,11,Champions
cust_007034,253,2,323.85,2,3,2,7,Potential Loyalists
cust_007035,444,2,1804.27,1,3,4,8,Loyal Customers
cust_007036,5,3,1431.43,4,4,3,11,Champions
cust_007037,206,1,334.29,3,2,2,7,Potential Loyalists
cust_007038,307,1,428.57,2,2,2,6,Potential Loyalists
cust_007039,214,1,405.77,3,2,2,7,Potential Loyalists
cust_007041,38,4,4032.04,4,4,4,12,Champions
cust_007042,236,1,336.98,3,2,2,7,Potential Loyalists
cust_007043,448,2,823.96,1,3,3,7,Potential Loyalists
cust_007044,597,1,997.94,1,2,3,6,Potential Loyalists
cust_007045,243,2,5696.58,2,3,4,9,Loyal Customers
cust_007050,663,1,2484.62,1,2,4,7,Potential Loyalists
cust_007052,154,1,160.24,3,2,1,6,Potential Loyalists
cust_007053,584,1,552.1899999999999,1,2,2,5,Needs Attention
cust_007054,718,1,248.17,1,2,2,5,Needs Attention
cust_007055,5,2,493.88,4,3,2,9,Loyal Customers
cust_007056,619,1,62.17,1,2,1,4,Needs Attention
cust_007057,158,1,3329.8,3,2,4,9,Loyal Customers
cust_007058,460,1,222.19,1,2,1,4,Needs Attention
cust_007059,454,2,1195.43,1,3,3,7,Potential Loyalists
cust_007060,80,2,252.79999999999998,4,3,2,9,Loyal Customers
cust_007061,663,1,995.99,1,2,3,6,Potential Loyalists
cust_007062,19,4,1871.3400000000001,4,4,4,12,Champions
cust_007063,98,1,1545.58,3,2,3,8,Loyal Customers
cust_007064,155,2,432.40999999999997,3,3,2,8,Loyal Customers
cust_007065,28,1,58.41,4,2,1,7,Potential Loyalists
cust_007066,491,2,1294.41,1,3,3,7,Potential Loyalists
cust_007067,598,1,295.45,1,2,2,5,Needs Attention
cust_007069,33,5,2874.47,4,4,4,12,Champions
cust_007071,28,1,109.02,4,2,1,7,Potential Loyalists
cust_007072,714,1,71.33,1,2,1,4,Needs Attention
cust_007073,456,2,3229.6600000000003,1,3,4,8,Loyal Customers
cust_007074,281,1,37.74,2,2,1,5,Needs Attention
cust_007075,699,1,275.9,1,2,2,5,Needs Attention
cust_007076,69,1,334.09000000000003,4,2,2,8,Loyal Customers
cust_007078,621,1,347.54,1,2,2,5,Needs Attention
cust_007079,455,1,61.870000000000005,1,2,1,4,Needs Attention
cust_007080,251,3,676.48,2,4,3,9,Loyal Customers
cust_007081,216,4,953.8499999999999,3,4,3,10,Champions
cust_007082,93,5,4743.969999999999,4,4,4,12,Champions
cust_007083,217,4,634.38,3,4,3,10,Champions
cust_007084,497,1,271.39,1,2,2,5,Needs Attention
cust_007086,580,3,183.01,1,4,1,6,Potential Loyalists
cust_007088,299,2,883.26,2,3,3,8,Loyal Customers
cust_007089,577,1,34.89,1,2,1,4,Needs Attention
cust_007090,343,1,1028.83,2,2,3,7,Potential Loyalists
cust_007091,691,1,864.6899999999999,1,2,3,6,Potential Loyalists
cust_007092,178,1,1473.69,3,2,3,8,Loyal Customers
cust_007094,125,1,214.29,3,2,1,6,Potential Loyalists
cust_007095,634,1,177.26,1,2,1,4,Needs Attention
cust_007096,164,2,2781.94,3,3,4,10,Champions
cust_007097,722,1,812.14,1,2,3,6,Potential Loyalists
cust_007098,29,2,713.63,4,3,3,10,Champions
cust_007099,45,5,2436.21,4,4,4,12,Champions
cust_007101,189,1,316.59000000000003,3,2,2,7,Potential Loyalists
cust_007102,62,3,556.3499999999999,4,4,2,10,Champions
cust_007103,711,1,415.32,1,2,2,5,Needs Attention
cust_007104,53,1,175.8,4,2,1,7,Potential Loyalists
cust_007105,347,2,744.5,2,3,3,8,Loyal Customers
cust_007106,143,2,2202.9700000000003,3,3,4,10,Champions
cust_007108,414,1,171.63000000000002,2,2,1,5,Needs Attention
cust_007111,130,3,1978.99,3,4,4,11,Champions
cust_007112,522,1,693.1700000000001,1,2,3,6,Potential Loyalists
cust_007114,20,2,773.03,4,3,3,10,Champions
cust_007115,678,1,183.19,1,2,1,4,Needs Attention
cust_007116,379,1,38.88,2,2,1,5,Needs Attention
cust_007117,180,3,2004.78,3,4,4,11,Champions
cust_007118,70,1,299.42999999999995,4,2,2,8,Loyal Customers
cust_007119,181,3,2706.97,3,4,4,11,Champions
cust_007121,546,1,91.94,1,2,1,4,Needs Attention
cust_007122,57,1,1980.36,4,2,4,10,Champions
cust_007123,714,1,613.38,1,2,3,6,Potential Loyalists
cust_007124,149,3,3754.2799999999997,3,4,4,11,Champions
cust_007125,708,1,157.97,1,2,1,4,Needs Attention
cust_007126,54,2,2390.2000000000003,4,3,4,11,Champions
cust_007127,561,2,1466.34,1,3,3,7,Potential Loyalists
cust_007128,474,2,1196.0,1,3,3,7,Potential Loyalists
cust_007129,385,3,2969.32,2,4,4,10,Champions
cust_007130,151,2,327.53,3,3,2,8,Loyal Customers
cust_007131,208,1,20.39,3,2,1,6,Potential Loyalists
cust_007133,107,1,1031.96,3,2,3,8,Loyal Customers
cust_007135,46,2,2795.46,4,3,4,11,Champions
cust_007137,213,1,971.82,3,2,3,8,Loyal Customers
cust_007138,697,1,164.08,1,2,1,4,Needs Attention
cust_007140,253,3,3816.66,2,4,4,10,Champions
cust_007141,479,2,413.14,1,3,2,6,Potential Loyalists
cust_007142,50,1,206.87,4,2,1,7,Potential Loyalists
cust_007143,320,2,1422.3000000000002,2,3,3,8,Loyal Customers
cust_007145,130,2,570.39,3,3,2,8,Loyal Customers
cust_007146,215,1,88.47,3,2,1,6,Potential Loyalists
cust_007147,299,2,718.8299999999999,2,3,3,8,Loyal Customers
cust_007148,372,1,1276.14,2,2,3,7,Potential Loyalists
cust_007150,309,1,306.35,2,2,2,6,Potential Loyalists
cust_007151,128,3,827.98,3,4,3,10,Champions
cust_007154,729,1,169.15,1,2,1,4,Needs Attention
cust_007155,550,2,328.19000000000005,1,3,2,6,Potential Loyalists
cust_007156,385,2,222.12,2,3,1,6,Potential Loyalists
cust_007157,13,1,656.38,4,2,3,9,Loyal Customers
cust_007158,472,1,45.89,1,2,1,4,Needs Attention
cust_007160,43,2,172.56,4,3,1,8,Loyal Customers
cust_007161,151,2,1791.07,3,3,4,10,Champions
cust_007162,233,3,4919.43,3,4,4,11,Champions
cust_007164,199,3,458.74,3,4,2,9,Loyal Customers
cust_007165,575,1,224.07,1,2,1,4,Needs Attention
cust_007166,408,1,233.41,2,2,1,5,Needs Attention
cust_007167,475,1,50.11,1,2,1,4,Needs Attention
cust_007169,116,2,811.8499999999999,3,3,3,9,Loyal Customers
cust_007170,258,3,851.79,2,4,3,9,Loyal Customers
cust_007171,124,2,331.97,3,3,2,8,Loyal Customers
cust_007173,423,2,1882.81,2,3,4,9,Loyal Customers
cust_007174,528,1,94.24,1,2,1,4,Needs Attention
cust_007175,154,2,1932.0,3,3,4,10,Champions
cust_007176,320,1,50.3,2,2,1,5,Needs Attention
cust_007177,713,1,195.0,1,2,1,4,Needs Attention
cust_007178,283,1,32.01,2,2,1,5,Needs Attention
cust_007179,371,2,286.4,2,3,2,7,Potential Loyalists
cust_007180,464,1,305.98,1,2,2,5,Needs Attention
cust_007181,250,1,686.35,2,2,3,7,Potential Loyalists
cust_007182,391,1,93.03,2,2,1,5,Needs Attention
cust_007183,447,2,2724.6200000000003,1,3,4,8,Loyal Customers
cust_007184,522,1,153.54999999999998,1,2,1,4,Needs Attention
cust_007185,289,1,392.24,2,2,2,6,Potential Loyalists
cust_007186,152,3,813.59,3,4,3,10,Champions
cust_007187,180,2,2404.95,3,3,4,10,Champions
cust_007188,366,2,646.63,2,3,3,8,Loyal Customers
cust_007189,102,2,2572.5499999999997,3,3,4,10,Champions
cust_007190,61,4,3525.1400000000003,4,4,4,12,Champions
cust_007192,94,5,3478.66,4,4,4,12,Champions
cust_007193,484,1,1645.3000000000002,1,2,3,6,Potential Loyalists
cust_007194,677,1,139.79,1,2,1,4,Needs Attention
cust_007195,474,2,482.64,1,3,2,6,Potential Loyalists
cust_007196,376,3,1865.71,2,4,4,10,Champions
cust_007202,706,1,2530.36,1,2,4,7,Potential Loyalists
cust_007204,496,1,1570.3000000000002,1,2,3,6,Potential Loyalists
cust_007205,60,1,289.24,4,2,2,8,Loyal Customers
cust_007206,123,5,492.41,3,4,2,9,Loyal Customers
cust_007207,302,2,2219.3,2,3,4,9,Loyal Customers
cust_007208,609,1,1526.93,1,2,3,6,Potential Loyalists
cust_007209,180,2,4249.13,3,3,4,10,Champions
cust_007210,193,2,709.12,3,3,3,9,Loyal Customers
cust_007211,48,3,861.63,4,4,3,11,Champions
cust_007212,707,1,111.98,1,2,1,4,Needs Attention
cust_007213,299,1,42.15,2,2,1,5,Needs Attention
cust_007214,370,2,913.44,2,3,3,8,Loyal Customers
cust_007215,311,2,521.87,2,3,2,7,Potential Loyalists
cust_007216,461,1,83.87,1,2,1,4,Needs Attention
cust_007218,572,3,2262.38,1,4,4,9,Loyal Customers
cust_007219,221,1,2152.61,3,2,4,9,Loyal Customers
cust_007221,343,1,1051.94,2,2,3,7,Potential Loyalists
cust_007222,308,1,184.06,2,2,1,5,Needs Attention
cust_007224,207,1,50.21,3,2,1,6,Potential Loyalists
cust_007225,425,1,177.79,2,2,1,5,Needs Attention
cust_007226,81,6,7630.950000000001,4,4,4,12,Champions
cust_007227,407,1,359.66,2,2,2,6,Potential Loyalists
cust_007229,528,2,1275.1100000000001,1,3,3,7,Potential Loyalists
cust_007230,240,2,69.76,3,3,1,7,Potential Loyalists
cust_007232,183,3,433.78999999999996,3,4,2,9,Loyal Customers
cust_007233,258,1,1335.0800000000002,2,2,3,7,Potential Loyalists
cust_007234,209,1,950.78,3,2,3,8,Loyal Customers
cust_007235,85,3,2644.85,4,4,4,12,Champions
cust_007236,177,3,1830.98,3,4,4,11,Champions
cust_007237,296,2,181.85,2,3,1,6,Potential Loyalists
cust_007238,160,1,128.06,3,2,1,6,Potential Loyalists
cust_007239,60,2,225.28,4,3,1,8,Loyal Customers
cust_007240,233,5,1318.78,3,4,3,10,Champions
cust_007241,12,2,2020.56,4,3,4,11,Champions
cust_007242,594,1,325.01000000000005,1,2,2,5,Needs Attention
cust_007243,307,1,33.84,2,2,1,5,Needs Attention
cust_007244,43,3,684.79,4,4,3,11,Champions
cust_007245,628,1,231.68,1,2,1,4,Needs Attention
cust_007246,200,2,2792.2500000000005,3,3,4,10,Champions
cust_007248,105,3,1796.0600000000002,3,4,4,11,Champions
cust_007249,668,1,82.77,1,2,1,4,Needs Attention
cust_007251,164,1,64.17,3,2,1,6,Potential Loyalists
cust_007252,552,1,78.96000000000001,1,2,1,4,Needs Attention
cust_007253,53,2,1548.7599999999998,4,3,3,10,Champions
cust_007254,271,2,609.86,2,3,3,8,Loyal Customers
cust_007255,714,1,1287.2800000000002,1,2,3,6,Potential Loyalists
cust_007256,613,1,2866.57,1,2,4,7,Potential Loyalists
cust_007257,79,3,1592.29,4,4,3,11,Champions
cust_007258,325,1,58.73,2,2,1,5,Needs Attention
cust_007259,535,1,68.69,1,2,1,4,Needs Attention
cust_007260,121,2,1224.71,3,3,3,9,Loyal Customers
cust_007261,67,1,151.56,4,2,1,7,Potential Loyalists
cust_007262,37,3,1199.0500000000002,4,4,3,11,Champions
cust_007263,80,2,2998.15,4,3,4,11,Champions
cust_007264,32,2,1864.93,4,3,4,11,Champions
cust_007265,149,2,336.34,3,3,2,8,Loyal Customers
cust_007266,319,3,1126.8600000000001,2,4,3,9,Loyal Customers
cust_007269,146,3,3657.2700000000004,3,4,4,11,Champions
cust_007270,652,1,703.85,1,2,3,6,Potential Loyalists
cust_007271,261,1,3271.9700000000003,2,2,4,8,Loyal Customers
cust_007272,423,1,1972.95,2,2,4,8,Loyal Customers
cust_007273,621,1,897.39,1,2,3,6,Potential Loyalists
cust_007274,28,2,2026.1000000000001,4,3,4,11,Champions
cust_007276,207,1,160.52,3,2,1,6,Potential Loyalists
cust_007279,125,2,1547.59,3,3,3,9,Loyal Customers
cust_007280,55,3,1676.27,4,4,3,11,Champions
cust_007281,620,1,122.16,1,2,1,4,Needs Attention
cust_007282,9,3,821.99,4,4,3,11,Champions
cust_007283,3,1,172.36999999999998,4,2,1,7,Potential Loyalists
cust_007285,659,1,402.09,1,2,2,5,Needs Attention
cust_007287,519,2,3824.8100000000004,1,3,4,8,Loyal Customers
cust_007288,27,2,364.04,4,3,2,9,Loyal Customers
cust_007291,338,3,1250.56,2,4,3,9,Loyal Customers
cust_007292,221,2,3803.6,3,3,4,10,Champions
cust_007294,19,2,172.43,4,3,1,8,Loyal Customers
cust_007295,271,2,542.4499999999999,2,3,2,7,Potential Loyalists
cust_007296,401,1,207.77,2,2,1,5,Needs Attention
cust_007297,93,2,572.59,4,3,2,9,Loyal Customers
cust_007299,159,2,374.58000000000004,3,3,2,8,Loyal Customers
cust_007304,695,1,294.89,1,2,2,5,Needs Attention
cust_007308,417,1,351.88,2,2,2,6,Potential Loyalists
cust_007309,380,1,1695.3,2,2,3,7,Potential Loyalists
cust_007310,429,1,351.6,2,2,2,6,Potential Loyalists
cust_007311,19,4,7140.14,4,4,4,12,Champions
cust_007312,61,3,508.78999999999996,4,4,2,10,Champions
cust_007313,358,2,2053.12,2,3,4,9,Loyal Customers
cust_007314,91,3,351.88,4,4,2,10,Champions
cust_007318,356,1,911.19,2,2,3,7,Potential Loyalists
cust_007319,632,1,227.11,1,2,1,4,Needs Attention
cust_007320,122,2,311.49,3,3,2,8,Loyal Customers
cust_007321,559,2,335.25,1,3,2,6,Potential Loyalists
cust_007322,364,1,60.62,2,2,1,5,Needs Attention
cust_007323,606,1,309.85,1,2,2,5,Needs Attention
cust_007325,314,2,1948.8799999999999,2,3,4,9,Loyal Customers
cust_007326,385,1,2584.3100000000004,2,2,4,8,Loyal Customers
cust_007327,36,2,381.78000000000003,4,3,2,9,Loyal Customers
cust_007328,563,1,1313.1999999999998,1,2,3,6,Potential Loyalists
cust_007329,258,3,892.9000000000001,2,4,3,9,Loyal Customers
cust_007330,400,1,808.7299999999999,2,2,3,7,Potential Loyalists
cust_007331,365,3,757.36,2,4,3,9,Loyal Customers
cust_007332,112,2,1760.2799999999997,3,3,3,9,Loyal Customers
cust_007334,26,1,192.65,4,2,1,7,Potential Loyalists
cust_007336,51,2,855.42,4,3,3,10,Champions
cust_007338,151,2,1826.3999999999999,3,3,4,10,Champions
cust_007339,250,2,1499.07,2,3,3,8,Loyal Customers
cust_007340,17,3,3069.14,4,4,4,12,Champions
cust_007342,633,1,38.68000000000001,1,2,1,4,Needs Attention
cust_007343,24,1,319.57,4,2,2,8,Loyal Customers
cust_007344,652,1,391.25,1,2,2,5,Needs Attention
cust_007345,397,4,1804.52,2,4,4,10,Champions
cust_007347,247,3,761.55,2,4,3,9,Loyal Customers
cust_007349,210,1,126.79,3,2,1,6,Potential Loyalists
cust_007350,474,1,468.86,1,2,2,5,Needs Attention
cust_007351,154,2,1138.5,3,3,3,9,Loyal Customers
cust_007352,175,2,3664.9300000000003,3,3,4,10,Champions
cust_007353,638,1,101.09,1,2,1,4,Needs Attention
cust_007354,308,1,802.05,2,2,3,7,Potential Loyalists
cust_007355,263,1,245.9,2,2,2,6,Potential Loyalists
cust_007357,125,2,1729.3899999999999,3,3,3,9,Loyal Customers
cust_007358,620,2,2791.91,1,3,4,8,Loyal Customers
cust_007360,464,1,399.85,1,2,2,5,Needs Attention
cust_007361,446,1,298.90000000000003,1,2,2,5,Needs Attention
cust_007362,712,1,149.48999999999998,1,2,1,4,Needs Attention
cust_007364,144,1,250.27,3,2,2,7,Potential Loyalists
cust_007365,133,2,773.97,3,3,3,9,Loyal Customers
cust_007366,111,2,532.58,3,3,2,8,Loyal Customers
cust_007367,6,2,192.57,4,3,1,8,Loyal Customers
cust_007368,321,4,413.66999999999996,2,4,2,8,Loyal Customers
cust_007370,48,4,1564.63,4,4,3,11,Champions
cust_007371,16,2,1807.2199999999998,4,3,4,11,Champions
cust_007372,551,2,2399.1600000000003,1,3,4,8,Loyal Customers
cust_007373,177,2,783.6600000000001,3,3,3,9,Loyal Customers
cust_007374,452,2,2453.5699999999997,1,3,4,8,Loyal Customers
cust_007376,618,1,381.51,1,2,2,5,Needs Attention
cust_007377,177,2,1881.43,3,3,4,10,Champions
cust_007378,39,5,3456.22,4,4,4,12,Champions
cust_007379,2,2,1330.9,4,3,3,10,Champions
cust_007380,71,3,1622.8700000000001,4,4,3,11,Champions
cust_007381,44,3,684.25,4,4,3,11,Champions
cust_007382,145,4,1048.72,3,4,3,10,Champions
cust_007383,494,1,155.07,1,2,1,4,Needs Attention
cust_007384,76,1,186.42,4,2,1,7,Potential Loyalists
cust_007385,54,3,526.59,4,4,2,10,Champions
cust_007386,443,1,226.8,1,2,1,4,Needs Attention
cust_007388,730,1,129.72,1,2,1,4,Needs Attention
cust_007389,158,2,191.04,3,3,1,7,Potential Loyalists
cust_007390,40,1,1748.69,4,2,3,9,Loyal Customers
cust_007391,509,1,393.0,1,2,2,5,Needs Attention
cust_007392,47,4,3799.3,4,4,4,12,Champions
cust_007393,339,1,90.62,2,2,1,5,Needs Attention
cust_007394,46,4,639.76,4,4,3,11,Champions
cust_007395,669,1,25.68,1,2,1,4,Needs Attention
cust_007396,42,3,876.0600000000001,4,4,3,11,Champions
cust_007397,24,2,207.73000000000002,4,3,1,8,Loyal Customers
cust_007398,243,2,2545.1400000000003,2,3,4,9,Loyal Customers
cust_007399,52,3,1798.5500000000002,4,4,4,12,Champions
cust_007400,305,3,497.78000000000003,2,4,2,8,Loyal Customers
cust_007401,355,1,332.91,2,2,2,6,Potential Loyalists
cust_007404,370,2,241.59,2,3,2,7,Potential Loyalists
cust_007406,283,1,676.6500000000001,2,2,3,7,Potential Loyalists
cust_007407,353,2,1462.9299999999998,2,3,3,8,Loyal Customers
cust_007408,67,2,1733.47,4,3,3,10,Champions
cust_007409,57,2,431.78,4,3,2,9,Loyal Customers
cust_007410,165,2,778.9300000000001,3,3,3,9,Loyal Customers
cust_007411,705,1,74.53999999999999,1,2,1,4,Needs Attention
cust_007412,175,1,190.25,3,2,1,6,Potential Loyalists
cust_007413,519,1,1966.44,1,2,4,7,Potential Loyalists
cust_007415,85,2,1955.26,4,3,4,11,Champions
cust_007416,476,1,64.21,1,2,1,4,Needs Attention
cust_007418,491,2,312.03,1,3,2,6,Potential Loyalists
cust_007419,48,2,591.9200000000001,4,3,3,10,Champions
cust_007420,177,3,477.12,3,4,2,9,Loyal Customers
cust_007421,371,2,745.38,2,3,3,8,Loyal Customers
cust_007422,74,3,367.48,4,4,2,10,Champions
cust_007423,434,2,2946.53,1,3,4,8,Loyal Customers
cust_007424,657,1,103.96,1,2,1,4,Needs Attention
cust_007425,209,2,126.56,3,3,1,7,Potential Loyalists
cust_007426,19,1,1947.87,4,2,4,10,Champions
cust_007427,509,2,600.14,1,3,3,7,Potential Loyalists
cust_007429,118,2,494.70000000000005,3,3,2,8,Loyal Customers
cust_007430,74,2,2850.28,4,3,4,11,Champions
cust_007431,254,1,226.92,2,2,1,5,Needs Attention
cust_007432,127,3,882.03,3,4,3,10,Champions
cust_007433,231,3,807.49,3,4,3,10,Champions
cust_007434,725,1,121.35,1,2,1,4,Needs Attention
cust_007435,512,1,60.05,1,2,1,4,Needs Attention
cust_007436,391,2,2221.37,2,3,4,9,Loyal Customers
cust_007437,339,2,190.43,2,3,1,6,Potential Loyalists
cust_007440,1,2,6008.3,4,3,4,11,Champions
cust_007441,551,1,774.83,1,2,3,6,Potential Loyalists
cust_007444,516,1,154.27,1,2,1,4,Needs Attention
cust_007445,339,1,218.86,2,2,1,5,Needs Attention
cust_007446,288,4,1070.95,2,4,3,9,Loyal Customers
cust_007447,667,1,180.53,1,2,1,4,Needs Attention
cust_007448,338,1,139.04,2,2,1,5,Needs Attention
cust_007449,308,1,1435.28,2,2,3,7,Potential Loyalists
cust_007450,42,3,1975.08,4,4,4,12,Champions
cust_007451,397,1,221.28,2,2,1,5,Needs Attention
cust_007452,619,1,134.54,1,2,1,4,Needs Attention
cust_007453,451,1,976.81,1,2,3,6,Potential Loyalists
cust_007454,161,1,1117.97,3,2,3,8,Loyal Customers
cust_007455,425,1,99.86,2,2,1,5,Needs Attention
cust_007456,385,1,98.62,2,2,1,5,Needs Attention
cust_007460,375,1,2487.23,2,2,4,8,Loyal Customers
cust_007461,46,1,312.28,4,2,2,8,Loyal Customers
cust_007462,251,1,1576.34,2,2,3,7,Potential Loyalists
cust_007463,415,1,1072.16,2,2,3,7,Potential Loyalists
cust_007464,423,1,419.87,2,2,2,6,Potential Loyalists
cust_007465,46,2,2354.76,4,3,4,11,Champions
cust_007467,228,1,224.29,3,2,1,6,Potential Loyalists
cust_007468,360,2,315.01,2,3,2,7,Potential Loyalists
cust_007469,622,1,79.91000000000001,1,2,1,4,Needs Attention
cust_007470,206,3,3710.81,3,4,4,11,Champions
cust_007471,238,1,2944.86,3,2,4,9,Loyal Customers
cust_007472,719,1,1893.41,1,2,4,7,Potential Loyalists
cust_007473,558,1,218.56,1,2,1,4,Needs Attention
cust_007475,613,1,439.95,1,2,2,5,Needs Attention
cust_007478,47,3,605.0,4,4,3,11,Champions
cust_007479,303,2,593.94,2,3,3,8,Loyal Customers
cust_007480,621,2,717.14,1,3,3,7,Potential Loyalists
cust_007481,555,1,652.0699999999999,1,2,3,6,Potential Loyalists
cust_007482,94,1,110.62,4,2,1,7,Potential Loyalists
cust_007483,35,2,1176.77,4,3,3,10,Champions
cust_007485,432,3,1126.5900000000001,1,4,3,8,Loyal Customers
cust_007486,322,1,74.39,2,2,1,5,Needs Attention
cust_007487,368,1,131.98000000000002,2,2,1,5,Needs Attention
cust_007489,47,2,869.15,4,3,3,10,Champions
cust_007490,271,2,2658.25,2,3,4,9,Loyal Customers
cust_007491,418,1,1055.5,2,2,3,7,Potential Loyalists
cust_007492,578,1,1754.79,1,2,3,6,Potential Loyalists
cust_007493,137,2,726.94,3,3,3,9,Loyal Customers
cust_007494,165,2,190.95,3,3,1,7,Potential Loyalists
cust_007496,316,1,217.38,2,2,1,5,Needs Attention
cust_007498,41,2,938.8599999999999,4,3,3,10,Champions
cust_007500,138,1,394.93,3,2,2,7,Potential Loyalists
cust_007501,181,2,1905.1699999999998,3,3,4,10,Champions
cust_007503,610,1,1629.13,1,2,3,6,Potential Loyalists
cust_007504,25,2,676.55,4,3,3,10,Champions
cust_007505,161,1,25.93,3,2,1,6,Potential Loyalists
cust_007506,569,1,164.84,1,2,1,4,Needs Attention
cust_007507,345,1,3484.9300000000003,2,2,4,8,Loyal Customers
cust_007508,718,1,40.74,1,2,1,4,Needs Attention
cust_007509,37,2,336.98,4,3,2,9,Loyal Customers
cust_007511,89,2,1977.23,4,3,4,11,Champions
cust_007512,470,1,268.73,1,2,2,5,Needs Attention
cust_007513,371,1,86.36,2,2,1,5,Needs Attention
cust_007514,618,1,203.62,1,2,1,4,Needs Attention
cust_007517,230,1,501.11,3,2,2,7,Potential Loyalists
cust_007519,215,3,1165.98,3,4,3,10,Champions
cust_007520,477,1,1437.61,1,2,3,6,Potential Loyalists
cust_007521,114,1,138.78,3,2,1,6,Potential Loyalists
cust_007522,9,2,439.75,4,3,2,9,Loyal Customers
cust_007523,305,1,2222.13,2,2,4,8,Loyal Customers
cust_007525,489,1,476.35,1,2,2,5,Needs Attention
cust_007526,333,3,1207.65,2,4,3,9,Loyal Customers
cust_007527,263,1,175.89,2,2,1,5,Needs Attention
cust_007529,193,2,310.71000000000004,3,3,2,8,Loyal Customers
cust_007531,296,3,2021.2700000000002,2,4,4,10,Champions
cust_007532,246,1,272.35,2,2,2,6,Potential Loyalists
cust_007533,117,1,99.33,3,2,1,6,Potential Loyalists
cust_007535,638,1,209.61,1,2,1,4,Needs Attention
cust_007537,28,1,158.75,4,2,1,7,Potential Loyalists
cust_007538,1,1,325.89,4,2,2,8,Loyal Customers
cust_007540,542,2,1051.78,1,3,3,7,Potential Loyalists
cust_007541,646,2,418.17,1,3,2,6,Potential Loyalists
cust_007542,646,1,319.85,1,2,2,5,Needs Attention
cust_007543,238,3,2131.23,3,4,4,11,Champions
cust_007544,23,3,836.9000000000001,4,4,3,11,Champions
cust_007545,104,2,368.43,3,3,2,8,Loyal Customers
cust_007546,126,2,1048.77,3,3,3,9,Loyal Customers
cust_007547,524,1,216.76,1,2,1,4,Needs Attention
cust_007548,22,3,3101.4400000000005,4,4,4,12,Champions
cust_007549,52,2,2475.11,4,3,4,11,Champions
cust_007550,419,1,201.82,2,2,1,5,Needs Attention
cust_007552,545,1,64.09,1,2,1,4,Needs Attention
cust_007554,521,1,53.01,1,2,1,4,Needs Attention
cust_007555,398,1,267.41,2,2,2,6,Potential Loyalists
cust_007556,503,2,934.9199999999998,1,3,3,7,Potential Loyalists
cust_007557,124,2,264.94,3,3,2,8,Loyal Customers
cust_007560,190,2,419.99,3,3,2,8,Loyal Customers
cust_007561,98,2,1354.6200000000001,3,3,3,9,Loyal Customers
cust_007562,593,1,1642.71,1,2,3,6,Potential Loyalists
cust_007564,343,1,212.75,2,2,1,5,Needs Attention
cust_007565,108,1,1514.32,3,2,3,8,Loyal Customers
cust_007566,46,1,110.49,4,2,1,7,Potential Loyalists
cust_007568,3,1,3007.86,4,2,4,10,Champions
cust_007569,329,1,29.55,2,2,1,5,Needs Attention
cust_007570,66,3,2214.48,4,4,4,12,Champions
cust_007572,216,1,516.39,3,2,2,7,Potential Loyalists
cust_007573,309,1,240.5,2,2,1,5,Needs Attention
cust_007574,379,3,1309.05,2,4,3,9,Loyal Customers
cust_007575,679,1,292.32000000000005,1,2,2,5,Needs Attention
cust_007576,236,1,2434.9,3,2,4,9,Loyal Customers
cust_007577,56,1,755.62,4,2,3,9,Loyal Customers
cust_007579,139,2,810.3,3,3,3,9,Loyal Customers
cust_007581,328,1,277.19,2,2,2,6,Potential Loyalists
cust_007586,414,1,2039.09,2,2,4,8,Loyal Customers
cust_007587,699,2,2489.17,1,3,4,8,Loyal Customers
cust_007590,483,1,133.2,1,2,1,4,Needs Attention
cust_007593,30,1,430.88,4,2,2,8,Loyal Customers
cust_007594,111,2,2555.9700000000003,3,3,4,10,Champions
cust_007595,421,2,3105.12,2,3,4,9,Loyal Customers
cust_007596,495,1,122.65,1,2,1,4,Needs Attention
cust_007597,392,1,1762.31,2,2,3,7,Potential Loyalists
cust_007598,430,1,1743.0400000000002,2,2,3,7,Potential Loyalists
cust_007600,230,1,3064.75,3,2,4,9,Loyal Customers
cust_007601,114,2,627.45,3,3,3,9,Loyal Customers
cust_007602,529,1,464.61,1,2,2,5,Needs Attention
cust_007604,311,2,1427.42,2,3,3,8,Loyal Customers
cust_007605,221,3,5249.57,3,4,4,11,Champions
cust_007607,27,3,813.61,4,4,3,11,Champions
cust_007609,503,1,90.89,1,2,1,4,Needs Attention
cust_007610,268,2,1332.82,2,3,3,8,Loyal Customers
cust_007611,74,2,3714.1,4,3,4,11,Champions
cust_007612,346,2,608.03,2,3,3,8,Loyal Customers
cust_007614,349,3,6503.48,2,4,4,10,Champions
cust_007616,61,3,399.74,4,4,2,10,Champions
cust_007617,30,1,278.21,4,2,2,8,Loyal Customers
cust_007618,567,1,144.7,1,2,1,4,Needs Attention
cust_007619,44,5,1318.69,4,4,3,11,Champions
cust_007620,351,1,236.99,2,2,1,5,Needs Attention
cust_007621,681,1,98.61,1,2,1,4,Needs Attention
cust_007622,13,1,3522.98,4,2,4,10,Champions
cust_007623,258,1,173.99,2,2,1,5,Needs Attention
cust_007624,417,1,102.03,2,2,1,5,Needs Attention
cust_007629,215,2,1171.36,3,3,3,9,Loyal Customers
cust_007630,135,5,1431.73,3,4,3,10,Champions
cust_007631,74,3,1218.5,4,4,3,11,Champions
cust_007632,478,2,1270.57,1,3,3,7,Potential Loyalists
cust_007633,186,1,131.34,3,2,1,6,Potential Loyalists
cust_007634,304,1,365.13,2,2,2,6,Potential Loyalists
cust_007635,64,3,294.86,4,4,2,10,Champions
cust_007636,152,1,1230.1,3,2,3,8,Loyal Customers
cust_007637,41,3,503.57000000000005,4,4,2,10,Champions
cust_007638,449,1,144.2,1,2,1,4,Needs Attention
cust_007640,1,1,2030.9,4,2,4,10,Champions
cust_007641,117,4,3741.9400000000005,3,4,4,11,Champions
cust_007642,45,2,320.49,4,3,2,9,Loyal Customers
cust_007643,4,2,1476.6100000000001,4,3,3,10,Champions
cust_007644,260,3,415.39,2,4,2,8,Loyal Customers
cust_007645,310,1,409.82,2,2,2,6,Potential Loyalists
cust_007647,214,2,733.28,3,3,3,9,Loyal Customers
cust_007648,223,1,167.52999999999997,3,2,1,6,Potential Loyalists
cust_007650,253,1,73.7,2,2,1,5,Needs Attention
cust_007651,209,2,914.21,3,3,3,9,Loyal Customers
cust_007652,529,1,850.79,1,2,3,6,Potential Loyalists
cust_007653,659,1,2112.1800000000003,1,2,4,7,Potential Loyalists
cust_007657,414,3,3665.01,2,4,4,10,Champions
cust_007658,645,1,792.97,1,2,3,6,Potential Loyalists
cust_007659,275,1,298.59,2,2,2,6,Potential Loyalists
cust_007661,712,1,964.3,1,2,3,6,Potential Loyalists
cust_007663,147,1,86.84,3,2,1,6,Potential Loyalists
cust_007664,460,1,26.32,1,2,1,4,Needs Attention
cust_007666,546,1,107.36,1,2,1,4,Needs Attention
cust_007667,586,1,121.99,1,2,1,4,Needs Attention
cust_007668,220,1,708.62,3,2,3,8,Loyal Customers
cust_007669,374,2,2543.21,2,3,4,9,Loyal Customers
cust_007670,183,3,4883.06,3,4,4,11,Champions
cust_007673,423,1,654.35,2,2,3,7,Potential Loyalists
cust_007674,170,3,503.83000000000004,3,4,2,9,Loyal Customers
cust_007675,76,2,2444.2,4,3,4,11,Champions
cust_007678,133,3,1332.35,3,4,3,10,Champions
cust_007679,152,2,402.69,3,3,2,8,Loyal Customers
cust_007680,26,1,402.2,4,2,2,8,Loyal Customers
cust_007683,492,1,253.29,1,2,2,5,Needs Attention
cust_007684,188,1,86.13000000000001,3,2,1,6,Potential Loyalists
cust_007686,102,3,957.18,3,4,3,10,Champions
cust_007687,426,1,91.5,2,2,1,5,Needs Attention
cust_007688,598,1,54.7,1,2,1,4,Needs Attention
cust_007689,221,2,1791.28,3,3,4,10,Champions
cust_007690,513,2,3490.52,1,3,4,8,Loyal Customers
cust_007692,90,2,3168.78,4,3,4,11,Champions
cust_007693,222,3,5959.46,3,4,4,11,Champions
cust_007694,4,3,735.8400000000001,4,4,3,11,Champions
cust_007697,273,3,1149.0500000000002,2,4,3,9,Loyal Customers
cust_007699,129,1,86.65,3,2,1,6,Potential Loyalists
cust_007701,351,3,1365.28,2,4,3,9,Loyal Customers
cust_007702,623,1,1740.77,1,2,3,6,Potential Loyalists
cust_007703,189,1,1970.6,3,2,4,9,Loyal Customers
cust_007704,498,2,828.06,1,3,3,7,Potential Loyalists
cust_007705,11,3,838.28,4,4,3,11,Champions
cust_007706,110,1,486.54,3,2,2,7,Potential Loyalists
cust_007707,238,1,440.58,3,2,2,7,Potential Loyalists
cust_007709,725,1,523.2099999999999,1,2,2,5,Needs Attention
cust_007710,100,3,746.1,3,4,3,10,Champions
cust_007711,172,1,272.72,3,2,2,7,Potential Loyalists
cust_007714,210,3,2254.2599999999998,3,4,4,11,Champions
cust_007715,38,3,3202.5299999999997,4,4,4,12,Champions
cust_007716,628,1,832.68,1,2,3,6,Potential Loyalists
cust_007718,215,3,3411.3,3,4,4,11,Champions
cust_007720,69,1,1740.63,4,2,3,9,Loyal Customers
cust_007721,396,1,68.35,2,2,1,5,Needs Attention
cust_007723,269,2,318.66,2,3,2,7,Potential Loyalists
cust_007725,204,1,139.74,3,2,1,6,Potential Loyalists
cust_007727,324,6,8591.529999999999,2,4,4,10,Champions
cust_007728,730,1,72.28,1,2,1,4,Needs Attention
cust_007730,74,4,4385.889999999999,4,4,4,12,Champions
cust_007734,223,3,2541.49,3,4,4,11,Champions
cust_007736,297,2,217.74,2,3,1,6,Potential Loyalists
cust_007737,86,3,3977.46,4,4,4,12,Champions
cust_007739,103,1,109.63,3,2,1,6,Potential Loyalists
cust_007740,409,2,89.08,2,3,1,6,Potential Loyalists
cust_007741,149,2,2176.65,3,3,4,10,Champions
cust_007742,142,2,1209.49,3,3,3,9,Loyal Customers
cust_007743,235,2,352.79999999999995,3,3,2,8,Loyal Customers
cust_007746,134,2,435.14,3,3,2,8,Loyal Customers
cust_007749,258,1,121.3,2,2,1,5,Needs Attention
cust_007750,168,2,344.62,3,3,2,8,Loyal Customers
cust_007751,191,1,688.33,3,2,3,8,Loyal Customers
cust_007754,199,2,2601.14,3,3,4,10,Champions
cust_007755,51,1,493.45,4,2,2,8,Loyal Customers
cust_007756,47,2,298.32,4,3,2,9,Loyal Customers
cust_007758,1,4,601.03,4,4,3,11,Champions
cust_007759,371,2,1821.96,2,3,4,9,Loyal Customers
cust_007761,594,1,183.97,1,2,1,4,Needs Attention
cust_007762,450,1,1489.16,1,2,3,6,Potential Loyalists
cust_007763,199,1,55.37,3,2,1,6,Potential Loyalists
cust_007764,34,1,51.49,4,2,1,7,Potential Loyalists
cust_007766,354,2,879.1300000000001,2,3,3,8,Loyal Customers
cust_007767,237,1,1372.32,3,2,3,8,Loyal Customers
cust_007768,527,2,981.25,1,3,3,7,Potential Loyalists
cust_007769,9,3,2736.17,4,4,4,12,Champions
cust_007770,247,2,3550.01,2,4,4,10,Champions
cust_007771,362,1,276.5,2,2,2,6,Potential Loyalists
cust_007773,603,1,281.11,1,2,2,5,Needs Attention
cust_007774,143,1,219.34,3,2,1,6,Potential Loyalists
cust_007776,39,3,565.59,4,4,2,10,Champions
cust_007777,127,3,1151.21,3,4,3,10,Champions
cust_007778,16,3,2615.84,4,4,4,12,Champions
cust_007783,88,2,4353.72,4,4,4,12,Champions
cust_007785,521,1,855.4399999999999,1,2,3,6,Potential Loyalists
cust_007786,449,1,330.03000000000003,1,2,2,5,Needs Attention
cust_007787,437,1,260.32,1,2,2,5,Needs Attention
cust_007788,405,2,2196.3399999999997,2,4,4,10,Champions
cust_007789,103,2,3051.1700000000005,3,4,4,11,Champions
cust_007790,105,2,298.6,3,4,2,9,Loyal Customers
cust_007791,367,1,2919.08,2,2,4,8,Loyal Customers
cust_007795,268,3,365.43,2,4,2,8,Loyal Customers
cust_007797,6,1,26.72,4,2,1,7,Potential Loyalists
cust_007798,10,2,1119.1299999999999,4,4,3,11,Champions
cust_007799,322,1,76.45,2,2,1,5,Needs Attention
cust_007802,408,1,768.8299999999999,2,2,3,7,Potential Loyalists
cust_007803,334,2,1510.67,2,4,3,9,Loyal Customers
cust_007804,100,4,837.27,3,4,3,10,Champions
cust_007805,132,1,289.05,3,2,2,7,Potential Loyalists
cust_007806,46,1,1122.35,4,2,3,9,Loyal Customers
cust_007807,199,1,139.35,3,2,1,6,Potential Loyalists
cust_007810,283,1,711.21,2,2,3,7,Potential Loyalists
cust_007812,24,2,1943.06,4,4,4,12,Champions
cust_007813,11,4,3104.35,4,4,4,12,Champions
cust_007815,497,1,174.06,1,2,1,4,Needs Attention
cust_007816,280,1,1457.05,2,2,3,7,Potential Loyalists
cust_007817,50,1,108.19,4,2,1,7,Potential Loyalists
cust_007818,532,1,121.14,1,2,1,4,Needs Attention
cust_007819,523,1,1158.14,1,2,3,6,Potential Loyalists
cust_007820,224,2,1632.52,3,4,3,10,Champions
cust_007822,489,1,98.09,1,2,1,4,Needs Attention
cust_007823,169,2,1892.1200000000001,3,4,4,11,Champions
cust_007824,155,2,725.19,3,4,3,10,Champions
cust_007825,19,2,1203.24,4,4,3,11,Champions
cust_007827,53,1,319.5,4,2,2,8,Loyal Customers
cust_007829,40,2,564.5,4,4,2,10,Champions
cust_007830,8,3,445.70000000000005,4,4,2,10,Champions
cust_007832,12,2,325.77,4,4,2,10,Champions
cust_007833,61,6,2722.07,4,4,4,12,Champions
cust_007835,621,2,224.89,1,4,1,6,Potential Loyalists
cust_007836,417,2,1798.35,2,4,4,10,Champions
cust_007837,521,2,936.21,1,4,3,8,Loyal Customers
cust_007838,599,1,2308.9100000000003,1,2,4,7,Potential Loyalists
cust_007842,291,2,336.64,2,4,2,8,Loyal Customers
cust_007843,24,2,590.54,4,4,3,11,Champions
cust_007844,181,1,349.48,3,2,2,7,Potential Loyalists
cust_007845,13,2,463.52,4,4,2,10,Champions
cust_007846,662,2,4108.4400000000005,1,4,4,9,Loyal Customers
cust_007847,137,1,135.08,3,2,1,6,Potential Loyalists
cust_007848,47,3,735.04,4,4,3,11,Champions
cust_007849,62,4,1386.8600000000001,4,4,3,11,Champions
cust_007850,599,1,148.06,1,2,1,4,Needs Attention
cust_007851,81,2,588.92,4,4,3,11,Champions
cust_007852,668,1,2865.38,1,2,4,7,Potential Loyalists
cust_007853,309,1,2346.3,2,2,4,8,Loyal Customers
cust_007854,185,1,50.33,3,2,1,6,Potential Loyalists
cust_007855,668,1,75.12,1,2,1,4,Needs Attention
cust_007856,26,2,553.09,4,4,2,10,Champions
cust_007857,305,3,764.84,2,4,3,9,Loyal Customers
cust_007858,344,1,362.94,2,2,2,6,Potential Loyalists
cust_007859,214,1,29.61,3,2,1,6,Potential Loyalists
cust_007860,86,2,2060.83,4,4,4,12,Champions
cust_007862,387,1,1344.7099999999998,2,2,3,7,Potential Loyalists
cust_007863,376,2,1065.46,2,4,3,9,Loyal Customers
cust_007864,335,1,226.55,2,2,1,5,Needs Attention
cust_007865,105,2,426.85,3,4,2,9,Loyal Customers
cust_007866,162,2,656.6999999999999,3,4,3,10,Champions
cust_007867,87,5,1692.44,4,4,3,11,Champions
cust_007868,489,1,176.34,1,2,1,4,Needs Attention
cust_007869,168,3,3291.79,3,4,4,11,Champions
cust_007870,256,1,202.53,2,2,1,5,Needs Attention
cust_007871,149,2,254.71,3,4,2,9,Loyal Customers
cust_007872,18,1,190.17,4,2,1,7,Potential Loyalists
cust_007874,286,1,132.32,2,2,1,5,Needs Attention
cust_007875,166,2,1077.82,3,4,3,10,Champions
cust_007876,169,4,3570.97,3,4,4,11,Champions
cust_007878,35,2,865.64,4,4,3,11,Champions
cust_007879,284,1,113.11,2,2,1,5,Needs Attention
cust_007880,544,2,3365.37,1,4,4,9,Loyal Customers
cust_007887,190,2,656.51,3,4,3,10,Champions
cust_007888,730,1,228.55,1,2,1,4,Needs Attention
cust_007890,236,2,804.8800000000001,3,4,3,10,Champions
cust_007891,615,2,690.96,1,4,3,8,Loyal Customers
cust_007892,227,3,488.47999999999996,3,4,2,9,Loyal Customers
cust_007893,355,1,463.65,2,2,2,6,Potential Loyalists
cust_007894,17,1,1465.78,4,2,3,9,Loyal Customers
cust_007896,493,2,1206.19,1,4,3,8,Loyal Customers
cust_007897,212,2,644.7,3,4,3,10,Champions
cust_007898,703,1,1580.3000000000002,1,2,3,6,Potential Loyalists
cust_007899,501,1,229.81,1,2,1,4,Needs Attention
cust_007901,80,2,952.14,4,4,3,11,Champions
cust_007902,399,3,4804.66,2,4,4,10,Champions
cust_007903,155,2,393.47,3,4,2,9,Loyal Customers
cust_007904,460,3,455.78,1,4,2,7,Potential Loyalists
cust_007905,36,1,141.53,4,2,1,7,Potential Loyalists
cust_007906,46,2,397.79,4,4,2,10,Champions
cust_007909,519,1,699.4699999999999,1,2,3,6,Potential Loyalists
cust_007910,155,3,2060.9,3,4,4,11,Champions
cust_007913,120,2,3888.9800000000005,3,4,4,11,Champions
cust_007915,255,1,2853.8,2,2,4,8,Loyal Customers
cust_007916,422,1,267.91,2,2,2,6,Potential Loyalists
cust_007919,24,1,288.58,4,2,2,8,Loyal Customers
cust_007922,531,1,482.23,1,2,2,5,Needs Attention
cust_007923,10,1,258.6,4,2,2,8,Loyal Customers
cust_007925,164,1,230.44,3,2,1,6,Potential Loyalists
cust_007926,517,2,1836.1,1,4,4,9,Loyal Customers
cust_007927,14,3,2485.9900000000002,4,4,4,12,Champions
cust_007928,54,4,969.52,4,4,3,11,Champions
cust_007929,257,1,102.2,2,2,1,5,Needs Attention
cust_007933,229,4,247.21,3,4,2,9,Loyal Customers
cust_007935,281,1,353.12,2,2,2,6,Potential Loyalists
cust_007937,215,1,203.5,3,2,1,6,Potential Loyalists
cust_007938,440,3,1589.23,1,4,3,8,Loyal Customers
cust_007939,75,4,2745.44,4,4,4,12,Champions
cust_007940,384,1,84.03,2,2,1,5,Needs Attention
cust_007941,469,1,1745.79,1,2,3,6,Potential Loyalists
cust_007942,38,2,592.83,4,4,3,11,Champions
cust_007943,33,2,3391.83,4,4,4,12,Champions
cust_007947,472,1,223.86,1,2,1,4,Needs Attention
cust_007950,648,2,674.09,1,4,3,8,Loyal Customers
cust_007951,55,3,4551.08,4,4,4,12,Champions
cust_007952,8,2,1942.86,4,4,4,12,Champions
cust_007953,214,2,118.68,3,4,1,8,Loyal Customers
cust_007954,389,2,274.87,2,4,2,8,Loyal Customers
cust_007956,139,3,610.7,3,4,3,10,Champions
cust_007957,143,3,386.71,3,4,2,9,Loyal Customers
cust_007959,175,2,1515.61,3,4,3,10,Champions
cust_007960,317,2,1819.93,2,4,4,10,Champions
cust_007961,142,3,515.94,3,4,2,9,Loyal Customers
cust_007962,60,3,310.48,4,4,2,10,Champions
cust_007963,576,1,540.4899999999999,1,2,2,5,Needs Attention
cust_007964,694,1,83.93,1,2,1,4,Needs Attention
cust_007965,49,2,1656.5,4,4,3,11,Champions
cust_007966,133,1,70.8,3,2,1,6,Potential Loyalists
cust_007967,186,2,427.29999999999995,3,4,2,9,Loyal Customers
cust_007968,727,1,96.81,1,2,1,4,Needs Attention
cust_007970,57,6,4395.88,4,4,4,12,Champions
cust_007971,497,1,160.54,1,2,1,4,Needs Attention
cust_007972,18,4,2664.88,4,4,4,12,Champions
cust_007973,217,3,705.72,3,4,3,10,Champions
cust_007975,236,1,176.05,3,2,1,6,Potential Loyalists
cust_007977,425,1,1609.23,2,2,3,7,Potential Loyalists
cust_007978,657,1,88.94000000000001,1,2,1,4,Needs Attention
cust_007979,39,4,4116.75,4,4,4,12,Champions
cust_007980,30,3,437.9,4,4,2,10,Champions
cust_007981,50,1,138.82999999999998,4,2,1,7,Potential Loyalists
cust_007982,18,5,5058.9800000000005,4,4,4,12,Champions
cust_007984,181,3,1608.55,3,4,3,10,Champions
cust_007986,1,2,829.04,4,4,3,11,Champions
cust_007987,403,2,1932.5700000000002,2,4,4,10,Champions
cust_007988,587,1,579.21,1,2,2,5,Needs Attention
cust_007989,220,3,628.91,3,4,3,10,Champions
cust_007990,306,2,2700.78,2,4,4,10,Champions
cust_007991,295,1,209.79,2,2,1,5,Needs Attention
cust_007992,29,2,194.79000000000002,4,4,1,9,Loyal Customers
cust_007993,489,2,309.23,1,4,2,7,Potential Loyalists
cust_007994,57,1,41.41,4,2,1,7,Potential Loyalists
cust_007995,106,1,170.06,3,2,1,6,Potential Loyalists
cust_007996,75,2,2235.1800000000003,4,4,4,12,Champions
cust_007997,467,1,238.62,1,2,1,4,Needs Attention
cust_007999,379,2,1612.42,2,4,3,9,Loyal Customers
cust_008000,469,1,424.99,1,2,2,5,Needs Attention
cust_008001,365,3,522.0999999999999,2,4,2,8,Loyal Customers
cust_008002,97,3,1131.61,3,4,3,10,Champions
cust_008003,357,1,53.95,2,2,1,5,Needs Attention
cust_008004,19,2,3082.1299999999997,4,4,4,12,Champions
cust_008005,460,1,161.01999999999998,1,2,1,4,Needs Attention
cust_008006,478,2,2559.96,1,4,4,9,Loyal Customers
cust_008007,230,5,2906.3500000000004,3,4,4,11,Champions
cust_008009,307,1,1382.26,2,2,3,7,Potential Loyalists
cust_008010,509,1,215.25,1,2,1,4,Needs Attention
cust_008011,12,1,76.03,4,2,1,7,Potential Loyalists
cust_008012,589,1,486.81,1,2,2,5,Needs Attention
cust_008014,38,3,1303.98,4,4,3,11,Champions
cust_008015,166,3,746.17,3,4,3,10,Champions
cust_008016,277,2,774.59,2,4,3,9,Loyal Customers
cust_008017,260,3,387.57,2,4,2,8,Loyal Customers
cust_008021,376,2,648.1800000000001,2,4,3,9,Loyal Customers
cust_008022,368,2,1334.41,2,4,3,9,Loyal Customers
cust_008023,708,1,1036.49,1,2,3,6,Potential Loyalists
cust_008024,551,2,1902.7600000000002,1,4,4,9,Loyal Customers
cust_008026,214,2,2320.18,3,4,4,11,Champions
cust_008027,725,1,1050.8,1,2,3,6,Potential Loyalists
cust_008031,432,3,2104.18,1,4,4,9,Loyal Customers
cust_008032,383,3,3208.28,2,4,4,10,Champions
cust_008033,27,3,1209.2,4,4,3,11,Champions
cust_008035,375,1,384.75,2,2,2,6,Potential Loyalists
cust_008036,59,1,477.92,4,2,2,8,Loyal Customers
cust_008038,209,2,461.37,3,4,2,9,Loyal Customers
cust_008039,371,1,398.71,2,2,2,6,Potential Loyalists
cust_008040,589,1,190.72,1,2,1,4,Needs Attention
cust_008041,231,1,1802.47,3,2,4,9,Loyal Customers
cust_008042,461,1,2417.15,1,2,4,7,Potential Loyalists
cust_008043,321,1,126.29,2,2,1,5,Needs Attention
cust_008044,221,4,3364.88,3,4,4,11,Champions
cust_008046,694,1,2335.69,1,2,4,7,Potential Loyalists
cust_008047,161,2,540.39,3,4,2,9,Loyal Customers
cust_008050,6,3,2240.93,4,4,4,12,Champions
cust_008051,434,1,590.12,1,2,3,6,Potential Loyalists
cust_008052,534,3,339.61,1,4,2,7,Potential Loyalists
cust_008053,213,2,385.26000000000005,3,4,2,9,Loyal Customers
cust_008055,52,4,654.52,4,4,3,11,Champions
cust_008056,290,1,2429.24,2,2,4,8,Loyal Customers
cust_008058,161,2,3027.85,3,4,4,11,Champions
cust_008060,176,2,576.27,3,4,2,9,Loyal Customers
cust_008061,670,1,902.41,1,2,3,6,Potential Loyalists
cust_008062,292,1,210.56,2,2,1,5,Needs Attention
cust_008063,723,1,322.12,1,2,2,5,Needs Attention
cust_008065,296,1,1967.99,2,2,4,8,Loyal Customers
cust_008067,561,2,622.71,1,4,3,8,Loyal Customers
cust_008068,83,1,109.78,4,2,1,7,Potential Loyalists
cust_008069,147,1,2110.31,3,2,4,9,Loyal Customers
cust_008070,257,2,337.03,2,4,2,8,Loyal Customers
cust_008071,294,2,225.18,2,4,1,7,Potential Loyalists
cust_008073,480,3,601.0899999999999,1,4,3,8,Loyal Customers
cust_008074,231,1,98.65,3,2,1,6,Potential Loyalists
cust_008075,311,2,3255.0,2,4,4,10,Champions
cust_008076,211,1,312.04,3,2,2,7,Potential Loyalists
cust_008077,99,1,295.82,3,2,2,7,Potential Loyalists
cust_008078,262,2,1716.33,2,4,3,9,Loyal Customers
cust_008080,85,5,5831.59,4,4,4,12,Champions
cust_008081,416,1,321.61,2,2,2,6,Potential Loyalists
cust_008082,652,2,298.67,1,4,2,7,Potential Loyalists
cust_008084,408,2,1578.96,2,4,3,9,Loyal Customers
cust_008085,145,1,1860.67,3,2,4,9,Loyal Customers
cust_008087,726,1,188.78,1,2,1,4,Needs Attention
cust_008088,217,1,266.1,3,2,2,7,Potential Loyalists
cust_008089,76,3,838.72,4,4,3,11,Champions
cust_008090,265,3,2013.9700000000003,2,4,4,10,Champions
cust_008092,28,2,530.22,4,4,2,10,Champions
cust_008093,654,1,90.68,1,2,1,4,Needs Attention
cust_008095,200,2,354.21999999999997,3,4,2,9,Loyal Customers
cust_008096,6,3,1606.0,4,4,3,11,Champions
cust_008097,217,1,59.620000000000005,3,2,1,6,Potential Loyalists
cust_008098,367,1,593.51,2,2,3,7,Potential Loyalists
cust_008100,77,2,713.46,4,4,3,11,Champions
cust_008101,467,1,2467.42,1,2,4,7,Potential Loyalists
cust_008102,65,4,460.92,4,4,2,10,Champions
cust_008103,271,1,250.09,2,2,2,6,Potential Loyalists
cust_008104,162,1,1346.2,3,2,3,8,Loyal Customers
cust_008105,51,2,614.4,4,4,3,11,Champions
cust_008106,379,2,1059.6999999999998,2,4,3,9,Loyal Customers
cust_008107,100,2,1043.08,3,4,3,10,Champions
cust_008108,11,1,1181.95,4,2,3,9,Loyal Customers
cust_008110,662,1,1236.57,1,2,3,6,Potential Loyalists
cust_008111,263,3,2451.26,2,4,4,10,Champions
cust_008112,4,4,2843.73,4,4,4,12,Champions
cust_008113,71,1,106.68,4,2,1,7,Potential Loyalists
cust_008115,369,1,156.04000000000002,2,2,1,5,Needs Attention
cust_008118,168,3,4668.56,3,4,4,11,Champions
cust_008119,120,1,317.92,3,2,2,7,Potential Loyalists
cust_008120,45,5,1406.0500000000002,4,4,3,11,Champions
cust_008123,59,4,1586.76,4,4,3,11,Champions
cust_008125,132,5,1513.8600000000001,3,4,3,10,Champions
cust_008127,2,1,1376.9,4,2,3,9,Loyal Customers
cust_008128,650,1,1250.63,1,2,3,6,Potential Loyalists
cust_008130,27,2,1242.83,4,4,3,11,Champions
cust_008131,538,2,1550.4899999999998,1,4,3,8,Loyal Customers
cust_008133,456,1,1125.98,1,2,3,6,Potential Loyalists
cust_008134,45,2,392.45,4,4,2,10,Champions
cust_008135,59,3,3274.4300000000003,4,4,4,12,Champions
cust_008140,239,1,122.54,3,2,1,6,Potential Loyalists
cust_008142,705,1,313.41,1,2,2,5,Needs Attention
cust_008143,126,1,1309.9599999999998,3,2,3,8,Loyal Customers
cust_008146,411,2,1136.87,2,4,3,9,Loyal Customers
cust_008148,274,2,266.65999999999997,2,4,2,8,Loyal Customers
cust_008150,223,2,1252.3200000000002,3,4,3,10,Champions
cust_008151,223,1,202.51,3,2,1,6,Potential Loyalists
cust_008152,52,1,196.42,4,2,1,7,Potential Loyalists
cust_008153,28,1,1641.82,4,2,3,9,Loyal Customers
cust_008154,43,2,630.1,4,4,3,11,Champions
cust_008155,498,3,2339.15,1,4,4,9,Loyal Customers
cust_008159,69,2,1193.41,4,4,3,11,Champions
cust_008160,128,3,3492.6499999999996,3,4,4,11,Champions
cust_008162,462,1,287.29,1,2,2,5,Needs Attention
cust_008163,466,1,200.51,1,2,1,4,Needs Attention
cust_008164,460,1,1856.85,1,2,4,7,Potential Loyalists
cust_008166,557,1,151.76,1,2,1,4,Needs Attention
cust_008167,13,4,3516.57,4,4,4,12,Champions
cust_008168,31,2,552.6800000000001,4,4,2,10,Champions
cust_008169,671,1,112.36,1,2,1,4,Needs Attention
cust_008172,14,2,408.37,4,4,2,10,Champions
cust_008173,386,3,1136.2,2,4,3,9,Loyal Customers
cust_008174,728,1,98.39,1,2,1,4,Needs Attention
cust_008175,282,2,891.6400000000001,2,4,3,9,Loyal Customers
cust_008176,183,1,73.11999999999999,3,2,1,6,Potential Loyalists
cust_008177,16,2,2613.36,4,4,4,12,Champions
cust_008179,397,2,536.44,2,4,2,8,Loyal Customers
cust_008181,31,2,1029.53,4,4,3,11,Champions
cust_008182,247,1,355.47,2,2,2,6,Potential Loyalists
cust_008183,175,1,192.26,3,2,1,6,Potential Loyalists
cust_008184,673,1,94.28,1,2,1,4,Needs Attention
cust_008185,417,1,87.53999999999999,2,2,1,5,Needs Attention
cust_008186,110,3,846.47,3,4,3,10,Champions
cust_008189,189,1,1364.76,3,2,3,8,Loyal Customers
cust_008190,29,2,294.72,4,4,2,10,Champions
cust_008194,46,3,1935.81,4,4,4,12,Champions
cust_008195,84,1,64.15,4,2,1,7,Potential Loyalists
cust_008199,492,1,77.54,1,2,1,4,Needs Attention
cust_008201,32,1,225.24,4,2,1,7,Potential Loyalists
cust_008202,391,1,112.98,2,2,1,5,Needs Attention
cust_008204,424,1,124.0,2,2,1,5,Needs Attention
cust_008205,478,1,121.55,1,2,1,4,Needs Attention
cust_008207,47,1,227.9,4,2,1,7,Potential Loyalists
cust_008208,485,1,336.96,1,2,2,5,Needs Attention
cust_008209,215,1,149.53,3,2,1,6,Potential Loyalists
cust_008210,271,5,1211.71,2,4,3,9,Loyal Customers
cust_008212,74,3,828.54,4,4,3,11,Champions
cust_008213,335,1,158.73,2,2,1,5,Needs Attention
cust_008215,275,2,585.94,2,4,3,9,Loyal Customers
cust_008216,315,2,270.9,2,4,2,8,Loyal Customers
cust_008217,579,1,2345.41,1,2,4,7,Potential Loyalists
cust_008218,267,1,209.05,2,2,1,5,Needs Attention
cust_008219,342,2,296.83,2,4,2,8,Loyal Customers
cust_008220,343,2,639.26,2,4,3,9,Loyal Customers
cust_008221,42,2,3561.84,4,4,4,12,Champions
cust_008222,136,1,3507.1,3,2,4,9,Loyal Customers
cust_008224,3,1,276.26,4,2,2,8,Loyal Customers
cust_008226,393,3,2987.7,2,4,4,10,Champions
cust_008227,172,1,327.31,3,2,2,7,Potential Loyalists
cust_008228,344,1,35.419999999999995,2,2,1,5,Needs Attention
cust_008230,250,1,726.38,2,2,3,7,Potential Loyalists
cust_008232,2,2,373.88,4,4,2,10,Champions
cust_008234,210,4,1746.8999999999999,3,4,3,10,Champions
cust_008235,208,2,638.14,3,4,3,10,Champions
cust_008236,399,2,2975.86,2,4,4,10,Champions
cust_008237,579,1,121.6,1,2,1,4,Needs Attention
cust_008238,541,1,762.26,1,2,3,6,Potential Loyalists
cust_008240,245,1,232.98,2,2,1,5,Needs Attention
cust_008243,45,3,924.6100000000001,4,4,3,11,Champions
cust_008244,586,1,106.52,1,2,1,4,Needs Attention
cust_008245,44,2,203.39999999999998,4,4,1,9,Loyal Customers
cust_008249,582,1,115.46,1,2,1,4,Needs Attention
cust_008250,190,2,405.73,3,4,2,9,Loyal Customers
cust_008252,348,3,2041.28,2,4,4,10,Champions
cust_008253,503,1,708.5799999999999,1,2,3,6,Potential Loyalists
cust_008254,317,1,132.51,2,2,1,5,Needs Attention
cust_008257,268,1,2186.9,2,2,4,8,Loyal Customers
cust_008258,412,3,796.0799999999999,2,4,3,9,Loyal Customers
cust_008259,151,2,426.95000000000005,3,4,2,9,Loyal Customers
cust_008260,191,1,172.08,3,2,1,6,Potential Loyalists
cust_008261,408,1,35.800000000000004,2,2,1,5,Needs Attention
cust_008263,32,3,4309.61,4,4,4,12,Champions
cust_008264,107,3,2151.4,3,4,4,11,Champions
cust_008265,490,1,1008.5,1,2,3,6,Potential Loyalists
cust_008266,1,3,2015.75,4,4,4,12,Champions
cust_008269,58,2,2659.25,4,4,4,12,Champions
cust_008271,414,1,315.96,2,2,2,6,Potential Loyalists
cust_008272,553,1,286.28000000000003,1,2,2,5,Needs Attention
cust_008273,16,2,402.62,4,4,2,10,Champions
cust_008274,367,1,28.12,2,2,1,5,Needs Attention
cust_008275,65,2,662.2900000000001,4,4,3,11,Champions
cust_008276,392,2,372.67,2,4,2,8,Loyal Customers
cust_008277,66,1,182.12,4,2,1,7,Potential Loyalists
cust_008278,718,1,276.26,1,2,2,5,Needs Attention
cust_008281,131,3,2982.47,3,4,4,11,Champions
cust_008282,163,1,419.73,3,2,2,7,Potential Loyalists
cust_008283,27,5,6086.32,4,4,4,12,Champions
cust_008286,690,1,440.32,1,2,2,5,Needs Attention
cust_008287,144,1,1986.39,3,2,4,9,Loyal Customers
cust_008289,595,1,183.1,1,2,1,4,Needs Attention
cust_008290,654,1,590.07,1,2,3,6,Potential Loyalists
cust_008296,642,2,3521.4400000000005,1,4,4,9,Loyal Customers
cust_008297,389,1,316.06,2,2,2,6,Potential Loyalists
cust_008298,346,1,40.38,2,2,1,5,Needs Attention
cust_008301,174,3,587.6700000000001,3,4,3,10,Champions
cust_008302,266,3,2040.97,2,4,4,10,Champions
cust_008303,293,2,766.1400000000001,2,4,3,9,Loyal Customers
cust_008305,620,1,2244.1800000000003,1,2,4,7,Potential Loyalists
cust_008306,182,2,159.07999999999998,3,4,1,8,Loyal Customers
cust_008307,257,3,629.59,2,4,3,9,Loyal Customers
cust_008308,84,2,469.5,4,4,2,10,Champions
cust_008311,499,1,193.6,1,2,1,4,Needs Attention
cust_008312,563,1,244.29,1,2,2,5,Needs Attention
cust_008313,446,1,1229.1699999999998,1,2,3,6,Potential Loyalists
cust_008314,93,1,372.65,4,2,2,8,Loyal Customers
cust_008315,95,1,366.45,4,2,2,8,Loyal Customers
cust_008316,566,1,437.57,1,2,2,5,Needs Attention
cust_008319,319,2,1903.9,2,4,4,10,Champions
cust_008320,56,3,995.22,4,4,3,11,Champions
cust_008321,13,2,2324.79,4,4,4,12,Champions
cust_008322,653,1,221.46,1,2,1,4,Needs Attention
cust_008324,454,1,364.13000000000005,1,2,2,5,Needs Attention
cust_008325,36,3,2250.88,4,4,4,12,Champions
cust_008326,135,2,296.21000000000004,3,4,2,9,Loyal Customers
cust_008328,62,3,341.14,4,4,2,10,Champions
cust_008329,277,1,95.96,2,2,1,5,Needs Attention
cust_008330,597,1,485.5,1,2,2,5,Needs Attention
cust_008333,171,2,158.38,3,4,1,8,Loyal Customers
cust_008334,110,1,36.33,3,2,1,6,Potential Loyalists
cust_008335,27,1,51.0,4,2,1,7,Potential Loyalists
cust_008338,213,2,1828.74,3,4,4,11,Champions
cust_008339,600,1,287.64,1,2,2,5,Needs Attention
cust_008340,88,3,2448.58,4,4,4,12,Champions
cust_008342,657,1,2279.3,1,2,4,7,Potential Loyalists
cust_008343,398,1,396.17,2,2,2,6,Potential Loyalists
cust_008345,254,2,3097.85,2,4,4,10,Champions
cust_008346,117,1,1094.89,3,2,3,8,Loyal Customers
cust_008347,155,2,581.76,3,4,3,10,Champions
cust_008348,424,1,1201.07,2,2,3,7,Potential Loyalists
cust_008350,191,1,1251.6799999999998,3,2,3,8,Loyal Customers
cust_008352,278,1,289.22,2,2,2,6,Potential Loyalists
cust_008353,93,2,2132.37,4,4,4,12,Champions
cust_008356,15,1,197.69,4,2,1,7,Potential Loyalists
cust_008357,274,2,425.08,2,4,2,8,Loyal Customers
cust_008362,608,2,324.22,1,4,2,7,Potential Loyalists
cust_008363,378,2,571.0899999999999,2,4,2,8,Loyal Customers
cust_008365,373,1,398.48,2,2,2,6,Potential Loyalists
cust_008367,388,2,2405.66,2,4,4,10,Champions
cust_008368,354,1,1824.6,2,2,4,8,Loyal Customers
cust_008369,453,1,257.76,1,2,2,5,Needs Attention
cust_008370,85,1,149.05,4,2,1,7,Potential Loyalists
cust_008371,532,1,169.73,1,2,1,4,Needs Attention
cust_008372,532,1,474.37,1,2,2,5,Needs Attention
cust_008376,119,3,2505.25,3,4,4,11,Champions
cust_008378,20,6,4433.9400000000005,4,4,4,12,Champions
cust_008379,612,1,2640.06,1,2,4,7,Potential Loyalists
cust_008381,212,2,366.99,3,4,2,9,Loyal Customers
cust_008382,275,1,514.64,2,2,2,6,Potential Loyalists
cust_008383,325,2,2312.2,2,4,4,10,Champions
cust_008384,642,2,1645.6100000000001,1,4,3,8,Loyal Customers
cust_008385,674,1,687.05,1,2,3,6,Potential Loyalists
cust_008386,396,2,1488.71,2,4,3,9,Loyal Customers
cust_008387,607,1,263.16,1,2,2,5,Needs Attention
cust_008388,456,1,310.87,1,2,2,5,Needs Attention
cust_008389,401,2,395.12,2,4,2,8,Loyal Customers
cust_008391,563,2,2063.87,1,4,4,9,Loyal Customers
cust_008392,221,2,272.37,3,4,2,9,Loyal Customers
cust_008393,458,1,81.94,1,2,1,4,Needs Attention
cust_008397,274,1,216.56,2,2,1,5,Needs Attention
cust_008399,252,3,2157.75,2,4,4,10,Champions
cust_008400,234,3,3011.55,3,4,4,11,Champions
cust_008401,613,2,160.4,1,4,1,6,Potential Loyalists
cust_008402,699,1,3205.37,1,2,4,7,Potential Loyalists
cust_008405,229,1,64.95,3,2,1,6,Potential Loyalists
cust_008407,584,1,73.97,1,2,1,4,Needs Attention
cust_008408,352,2,399.89,2,4,2,8,Loyal Customers
cust_008411,544,4,1839.8400000000001,1,4,4,9,Loyal Customers
cust_008412,430,2,3130.4700000000003,2,4,4,10,Champions
cust_008414,39,2,1135.21,4,4,3,11,Champions
cust_008415,514,2,655.51,1,4,3,8,Loyal Customers
cust_008417,11,3,1386.04,4,4,3,11,Champions
cust_008418,109,2,185.71,3,4,1,8,Loyal Customers
cust_008419,18,2,3529.99,4,4,4,12,Champions
cust_008420,143,1,60.27,3,2,1,6,Potential Loyalists
cust_008421,183,1,207.44,3,2,1,6,Potential Loyalists
cust_008422,484,1,229.11,1,2,1,4,Needs Attention
cust_008424,443,1,87.16,1,2,1,4,Needs Attention
cust_008427,185,2,427.74,3,4,2,9,Loyal Customers
cust_008428,602,2,487.26,1,4,2,7,Potential Loyalists
cust_008429,140,2,323.28000000000003,3,4,2,9,Loyal Customers
cust_008430,651,1,1709.83,1,2,3,6,Potential Loyalists
cust_008431,144,2,352.07000000000005,3,4,2,9,Loyal Customers
cust_008432,180,1,36.09,3,2,1,6,Potential Loyalists
cust_008433,111,4,487.11,3,4,2,9,Loyal Customers
cust_008434,288,2,222.15,2,4,1,7,Potential Loyalists
cust_008435,111,2,1367.68,3,4,3,10,Champions
cust_008436,422,2,700.9,2,4,3,9,Loyal Customers
cust_008437,7,2,203.38000000000002,4,4,1,9,Loyal Customers
cust_008438,359,1,84.13999999999999,2,2,1,5,Needs Attention
cust_008440,364,2,425.52,2,4,2,8,Loyal Customers
cust_008442,6,2,480.67,4,4,2,10,Champions
cust_008444,277,3,382.4200000000001,2,4,2,8,Loyal Customers
cust_008445,192,4,2799.39,3,4,4,11,Champions
cust_008446,2,2,3281.03,4,4,4,12,Champions
cust_008447,697,1,112.64,1,2,1,4,Needs Attention
cust_008448,369,3,2180.5299999999997,2,4,4,10,Champions
cust_008449,280,1,1876.22,2,2,4,8,Loyal Customers
cust_008450,392,1,234.03,2,2,1,5,Needs Attention
cust_008453,525,1,57.94,1,2,1,4,Needs Attention
cust_008455,473,1,472.05,1,2,2,5,Needs Attention
cust_008456,97,2,275.03,3,4,2,9,Loyal Customers
cust_008457,186,2,1251.38,3,4,3,10,Champions
cust_008458,37,2,1801.9499999999998,4,4,4,12,Champions
cust_008459,234,1,332.75,3,2,2,7,Potential Loyalists
cust_008461,39,2,346.9,4,4,2,10,Champions
cust_008462,141,2,1603.97,3,4,3,10,Champions
cust_008463,151,2,307.75,3,4,2,9,Loyal Customers
cust_008464,14,2,2640.81,4,4,4,12,Champions
cust_008465,77,3,526.3,4,4,2,10,Champions
cust_008467,39,3,3986.19,4,4,4,12,Champions
cust_008468,505,1,79.99000000000001,1,2,1,4,Needs Attention
cust_008469,86,2,3574.07,4,4,4,12,Champions
cust_008471,127,2,577.47,3,4,2,9,Loyal Customers
cust_008472,39,3,211.51,4,4,1,9,Loyal Customers
cust_008473,514,1,122.07,1,2,1,4,Needs Attention
cust_008474,40,1,232.91,4,2,1,7,Potential Loyalists
cust_008475,397,2,377.5,2,4,2,8,Loyal Customers
cust_008476,263,2,372.61,2,4,2,8,Loyal Customers
cust_008477,411,1,168.68,2,2,1,5,Needs Attention
cust_008479,564,1,986.62,1,2,3,6,Potential Loyalists
cust_008480,136,2,1022.19,3,4,3,10,Champions
cust_008481,253,1,494.25,2,2,2,6,Potential Loyalists
cust_008484,623,1,124.18,1,2,1,4,Needs Attention
cust_008488,161,2,3060.7300000000005,3,4,4,11,Champions
cust_008490,219,3,4248.15,3,4,4,11,Champions
cust_008491,666,1,113.52,1,2,1,4,Needs Attention
cust_008493,238,2,3746.15,3,4,4,11,Champions
cust_008494,356,2,1226.01,2,4,3,9,Loyal Customers
cust_008495,9,2,1850.7799999999997,4,4,4,12,Champions
cust_008497,298,2,363.79999999999995,2,4,2,8,Loyal Customers
cust_008498,254,4,3343.68,2,4,4,10,Champions
cust_008500,368,1,508.01,2,2,2,6,Potential Loyalists
cust_008501,298,2,2740.49,2,4,4,10,Champions
cust_008502,239,2,2208.73,3,4,4,11,Champions
cust_008503,193,2,4176.11,3,4,4,11,Champions
cust_008504,550,1,358.39000000000004,1,2,2,5,Needs Attention
cust_008505,167,2,454.79999999999995,3,4,2,9,Loyal Customers
cust_008507,569,1,360.08,1,2,2,5,Needs Attention
cust_008508,614,1,655.87,1,2,3,6,Potential Loyalists
cust_008509,205,1,73.96,3,2,1,6,Potential Loyalists
cust_008511,195,2,928.48,3,4,3,10,Champions
cust_008512,623,1,303.39,1,2,2,5,Needs Attention
cust_008514,292,1,195.29,2,2,1,5,Needs Attention
cust_008515,511,1,268.79,1,2,2,5,Needs Attention
cust_008516,297,1,1680.75,2,2,3,7,Potential Loyalists
cust_008518,128,1,143.45999999999998,3,2,1,6,Potential Loyalists
cust_008519,232,2,896.6700000000001,3,4,3,10,Champions
cust_008520,550,2,3083.14,1,4,4,9,Loyal Customers
cust_008521,261,2,334.36,2,4,2,8,Loyal Customers
cust_008524,177,3,663.79,3,4,3,10,Champions
cust_008526,320,1,172.13,2,2,1,5,Needs Attention
cust_008527,421,3,2604.02,2,4,4,10,Champions
cust_008529,70,3,4258.49,4,4,4,12,Champions
cust_008530,597,2,1577.41,1,4,3,8,Loyal Customers
cust_008531,717,1,71.49000000000001,1,2,1,4,Needs Attention
cust_008532,228,2,2310.62,3,4,4,11,Champions
cust_008533,18,4,3179.9799999999996,4,4,4,12,Champions
cust_008534,55,4,1008.9000000000001,4,4,3,11,Champions
cust_008535,650,1,2730.56,1,2,4,7,Potential Loyalists
cust_008536,79,2,358.86,4,4,2,10,Champions
cust_008537,545,1,130.47,1,2,1,4,Needs Attention
cust_008539,39,2,584.88,4,4,3,11,Champions
cust_008540,13,1,113.97,4,2,1,7,Potential Loyalists
cust_008543,2,1,96.64,4,2,1,7,Potential Loyalists
cust_008545,472,1,3238.79,1,2,4,7,Potential Loyalists
cust_008547,134,2,1063.22,3,4,3,10,Champions
cust_008548,573,1,193.24,1,2,1,4,Needs Attention
cust_008549,318,2,276.91,2,4,2,8,Loyal Customers
cust_008551,263,2,488.06,2,4,2,8,Loyal Customers
cust_008552,672,1,203.43,1,2,1,4,Needs Attention
cust_008553,248,2,415.58,2,4,2,8,Loyal Customers
cust_008554,251,2,385.65000000000003,2,4,2,8,Loyal Customers
cust_008555,204,1,385.68,3,2,2,7,Potential Loyalists
cust_008556,340,2,4256.41,2,4,4,10,Champions
cust_008557,58,1,232.45,4,2,1,7,Potential Loyalists
cust_008558,337,2,870.26,2,4,3,9,Loyal Customers
cust_008559,5,2,3926.19,4,4,4,12,Champions
cust_008560,580,2,1243.42,1,4,3,8,Loyal Customers
cust_008561,245,3,537.8,2,4,2,8,Loyal Customers
cust_008562,194,3,1663.65,3,4,3,10,Champions
cust_008563,694,1,537.4399999999999,1,2,2,5,Needs Attention
cust_008564,376,2,506.07000000000005,2,4,2,8,Loyal Customers
cust_008566,146,4,4017.2999999999997,3,4,4,11,Champions
cust_008567,66,4,4543.18,4,4,4,12,Champions
cust_008569,7,2,269.85,4,4,2,10,Champions
cust_008571,720,1,161.35,1,2,1,4,Needs Attention
cust_008572,31,3,2702.0499999999997,4,4,4,12,Champions
cust_008575,17,2,2444.4000000000005,4,4,4,12,Champions
cust_008577,17,1,354.52000000000004,4,2,2,8,Loyal Customers
cust_008578,22,2,296.89,4,4,2,10,Champions
cust_008579,113,1,235.86,3,2,1,6,Potential Loyalists
cust_008580,41,2,1336.87,4,4,3,11,Champions
cust_008581,196,1,144.11,3,2,1,6,Potential Loyalists
cust_008584,92,4,4020.5400000000004,4,4,4,12,Champions
cust_008585,135,1,1144.36,3,2,3,8,Loyal Customers
cust_008586,406,1,448.14,2,2,2,6,Potential Loyalists
cust_008587,255,1,1738.4399999999998,2,2,3,7,Potential Loyalists
cust_008588,595,1,701.72,1,2,3,6,Potential Loyalists
cust_008590,60,1,143.08,4,2,1,7,Potential Loyalists
cust_008591,121,2,439.89,3,4,2,9,Loyal Customers
cust_008592,313,3,590.5699999999999,2,4,3,9,Loyal Customers
cust_008593,70,2,2250.59,4,4,4,12,Champions
cust_008594,509,1,101.7,1,2,1,4,Needs Attention
cust_008595,634,1,68.71000000000001,1,2,1,4,Needs Attention
cust_008596,210,1,89.46000000000001,3,2,1,6,Potential Loyalists
cust_008597,35,2,2106.2,4,4,4,12,Champions
cust_008598,610,2,750.3199999999999,1,4,3,8,Loyal Customers
cust_008599,47,2,496.05000000000007,4,4,2,10,Champions
cust_008600,679,1,187.61,1,2,1,4,Needs Attention
cust_008601,23,1,957.35,4,2,3,9,Loyal Customers
cust_008605,130,3,430.0200000000001,3,4,2,9,Loyal Customers
cust_008606,353,1,404.19,2,2,2,6,Potential Loyalists
cust_008609,224,3,1412.02,3,4,3,10,Champions
cust_008611,284,2,567.8,2,4,2,8,Loyal Customers
cust_008613,78,2,2837.7599999999998,4,4,4,12,Champions
cust_008615,178,1,76.78,3,2,1,6,Potential Loyalists
cust_008616,588,2,426.88,1,4,2,7,Potential Loyalists
cust_008617,295,1,2467.31,2,2,4,8,Loyal Customers
cust_008619,455,3,2577.45,1,4,4,9,Loyal Customers
cust_008620,156,1,282.56,3,2,2,7,Potential Loyalists
cust_008621,152,1,379.91,3,2,2,7,Potential Loyalists
cust_008622,149,1,50.69,3,2,1,6,Potential Loyalists
cust_008623,104,2,209.31,3,4,1,8,Loyal Customers
cust_008624,48,2,1713.3199999999997,4,4,3,11,Champions
cust_008625,158,4,4135.360000000001,3,4,4,11,Champions
cust_008627,289,2,169.05,2,4,1,7,Potential Loyalists
cust_008630,666,1,152.93,1,2,1,4,Needs Attention
cust_008632,218,2,2266.0099999999998,3,4,4,11,Champions
cust_008633,37,3,1341.54,4,4,3,11,Champions
cust_008634,133,2,4162.599999999999,3,4,4,11,Champions
cust_008635,88,3,2690.02,4,4,4,12,Champions
cust_008636,8,4,615.9300000000001,4,4,3,11,Champions
cust_008637,688,1,580.8000000000001,1,2,3,6,Potential Loyalists
cust_008638,255,2,470.84000000000003,2,4,2,8,Loyal Customers
cust_008640,207,2,1603.69,3,4,3,10,Champions
cust_008641,580,1,212.29,1,2,1,4,Needs Attention
cust_008643,46,2,1864.96,4,4,4,12,Champions
cust_008644,408,1,138.11,2,2,1,5,Needs Attention
cust_008645,471,1,172.08,1,2,1,4,Needs Attention
cust_008646,205,2,1054.78,3,4,3,10,Champions
cust_008647,47,1,25.65,4,2,1,7,Potential Loyalists
cust_008648,302,2,3011.62,2,4,4,10,Champions
cust_008649,49,1,224.93,4,2,1,7,Potential Loyalists
cust_008650,482,2,57.39,1,4,1,6,Potential Loyalists
cust_008651,338,1,776.29,2,2,3,7,Potential Loyalists
cust_008652,96,4,5263.33,4,4,4,12,Champions
cust_008653,69,2,2578.09,4,4,4,12,Champions
cust_008655,182,2,850.3599999999999,3,4,3,10,Champions
cust_008656,44,3,972.8699999999999,4,4,3,11,Champions
cust_008659,14,2,1165.84,4,4,3,11,Champions
cust_008660,567,1,254.76,1,2,2,5,Needs Attention
cust_008661,95,1,84.19,4,2,1,7,Potential Loyalists
cust_008662,352,4,6406.07,2,4,4,10,Champions
cust_008663,727,1,1270.33,1,2,3,6,Potential Loyalists
cust_008664,136,2,405.01,3,4,2,9,Loyal Customers
cust_008666,543,2,255.32999999999998,1,4,2,7,Potential Loyalists
cust_008667,106,3,410.67999999999995,3,4,2,9,Loyal Customers
cust_008669,478,2,4294.969999999999,1,4,4,9,Loyal Customers
cust_008671,221,2,707.03,3,4,3,10,Champions
cust_008672,100,1,206.81,3,2,1,6,Potential Loyalists
cust_008674,41,1,501.39,4,2,2,8,Loyal Customers
cust_008676,439,3,818.9300000000001,1,4,3,8,Loyal Customers
cust_008677,433,1,373.0,1,2,2,5,Needs Attention
cust_008680,279,4,3174.08,2,4,4,10,Champions
cust_008681,616,1,215.81,1,2,1,4,Needs Attention
cust_008682,573,1,538.3399999999999,1,2,2,5,Needs Attention
cust_008683,15,2,3148.8100000000004,4,4,4,12,Champions
cust_008684,224,4,4778.349999999999,3,4,4,11,Champions
cust_008685,473,1,219.65,1,2,1,4,Needs Attention
cust_008689,372,1,89.29,2,2,1,5,Needs Attention
cust_008690,156,2,1540.63,3,4,3,10,Champions
cust_008691,43,3,742.99,4,4,3,11,Champions
cust_008693,250,1,197.83,2,2,1,5,Needs Attention
cust_008695,545,1,1709.13,1,2,3,6,Potential Loyalists
cust_008697,151,3,1847.29,3,4,4,11,Champions
cust_008699,341,1,2116.24,2,2,4,8,Loyal Customers
cust_008701,482,2,550.6500000000001,1,4,2,7,Potential Loyalists
cust_008702,460,3,830.9100000000001,1,4,3,8,Loyal Customers
cust_008705,155,4,2449.75,3,4,4,11,Champions
cust_008706,109,2,4361.6900000000005,3,4,4,11,Champions
cust_008707,35,2,2767.5700000000006,4,4,4,12,Champions
cust_008708,129,5,6081.31,3,4,4,11,Champions
cust_008711,102,4,2346.14,3,4,4,11,Champions
cust_008712,161,4,4007.1099999999997,3,4,4,11,Champions
cust_008713,83,2,521.27,4,4,2,10,Champions
cust_008714,116,2,544.47,3,4,2,9,Loyal Customers
cust_008716,14,1,360.63,4,2,2,8,Loyal Customers
cust_008717,625,1,146.75,1,2,1,4,Needs Attention
cust_008718,47,2,3799.83,4,4,4,12,Champions
cust_008719,264,3,681.9399999999999,2,4,3,9,Loyal Customers
cust_008720,252,3,312.85,2,4,2,8,Loyal Customers
cust_008721,2,2,475.1600000000001,4,4,2,10,Champions
cust_008722,102,2,82.75,3,4,1,8,Loyal Customers
cust_008723,424,1,220.85,2,2,1,5,Needs Attention
cust_008724,434,1,76.73,1,2,1,4,Needs Attention
cust_008728,116,2,456.44000000000005,3,4,2,9,Loyal Customers
cust_008730,443,1,351.34,1,2,2,5,Needs Attention
cust_008733,161,4,2017.3600000000001,3,4,4,11,Champions
cust_008734,712,1,247.84,1,2,2,5,Needs Attention
cust_008736,115,2,2556.47,3,4,4,11,Champions
cust_008737,7,5,4782.43,4,4,4,12,Champions
cust_008738,63,3,817.4300000000001,4,4,3,11,Champions
cust_008740,335,1,538.16,2,2,2,6,Potential Loyalists
cust_008741,256,2,2019.81,2,4,4,10,Champions
cust_008742,254,1,440.82,2,2,2,6,Potential Loyalists
cust_008744,352,3,736.73,2,4,3,9,Loyal Customers
cust_008745,661,1,511.53,1,2,2,5,Needs Attention
cust_008746,140,1,593.43,3,2,3,8,Loyal Customers
cust_008747,215,2,515.39,3,4,2,9,Loyal Customers
cust_008749,174,1,1390.49,3,2,3,8,Loyal Customers
cust_008750,363,1,105.51,2,2,1,5,Needs Attention
cust_008751,212,2,2518.08,3,4,4,11,Champions
cust_008752,620,1,130.93,1,2,1,4,Needs Attention
cust_008753,322,1,691.76,2,2,3,7,Potential Loyalists
cust_008754,536,2,3752.7700000000004,1,4,4,9,Loyal Customers
cust_008755,33,1,1505.78,4,2,3,9,Loyal Customers
cust_008756,455,1,119.3,1,2,1,4,Needs Attention
cust_008758,162,2,2436.3199999999997,3,4,4,11,Champions
cust_008759,139,3,745.72,3,4,3,10,Champions
cust_008761,441,1,1042.96,1,2,3,6,Potential Loyalists
cust_008762,463,2,2003.9499999999998,1,4,4,9,Loyal Customers
cust_008766,4,2,465.74,4,4,2,10,Champions
cust_008767,90,2,804.59,4,4,3,11,Champions
cust_008768,32,1,70.55,4,2,1,7,Potential Loyalists
cust_008770,125,1,78.49000000000001,3,2,1,6,Potential Loyalists
cust_008771,358,1,1740.15,2,2,3,7,Potential Loyalists
cust_008772,229,2,483.81,3,4,2,9,Loyal Customers
cust_008774,527,1,173.19,1,2,1,4,Needs Attention
cust_008775,125,2,382.51,3,4,2,9,Loyal Customers
cust_008776,465,1,1579.3000000000002,1,2,3,6,Potential Loyalists
cust_008777,340,1,1682.33,2,2,3,7,Potential Loyalists
cust_008779,98,1,50.620000000000005,3,2,1,6,Potential Loyalists
cust_008780,423,2,2356.51,2,4,4,10,Champions
cust_008782,24,1,1315.13,4,2,3,9,Loyal Customers
cust_008783,355,2,1739.2500000000002,2,4,3,9,Loyal Customers
cust_008784,40,2,302.75,4,4,2,10,Champions
cust_008785,133,2,269.51,3,4,2,9,Loyal Customers
cust_008787,4,5,3491.7599999999998,4,4,4,12,Champions
cust_008788,607,1,297.35,1,2,2,5,Needs Attention
cust_008789,65,4,3668.65,4,4,4,12,Champions
cust_008790,377,1,296.77000000000004,2,2,2,6,Potential Loyalists
cust_008791,543,1,2716.85,1,2,4,7,Potential Loyalists
cust_008792,434,4,3709.87,1,4,4,9,Loyal Customers
cust_008793,144,1,248.37,3,2,2,7,Potential Loyalists
cust_008795,16,3,2125.3599999999997,4,4,4,12,Champions
cust_008798,221,1,421.46,3,2,2,7,Potential Loyalists
cust_008799,375,1,367.68,2,2,2,6,Potential Loyalists
cust_008800,204,2,761.14,3,4,3,10,Champions
cust_008801,453,3,1012.26,1,4,3,8,Loyal Customers
cust_008802,77,4,2349.3,4,4,4,12,Champions
cust_008803,618,1,2591.6,1,2,4,7,Potential Loyalists
cust_008804,76,3,4026.5299999999997,4,4,4,12,Champions
cust_008806,141,2,294.77000000000004,3,4,2,9,Loyal Customers
cust_008808,342,3,2493.18,2,4,4,10,Champions
cust_008809,336,1,414.88,2,2,2,6,Potential Loyalists
cust_008811,119,1,827.5899999999999,3,2,3,8,Loyal Customers
cust_008812,537,1,148.2,1,2,1,4,Needs Attention
cust_008814,586,1,176.13,1,2,1,4,Needs Attention
cust_008815,486,1,33.29,1,2,1,4,Needs Attention
cust_008817,386,1,3162.69,2,2,4,8,Loyal Customers
cust_008820,20,1,472.29,4,2,2,8,Loyal Customers
cust_008823,638,1,1875.77,1,2,4,7,Potential Loyalists
cust_008824,176,1,298.81,3,2,2,7,Potential Loyalists
cust_008825,308,1,2333.0,2,2,4,8,Loyal Customers
cust_008828,74,2,179.97,4,4,1,9,Loyal Customers
cust_008831,100,3,637.78,3,4,3,10,Champions
cust_008832,377,1,2905.02,2,2,4,8,Loyal Customers
cust_008834,350,2,1211.71,2,4,3,9,Loyal Customers
cust_008835,580,2,256.23,1,4,2,7,Potential Loyalists
cust_008836,567,1,2269.63,1,2,4,7,Potential Loyalists
cust_008837,16,3,1271.75,4,4,3,11,Champions
cust_008838,245,1,374.56,2,2,2,6,Potential Loyalists
cust_008839,341,1,361.23,2,2,2,6,Potential Loyalists
cust_008841,354,3,704.15,2,4,3,9,Loyal Customers
cust_008843,209,1,365.17,3,2,2,7,Potential Loyalists
cust_008844,54,1,430.33,4,2,2,8,Loyal Customers
cust_008846,40,2,2179.05,4,4,4,12,Champions
cust_008847,592,1,64.17,1,2,1,4,Needs Attention
cust_008848,37,3,921.66,4,4,3,11,Champions
cust_008849,119,1,134.48,3,2,1,6,Potential Loyalists
cust_008850,252,3,2262.19,2,4,4,10,Champions
cust_008851,603,2,317.56,1,4,2,7,Potential Loyalists
cust_008853,13,4,1416.17,4,4,3,11,Champions
cust_008855,583,1,438.89,1,2,2,5,Needs Attention
cust_008856,547,1,2045.12,1,2,4,7,Potential Loyalists
cust_008857,54,1,152.37,4,2,1,7,Potential Loyalists
cust_008858,291,1,1625.09,2,2,3,7,Potential Loyalists
cust_008859,13,2,976.05,4,4,3,11,Champions
cust_008860,155,1,155.82,3,2,1,6,Potential Loyalists
cust_008861,614,2,778.8799999999999,1,4,3,8,Loyal Customers
cust_008864,529,4,1938.43,1,4,4,9,Loyal Customers
cust_008865,117,1,214.97,3,2,1,6,Potential Loyalists
cust_008866,80,1,144.59,4,2,1,7,Potential Loyalists
cust_008867,59,3,4302.23,4,4,4,12,Champions
cust_008869,256,1,277.86,2,2,2,6,Potential Loyalists
cust_008871,406,1,296.1,2,2,2,6,Potential Loyalists
cust_008872,57,2,187.35,4,4,1,9,Loyal Customers
cust_008874,564,1,305.25,1,2,2,5,Needs Attention
cust_008875,696,1,625.4100000000001,1,2,3,6,Potential Loyalists
cust_008876,587,1,77.76,1,2,1,4,Needs Attention
cust_008877,428,1,1148.41,2,2,3,7,Potential Loyalists
cust_008879,246,2,660.5500000000001,2,4,3,9,Loyal Customers
cust_008880,87,2,357.4,4,4,2,10,Champions
cust_008881,89,1,536.1800000000001,4,2,2,8,Loyal Customers
cust_008884,58,2,223.39999999999998,4,4,1,9,Loyal Customers
cust_008885,343,1,1035.74,2,2,3,7,Potential Loyalists
cust_008888,211,1,2642.39,3,2,4,9,Loyal Customers
cust_008890,92,2,372.20000000000005,4,4,2,10,Champions
cust_008891,440,1,39.29,1,2,1,4,Needs Attention
cust_008893,198,1,157.07,3,2,1,6,Potential Loyalists
cust_008894,249,3,458.6,2,4,2,8,Loyal Customers
cust_008895,67,4,2109.34,4,4,4,12,Champions
cust_008896,601,1,1661.02,1,2,3,6,Potential Loyalists
cust_008897,466,1,250.05,1,2,2,5,Needs Attention
cust_008899,332,1,288.98,2,2,2,6,Potential Loyalists
cust_008901,389,3,1587.6,2,4,3,9,Loyal Customers
cust_008903,527,1,222.38,1,2,1,4,Needs Attention
cust_008904,138,1,210.9,3,2,1,6,Potential Loyalists
cust_008905,9,3,1816.6699999999998,4,4,4,12,Champions
cust_008906,202,3,2358.55,3,4,4,11,Champions
cust_008907,157,2,686.65,3,4,3,10,Champions
cust_008910,600,1,47.0,1,2,1,4,Needs Attention
cust_008911,258,2,350.9,2,4,2,8,Loyal Customers
cust_008912,109,1,555.05,3,2,2,7,Potential Loyalists
cust_008914,282,2,269.37,2,4,2,8,Loyal Customers
cust_008915,124,3,2584.67,3,4,4,11,Champions
cust_008916,249,1,387.54,2,2,2,6,Potential Loyalists
cust_008917,563,1,141.16,1,2,1,4,Needs Attention
cust_008919,40,1,77.54,4,2,1,7,Potential Loyalists
cust_008920,207,1,1975.97,3,2,4,9,Loyal Customers
cust_008921,103,2,300.11,3,4,2,9,Loyal Customers
cust_008923,461,2,1809.33,1,4,4,9,Loyal Customers
cust_008924,403,2,2612.65,2,4,4,10,Champions
cust_008926,666,1,201.9,1,2,1,4,Needs Attention
cust_008927,705,1,947.14,1,2,3,6,Potential Loyalists
cust_008930,9,2,127.08,4,4,1,9,Loyal Customers
cust_008931,560,1,20.93,1,2,1,4,Needs Attention
cust_008932,411,1,2769.64,2,2,4,8,Loyal Customers
cust_008933,3,2,4941.33,4,4,4,12,Champions
cust_008934,161,1,351.24,3,2,2,7,Potential Loyalists
cust_008938,397,3,682.77,2,4,3,9,Loyal Customers
cust_008940,667,1,1678.41,1,2,3,6,Potential Loyalists
cust_008941,552,1,225.74,1,2,1,4,Needs Attention
cust_008942,625,1,2735.2000000000003,1,2,4,7,Potential Loyalists
cust_008943,420,1,238.25,2,2,1,5,Needs Attention
cust_008945,127,3,2844.76,3,4,4,11,Champions
cust_008946,256,1,1179.64,2,2,3,7,Potential Loyalists
cust_008947,98,1,194.71,3,2,1,6,Potential Loyalists
cust_008948,679,1,2285.89,1,2,4,7,Potential Loyalists
cust_008949,79,2,1806.07,4,4,4,12,Champions
cust_008950,296,1,255.9,2,2,2,6,Potential Loyalists
cust_008953,40,3,2635.74,4,4,4,12,Champions
cust_008954,9,3,1387.2599999999998,4,4,3,11,Champions
cust_008955,237,2,427.83000000000004,3,4,2,9,Loyal Customers
cust_008958,20,1,102.93,4,2,1,7,Potential Loyalists
cust_008959,250,2,2045.0,2,4,4,10,Champions
cust_008960,109,1,69.24,3,2,1,6,Potential Loyalists
cust_008961,98,2,189.87,3,4,1,8,Loyal Customers
cust_008963,128,1,180.01,3,2,1,6,Potential Loyalists
cust_008964,537,1,392.15,1,2,2,5,Needs Attention
cust_008966,63,2,427.85,4,4,2,10,Champions
cust_008967,25,4,4732.79,4,4,4,12,Champions
cust_008968,582,1,424.83,1,2,2,5,Needs Attention
cust_008970,12,2,1061.6599999999999,4,4,3,11,Champions
cust_008971,57,1,177.85,4,2,1,7,Potential Loyalists
cust_008974,75,2,559.5899999999999,4,4,2,10,Champions
cust_008975,348,2,246.74,2,4,2,8,Loyal Customers
cust_008976,161,2,354.65,3,4,2,9,Loyal Customers
cust_008978,70,2,1766.6599999999999,4,4,4,12,Champions
cust_008979,169,1,80.15,3,2,1,6,Potential Loyalists
cust_008980,307,1,468.68,2,2,2,6,Potential Loyalists
cust_008981,518,1,759.5400000000001,1,2,3,6,Potential Loyalists
cust_008982,396,1,317.7,2,2,2,6,Potential Loyalists
cust_008983,114,3,1822.8100000000002,3,4,4,11,Champions
cust_008984,117,4,2469.0600000000004,3,4,4,11,Champions
cust_008986,42,1,414.48,4,2,2,8,Loyal Customers
cust_008987,33,1,763.6,4,2,3,9,Loyal Customers
cust_008988,33,3,1804.48,4,4,4,12,Champions
cust_008989,323,4,2499.73,2,4,4,10,Champions
cust_008990,16,2,458.81000000000006,4,4,2,10,Champions
cust_008991,208,1,124.4,3,2,1,6,Potential Loyalists
cust_008992,407,2,190.14999999999998,2,4,1,7,Potential Loyalists
cust_008994,46,1,363.07,4,2,2,8,Loyal Customers
cust_008995,94,2,180.37,4,4,1,9,Loyal Customers
cust_008996,82,3,1317.6999999999998,4,4,3,11,Champions
cust_008997,675,1,2979.49,1,2,4,7,Potential Loyalists
cust_008998,322,4,2578.36,2,4,4,10,Champions
